futures/um/monthly/klines/0gusdt/1m/0GUSDT-1m-2025-09.csv
futures/um/monthly/klines/0gusdt/1m/0GUSDT-1m-2025-10.csv
futures/um/monthly/klines/0gusdt/1m/0GUSDT-1m-2025-11.csv
futures/um/monthly/klines/0gusdt/1m/0GUSDT-1m-2025-12.csv
futures/um/monthly/klines/0gusdt/1m/0GUSDT-1m-2026-01.csv
futures/um/monthly/klines/0gusdt/1m/0GUSDT-1m-2026-02.csv
futures/um/monthly/klines/0gusdt/1m/0GUSDT-1m-2026-03.csv
futures/um/monthly/klines/0gusdt/1m/0GUSDT-1m-2026-04.csv
futures/um/monthly/klines/0gusdt/1m/0GUSDT-1m-2026-05.csv
futures/um/monthly/klines/0gusdt/1m/0GUSDT-1m-2026-06.csv
futures/um/monthly/klines/0gusdt/1m/0GUSDT-1m-2026-07.csv
futures/um/monthly/klines/0gusdt/1m/0GUSDT-1m-2026-08.csv
futures/um/monthly/klines/1000000bobusdt/1m/1000000BOBUSDT-1m-2025-06.csv
futures/um/monthly/klines/1000000bobusdt/1m/1000000BOBUSDT-1m-2025-07.csv
futures/um/monthly/klines/1000000bobusdt/1m/1000000BOBUSDT-1m-2025-08.csv
futures/um/monthly/klines/1000000bobusdt/1m/1000000BOBUSDT-1m-2025-09.csv
futures/um/monthly/klines/1000000bobusdt/1m/1000000BOBUSDT-1m-2025-10.csv
futures/um/monthly/klines/1000000bobusdt/1m/1000000BOBUSDT-1m-2025-11.csv
futures/um/monthly/klines/1000000bobusdt/1m/1000000BOBUSDT-1m-2025-12.csv
futures/um/monthly/klines/1000000bobusdt/1m/1000000BOBUSDT-1m-2026-01.csv
futures/um/monthly/klines/1000000bobusdt/1m/1000000BOBUSDT-1m-2026-02.csv
futures/um/monthly/klines/1000000bobusdt/1m/1000000BOBUSDT-1m-2026-03.csv
futures/um/monthly/klines/1000000bobusdt/1m/1000000BOBUSDT-1m-2026-04.csv
futures/um/monthly/klines/1000000bobusdt/1m/1000000BOBUSDT-1m-2026-05.csv
futures/um/monthly/klines/1000000bobusdt/1m/1000000BOBUSDT-1m-2026-06.csv
futures/um/monthly/klines/1000000bobusdt/1m/1000000BOBUSDT-1m-2026-07.csv
futures/um/monthly/klines/1000000bobusdt/1m/1000000BOBUSDT-1m-2026-08.csv
futures/um/monthly/klines/1000000mogusdt/1m/1000000MOGUSDT-1m-2024-11.csv
futures/um/monthly/klines/1000000mogusdt/1m/1000000MOGUSDT-1m-2024-12.csv
futures/um/monthly/klines/1000000mogusdt/1m/1000000MOGUSDT-1m-2025-01.csv
futures/um/monthly/klines/1000000mogusdt/1m/1000000MOGUSDT-1m-2025-02.csv
futures/um/monthly/klines/1000000mogusdt/1m/1000000MOGUSDT-1m-2025-03.csv
futures/um/monthly/klines/1000000mogusdt/1m/1000000MOGUSDT-1m-2025-04.csv
futures/um/monthly/klines/1000000mogusdt/1m/1000000MOGUSDT-1m-2025-05.csv
futures/um/monthly/klines/1000000mogusdt/1m/1000000MOGUSDT-1m-2025-06.csv
futures/um/monthly/klines/1000000mogusdt/1m/1000000MOGUSDT-1m-2025-07.csv
futures/um/monthly/klines/1000000mogusdt/1m/1000000MOGUSDT-1m-2025-08.csv
futures/um/monthly/klines/1000000mogusdt/1m/1000000MOGUSDT-1m-2025-09.csv
futures/um/monthly/klines/1000000mogusdt/1m/1000000MOGUSDT-1m-2025-10.csv
futures/um/monthly/klines/1000000mogusdt/1m/1000000MOGUSDT-1m-2025-11.csv
futures/um/monthly/klines/1000000mogusdt/1m/1000000MOGUSDT-1m-2025-12.csv
futures/um/monthly/klines/1000000mogusdt/1m/1000000MOGUSDT-1m-2026-01.csv
futures/um/monthly/klines/1000000mogusdt/1m/1000000MOGUSDT-1m-2026-02.csv
futures/um/monthly/klines/1000000mogusdt/1m/1000000MOGUSDT-1m-2026-03.csv
futures/um/monthly/klines/1000000mogusdt/1m/1000000MOGUSDT-1m-2026-04.csv
futures/um/monthly/klines/1000000mogusdt/1m/1000000MOGUSDT-1m-2026-05.csv
futures/um/monthly/klines/1000000mogusdt/1m/1000000MOGUSDT-1m-2026-06.csv
futures/um/monthly/klines/1000000mogusdt/1m/1000000MOGUSDT-1m-2026-07.csv
futures/um/monthly/klines/1000000mogusdt/1m/1000000MOGUSDT-1m-2026-08.csv
futures/um/monthly/klines/1000bonkusdt/1m/1000BONKUSDT-1m-2023-11.csv
futures/um/monthly/klines/1000bonkusdt/1m/1000BONKUSDT-1m-2023-12.csv
futures/um/monthly/klines/1000bonkusdt/1m/1000BONKUSDT-1m-2024-01.csv
futures/um/monthly/klines/1000bonkusdt/1m/1000BONKUSDT-1m-2024-02.csv
futures/um/monthly/klines/1000bonkusdt/1m/1000BONKUSDT-1m-2024-03.csv
futures/um/monthly/klines/1000bonkusdt/1m/1000BONKUSDT-1m-2024-04.csv
futures/um/monthly/klines/1000bonkusdt/1m/1000BONKUSDT-1m-2024-05.csv
futures/um/monthly/klines/1000bonkusdt/1m/1000BONKUSDT-1m-2024-06.csv
futures/um/monthly/klines/1000bonkusdt/1m/1000BONKUSDT-1m-2024-07.csv
futures/um/monthly/klines/1000bonkusdt/1m/1000BONKUSDT-1m-2024-08.csv
futures/um/monthly/klines/1000bonkusdt/1m/1000BONKUSDT-1m-2024-09.csv
futures/um/monthly/klines/1000bonkusdt/1m/1000BONKUSDT-1m-2024-10.csv
futures/um/monthly/klines/1000bonkusdt/1m/1000BONKUSDT-1m-2024-11.csv
futures/um/monthly/klines/1000bonkusdt/1m/1000BONKUSDT-1m-2024-12.csv
futures/um/monthly/klines/1000bonkusdt/1m/1000BONKUSDT-1m-2025-01.csv
futures/um/monthly/klines/1000bonkusdt/1m/1000BONKUSDT-1m-2025-02.csv
futures/um/monthly/klines/1000bonkusdt/1m/1000BONKUSDT-1m-2025-03.csv
futures/um/monthly/klines/1000bonkusdt/1m/1000BONKUSDT-1m-2025-04.csv
futures/um/monthly/klines/1000bonkusdt/1m/1000BONKUSDT-1m-2025-05.csv
futures/um/monthly/klines/1000bonkusdt/1m/1000BONKUSDT-1m-2025-06.csv
futures/um/monthly/klines/1000bonkusdt/1m/1000BONKUSDT-1m-2025-07.csv
futures/um/monthly/klines/1000bonkusdt/1m/1000BONKUSDT-1m-2025-08.csv
futures/um/monthly/klines/1000bonkusdt/1m/1000BONKUSDT-1m-2025-09.csv
futures/um/monthly/klines/1000bonkusdt/1m/1000BONKUSDT-1m-2025-10.csv
futures/um/monthly/klines/1000bonkusdt/1m/1000BONKUSDT-1m-2025-11.csv
futures/um/monthly/klines/1000bonkusdt/1m/1000BONKUSDT-1m-2025-12.csv
futures/um/monthly/klines/1000bonkusdt/1m/1000BONKUSDT-1m-2026-01.csv
futures/um/monthly/klines/1000bonkusdt/1m/1000BONKUSDT-1m-2026-02.csv
futures/um/monthly/klines/1000bonkusdt/1m/1000BONKUSDT-1m-2026-03.csv
futures/um/monthly/klines/1000bonkusdt/1m/1000BONKUSDT-1m-2026-04.csv
futures/um/monthly/klines/1000bonkusdt/1m/1000BONKUSDT-1m-2026-05.csv
futures/um/monthly/klines/1000bonkusdt/1m/1000BONKUSDT-1m-2026-06.csv
futures/um/monthly/klines/1000bonkusdt/1m/1000BONKUSDT-1m-2026-07.csv
futures/um/monthly/klines/1000bonkusdt/1m/1000BONKUSDT-1m-2026-08.csv
futures/um/monthly/klines/1000catusdt/1m/1000CATUSDT-1m-2024-10.csv
futures/um/monthly/klines/1000catusdt/1m/1000CATUSDT-1m-2024-11.csv
futures/um/monthly/klines/1000catusdt/1m/1000CATUSDT-1m-2024-12.csv
futures/um/monthly/klines/1000catusdt/1m/1000CATUSDT-1m-2025-01.csv
futures/um/monthly/klines/1000catusdt/1m/1000CATUSDT-1m-2025-02.csv
futures/um/monthly/klines/1000catusdt/1m/1000CATUSDT-1m-2025-03.csv
futures/um/monthly/klines/1000catusdt/1m/1000CATUSDT-1m-2025-04.csv
futures/um/monthly/klines/1000catusdt/1m/1000CATUSDT-1m-2025-05.csv
futures/um/monthly/klines/1000catusdt/1m/1000CATUSDT-1m-2025-06.csv
futures/um/monthly/klines/1000catusdt/1m/1000CATUSDT-1m-2025-07.csv
futures/um/monthly/klines/1000catusdt/1m/1000CATUSDT-1m-2025-08.csv
futures/um/monthly/klines/1000catusdt/1m/1000CATUSDT-1m-2025-09.csv
futures/um/monthly/klines/1000catusdt/1m/1000CATUSDT-1m-2025-10.csv
futures/um/monthly/klines/1000catusdt/1m/1000CATUSDT-1m-2025-11.csv
futures/um/monthly/klines/1000catusdt/1m/1000CATUSDT-1m-2025-12.csv
futures/um/monthly/klines/1000catusdt/1m/1000CATUSDT-1m-2026-01.csv
futures/um/monthly/klines/1000catusdt/1m/1000CATUSDT-1m-2026-02.csv
futures/um/monthly/klines/1000catusdt/1m/1000CATUSDT-1m-2026-03.csv
futures/um/monthly/klines/1000catusdt/1m/1000CATUSDT-1m-2026-04.csv
futures/um/monthly/klines/1000catusdt/1m/1000CATUSDT-1m-2026-05.csv
futures/um/monthly/klines/1000catusdt/1m/1000CATUSDT-1m-2026-06.csv
futures/um/monthly/klines/1000catusdt/1m/1000CATUSDT-1m-2026-07.csv
futures/um/monthly/klines/1000catusdt/1m/1000CATUSDT-1m-2026-08.csv
futures/um/monthly/klines/1000cheemsusdt/1m/1000CHEEMSUSDT-1m-2024-11.csv
futures/um/monthly/klines/1000cheemsusdt/1m/1000CHEEMSUSDT-1m-2024-12.csv
futures/um/monthly/klines/1000cheemsusdt/1m/1000CHEEMSUSDT-1m-2025-01.csv
futures/um/monthly/klines/1000cheemsusdt/1m/1000CHEEMSUSDT-1m-2025-02.csv
futures/um/monthly/klines/1000cheemsusdt/1m/1000CHEEMSUSDT-1m-2025-03.csv
futures/um/monthly/klines/1000cheemsusdt/1m/1000CHEEMSUSDT-1m-2025-04.csv
futures/um/monthly/klines/1000cheemsusdt/1m/1000CHEEMSUSDT-1m-2025-05.csv
futures/um/monthly/klines/1000cheemsusdt/1m/1000CHEEMSUSDT-1m-2025-06.csv
futures/um/monthly/klines/1000cheemsusdt/1m/1000CHEEMSUSDT-1m-2025-07.csv
futures/um/monthly/klines/1000cheemsusdt/1m/1000CHEEMSUSDT-1m-2025-08.csv
futures/um/monthly/klines/1000cheemsusdt/1m/1000CHEEMSUSDT-1m-2025-09.csv
futures/um/monthly/klines/1000cheemsusdt/1m/1000CHEEMSUSDT-1m-2025-10.csv
futures/um/monthly/klines/1000cheemsusdt/1m/1000CHEEMSUSDT-1m-2025-11.csv
futures/um/monthly/klines/1000cheemsusdt/1m/1000CHEEMSUSDT-1m-2025-12.csv
futures/um/monthly/klines/1000cheemsusdt/1m/1000CHEEMSUSDT-1m-2026-01.csv
futures/um/monthly/klines/1000cheemsusdt/1m/1000CHEEMSUSDT-1m-2026-02.csv
futures/um/monthly/klines/1000cheemsusdt/1m/1000CHEEMSUSDT-1m-2026-03.csv
futures/um/monthly/klines/1000cheemsusdt/1m/1000CHEEMSUSDT-1m-2026-04.csv
futures/um/monthly/klines/1000cheemsusdt/1m/1000CHEEMSUSDT-1m-2026-05.csv
futures/um/monthly/klines/1000cheemsusdt/1m/1000CHEEMSUSDT-1m-2026-06.csv
futures/um/monthly/klines/1000cheemsusdt/1m/1000CHEEMSUSDT-1m-2026-07.csv
futures/um/monthly/klines/1000cheemsusdt/1m/1000CHEEMSUSDT-1m-2026-08.csv
futures/um/monthly/klines/1000flokiusdt/1m/1000FLOKIUSDT-1m-2023-05.csv
futures/um/monthly/klines/1000flokiusdt/1m/1000FLOKIUSDT-1m-2023-06.csv
futures/um/monthly/klines/1000flokiusdt/1m/1000FLOKIUSDT-1m-2023-07.csv
futures/um/monthly/klines/1000flokiusdt/1m/1000FLOKIUSDT-1m-2023-08.csv
futures/um/monthly/klines/1000flokiusdt/1m/1000FLOKIUSDT-1m-2023-09.csv
futures/um/monthly/klines/1000flokiusdt/1m/1000FLOKIUSDT-1m-2023-10.csv
futures/um/monthly/klines/1000flokiusdt/1m/1000FLOKIUSDT-1m-2023-11.csv
futures/um/monthly/klines/1000flokiusdt/1m/1000FLOKIUSDT-1m-2023-12.csv
futures/um/monthly/klines/1000flokiusdt/1m/1000FLOKIUSDT-1m-2024-01.csv
futures/um/monthly/klines/1000flokiusdt/1m/1000FLOKIUSDT-1m-2024-02.csv
futures/um/monthly/klines/1000flokiusdt/1m/1000FLOKIUSDT-1m-2024-03.csv
futures/um/monthly/klines/1000flokiusdt/1m/1000FLOKIUSDT-1m-2024-04.csv
futures/um/monthly/klines/1000flokiusdt/1m/1000FLOKIUSDT-1m-2024-05.csv
futures/um/monthly/klines/1000flokiusdt/1m/1000FLOKIUSDT-1m-2024-06.csv
futures/um/monthly/klines/1000flokiusdt/1m/1000FLOKIUSDT-1m-2024-07.csv
futures/um/monthly/klines/1000flokiusdt/1m/1000FLOKIUSDT-1m-2024-08.csv
futures/um/monthly/klines/1000flokiusdt/1m/1000FLOKIUSDT-1m-2024-09.csv
futures/um/monthly/klines/1000flokiusdt/1m/1000FLOKIUSDT-1m-2024-10.csv
futures/um/monthly/klines/1000flokiusdt/1m/1000FLOKIUSDT-1m-2024-11.csv
futures/um/monthly/klines/1000flokiusdt/1m/1000FLOKIUSDT-1m-2024-12.csv
futures/um/monthly/klines/1000flokiusdt/1m/1000FLOKIUSDT-1m-2025-01.csv
futures/um/monthly/klines/1000flokiusdt/1m/1000FLOKIUSDT-1m-2025-02.csv
futures/um/monthly/klines/1000flokiusdt/1m/1000FLOKIUSDT-1m-2025-03.csv
futures/um/monthly/klines/1000flokiusdt/1m/1000FLOKIUSDT-1m-2025-04.csv
futures/um/monthly/klines/1000flokiusdt/1m/1000FLOKIUSDT-1m-2025-05.csv
futures/um/monthly/klines/1000flokiusdt/1m/1000FLOKIUSDT-1m-2025-06.csv
futures/um/monthly/klines/1000flokiusdt/1m/1000FLOKIUSDT-1m-2025-07.csv
futures/um/monthly/klines/1000flokiusdt/1m/1000FLOKIUSDT-1m-2025-08.csv
futures/um/monthly/klines/1000flokiusdt/1m/1000FLOKIUSDT-1m-2025-09.csv
futures/um/monthly/klines/1000flokiusdt/1m/1000FLOKIUSDT-1m-2025-10.csv
futures/um/monthly/klines/1000flokiusdt/1m/1000FLOKIUSDT-1m-2025-11.csv
futures/um/monthly/klines/1000flokiusdt/1m/1000FLOKIUSDT-1m-2025-12.csv
futures/um/monthly/klines/1000flokiusdt/1m/1000FLOKIUSDT-1m-2026-01.csv
futures/um/monthly/klines/1000flokiusdt/1m/1000FLOKIUSDT-1m-2026-02.csv
futures/um/monthly/klines/1000flokiusdt/1m/1000FLOKIUSDT-1m-2026-03.csv
futures/um/monthly/klines/1000flokiusdt/1m/1000FLOKIUSDT-1m-2026-04.csv
futures/um/monthly/klines/1000flokiusdt/1m/1000FLOKIUSDT-1m-2026-05.csv
futures/um/monthly/klines/1000flokiusdt/1m/1000FLOKIUSDT-1m-2026-06.csv
futures/um/monthly/klines/1000flokiusdt/1m/1000FLOKIUSDT-1m-2026-07.csv
futures/um/monthly/klines/1000flokiusdt/1m/1000FLOKIUSDT-1m-2026-08.csv
futures/um/monthly/klines/1000luncusdt/1m/1000LUNCUSDT-1m-2022-09.csv
futures/um/monthly/klines/1000luncusdt/1m/1000LUNCUSDT-1m-2022-10.csv
futures/um/monthly/klines/1000luncusdt/1m/1000LUNCUSDT-1m-2022-11.csv
futures/um/monthly/klines/1000luncusdt/1m/1000LUNCUSDT-1m-2022-12.csv
futures/um/monthly/klines/1000luncusdt/1m/1000LUNCUSDT-1m-2023-01.csv
futures/um/monthly/klines/1000luncusdt/1m/1000LUNCUSDT-1m-2023-02.csv
futures/um/monthly/klines/1000luncusdt/1m/1000LUNCUSDT-1m-2023-03.csv
futures/um/monthly/klines/1000luncusdt/1m/1000LUNCUSDT-1m-2023-04.csv
futures/um/monthly/klines/1000luncusdt/1m/1000LUNCUSDT-1m-2023-05.csv
futures/um/monthly/klines/1000luncusdt/1m/1000LUNCUSDT-1m-2023-06.csv
futures/um/monthly/klines/1000luncusdt/1m/1000LUNCUSDT-1m-2023-07.csv
futures/um/monthly/klines/1000luncusdt/1m/1000LUNCUSDT-1m-2023-08.csv
futures/um/monthly/klines/1000luncusdt/1m/1000LUNCUSDT-1m-2023-09.csv
futures/um/monthly/klines/1000luncusdt/1m/1000LUNCUSDT-1m-2023-10.csv
futures/um/monthly/klines/1000luncusdt/1m/1000LUNCUSDT-1m-2023-11.csv
futures/um/monthly/klines/1000luncusdt/1m/1000LUNCUSDT-1m-2023-12.csv
futures/um/monthly/klines/1000luncusdt/1m/1000LUNCUSDT-1m-2024-01.csv
futures/um/monthly/klines/1000luncusdt/1m/1000LUNCUSDT-1m-2024-02.csv
futures/um/monthly/klines/1000luncusdt/1m/1000LUNCUSDT-1m-2024-03.csv
futures/um/monthly/klines/1000luncusdt/1m/1000LUNCUSDT-1m-2024-04.csv
futures/um/monthly/klines/1000luncusdt/1m/1000LUNCUSDT-1m-2024-05.csv
futures/um/monthly/klines/1000luncusdt/1m/1000LUNCUSDT-1m-2024-06.csv
futures/um/monthly/klines/1000luncusdt/1m/1000LUNCUSDT-1m-2024-07.csv
futures/um/monthly/klines/1000luncusdt/1m/1000LUNCUSDT-1m-2024-08.csv
futures/um/monthly/klines/1000luncusdt/1m/1000LUNCUSDT-1m-2024-09.csv
futures/um/monthly/klines/1000luncusdt/1m/1000LUNCUSDT-1m-2024-10.csv
futures/um/monthly/klines/1000luncusdt/1m/1000LUNCUSDT-1m-2024-11.csv
futures/um/monthly/klines/1000luncusdt/1m/1000LUNCUSDT-1m-2024-12.csv
futures/um/monthly/klines/1000luncusdt/1m/1000LUNCUSDT-1m-2025-01.csv
futures/um/monthly/klines/1000luncusdt/1m/1000LUNCUSDT-1m-2025-02.csv
futures/um/monthly/klines/1000luncusdt/1m/1000LUNCUSDT-1m-2025-03.csv
futures/um/monthly/klines/1000luncusdt/1m/1000LUNCUSDT-1m-2025-04.csv
futures/um/monthly/klines/1000luncusdt/1m/1000LUNCUSDT-1m-2025-05.csv
futures/um/monthly/klines/1000luncusdt/1m/1000LUNCUSDT-1m-2025-06.csv
futures/um/monthly/klines/1000luncusdt/1m/1000LUNCUSDT-1m-2025-07.csv
futures/um/monthly/klines/1000luncusdt/1m/1000LUNCUSDT-1m-2025-08.csv
futures/um/monthly/klines/1000luncusdt/1m/1000LUNCUSDT-1m-2025-09.csv
futures/um/monthly/klines/1000luncusdt/1m/1000LUNCUSDT-1m-2025-10.csv
futures/um/monthly/klines/1000luncusdt/1m/1000LUNCUSDT-1m-2025-11.csv
futures/um/monthly/klines/1000luncusdt/1m/1000LUNCUSDT-1m-2025-12.csv
futures/um/monthly/klines/1000luncusdt/1m/1000LUNCUSDT-1m-2026-01.csv
futures/um/monthly/klines/1000luncusdt/1m/1000LUNCUSDT-1m-2026-02.csv
futures/um/monthly/klines/1000luncusdt/1m/1000LUNCUSDT-1m-2026-03.csv
futures/um/monthly/klines/1000luncusdt/1m/1000LUNCUSDT-1m-2026-04.csv
futures/um/monthly/klines/1000luncusdt/1m/1000LUNCUSDT-1m-2026-05.csv
futures/um/monthly/klines/1000luncusdt/1m/1000LUNCUSDT-1m-2026-06.csv
futures/um/monthly/klines/1000luncusdt/1m/1000LUNCUSDT-1m-2026-07.csv
futures/um/monthly/klines/1000luncusdt/1m/1000LUNCUSDT-1m-2026-08.csv
futures/um/monthly/klines/1000pepeusdt/1m/1000PEPEUSDT-1m-2023-05.csv
futures/um/monthly/klines/1000pepeusdt/1m/1000PEPEUSDT-1m-2023-06.csv
futures/um/monthly/klines/1000pepeusdt/1m/1000PEPEUSDT-1m-2023-07.csv
futures/um/monthly/klines/1000pepeusdt/1m/1000PEPEUSDT-1m-2023-08.csv
futures/um/monthly/klines/1000pepeusdt/1m/1000PEPEUSDT-1m-2023-09.csv
futures/um/monthly/klines/1000pepeusdt/1m/1000PEPEUSDT-1m-2023-10.csv
futures/um/monthly/klines/1000pepeusdt/1m/1000PEPEUSDT-1m-2023-11.csv
futures/um/monthly/klines/1000pepeusdt/1m/1000PEPEUSDT-1m-2023-12.csv
futures/um/monthly/klines/1000pepeusdt/1m/1000PEPEUSDT-1m-2024-01.csv
futures/um/monthly/klines/1000pepeusdt/1m/1000PEPEUSDT-1m-2024-02.csv
futures/um/monthly/klines/1000pepeusdt/1m/1000PEPEUSDT-1m-2024-03.csv
futures/um/monthly/klines/1000pepeusdt/1m/1000PEPEUSDT-1m-2024-04.csv
futures/um/monthly/klines/1000pepeusdt/1m/1000PEPEUSDT-1m-2024-05.csv
futures/um/monthly/klines/1000pepeusdt/1m/1000PEPEUSDT-1m-2024-06.csv
futures/um/monthly/klines/1000pepeusdt/1m/1000PEPEUSDT-1m-2024-07.csv
futures/um/monthly/klines/1000pepeusdt/1m/1000PEPEUSDT-1m-2024-08.csv
futures/um/monthly/klines/1000pepeusdt/1m/1000PEPEUSDT-1m-2024-09.csv
futures/um/monthly/klines/1000pepeusdt/1m/1000PEPEUSDT-1m-2024-10.csv
futures/um/monthly/klines/1000pepeusdt/1m/1000PEPEUSDT-1m-2024-11.csv
futures/um/monthly/klines/1000pepeusdt/1m/1000PEPEUSDT-1m-2024-12.csv
futures/um/monthly/klines/1000pepeusdt/1m/1000PEPEUSDT-1m-2025-01.csv
futures/um/monthly/klines/1000pepeusdt/1m/1000PEPEUSDT-1m-2025-02.csv
futures/um/monthly/klines/1000pepeusdt/1m/1000PEPEUSDT-1m-2025-03.csv
futures/um/monthly/klines/1000pepeusdt/1m/1000PEPEUSDT-1m-2025-04.csv
futures/um/monthly/klines/1000pepeusdt/1m/1000PEPEUSDT-1m-2025-05.csv
futures/um/monthly/klines/1000pepeusdt/1m/1000PEPEUSDT-1m-2025-06.csv
futures/um/monthly/klines/1000pepeusdt/1m/1000PEPEUSDT-1m-2025-07.csv
futures/um/monthly/klines/1000pepeusdt/1m/1000PEPEUSDT-1m-2025-08.csv
futures/um/monthly/klines/1000pepeusdt/1m/1000PEPEUSDT-1m-2025-09.csv
futures/um/monthly/klines/1000pepeusdt/1m/1000PEPEUSDT-1m-2025-10.csv
futures/um/monthly/klines/1000pepeusdt/1m/1000PEPEUSDT-1m-2025-11.csv
futures/um/monthly/klines/1000pepeusdt/1m/1000PEPEUSDT-1m-2025-12.csv
futures/um/monthly/klines/1000pepeusdt/1m/1000PEPEUSDT-1m-2026-01.csv
futures/um/monthly/klines/1000pepeusdt/1m/1000PEPEUSDT-1m-2026-02.csv
futures/um/monthly/klines/1000pepeusdt/1m/1000PEPEUSDT-1m-2026-03.csv
futures/um/monthly/klines/1000pepeusdt/1m/1000PEPEUSDT-1m-2026-04.csv
futures/um/monthly/klines/1000pepeusdt/1m/1000PEPEUSDT-1m-2026-05.csv
futures/um/monthly/klines/1000pepeusdt/1m/1000PEPEUSDT-1m-2026-06.csv
futures/um/monthly/klines/1000pepeusdt/1m/1000PEPEUSDT-1m-2026-07.csv
futures/um/monthly/klines/1000pepeusdt/1m/1000PEPEUSDT-1m-2026-08.csv
futures/um/monthly/klines/1000ratsusdt/1m/1000RATSUSDT-1m-2023-12.csv
futures/um/monthly/klines/1000ratsusdt/1m/1000RATSUSDT-1m-2024-01.csv
futures/um/monthly/klines/1000ratsusdt/1m/1000RATSUSDT-1m-2024-02.csv
futures/um/monthly/klines/1000ratsusdt/1m/1000RATSUSDT-1m-2024-03.csv
futures/um/monthly/klines/1000ratsusdt/1m/1000RATSUSDT-1m-2024-04.csv
futures/um/monthly/klines/1000ratsusdt/1m/1000RATSUSDT-1m-2024-05.csv
futures/um/monthly/klines/1000ratsusdt/1m/1000RATSUSDT-1m-2024-06.csv
futures/um/monthly/klines/1000ratsusdt/1m/1000RATSUSDT-1m-2024-07.csv
futures/um/monthly/klines/1000ratsusdt/1m/1000RATSUSDT-1m-2024-08.csv
futures/um/monthly/klines/1000ratsusdt/1m/1000RATSUSDT-1m-2024-09.csv
futures/um/monthly/klines/1000ratsusdt/1m/1000RATSUSDT-1m-2024-10.csv
futures/um/monthly/klines/1000ratsusdt/1m/1000RATSUSDT-1m-2024-11.csv
futures/um/monthly/klines/1000ratsusdt/1m/1000RATSUSDT-1m-2024-12.csv
futures/um/monthly/klines/1000ratsusdt/1m/1000RATSUSDT-1m-2025-01.csv
futures/um/monthly/klines/1000ratsusdt/1m/1000RATSUSDT-1m-2025-02.csv
futures/um/monthly/klines/1000ratsusdt/1m/1000RATSUSDT-1m-2025-03.csv
futures/um/monthly/klines/1000ratsusdt/1m/1000RATSUSDT-1m-2025-04.csv
futures/um/monthly/klines/1000ratsusdt/1m/1000RATSUSDT-1m-2025-05.csv
futures/um/monthly/klines/1000ratsusdt/1m/1000RATSUSDT-1m-2025-06.csv
futures/um/monthly/klines/1000ratsusdt/1m/1000RATSUSDT-1m-2025-07.csv
futures/um/monthly/klines/1000ratsusdt/1m/1000RATSUSDT-1m-2025-08.csv
futures/um/monthly/klines/1000ratsusdt/1m/1000RATSUSDT-1m-2025-09.csv
futures/um/monthly/klines/1000ratsusdt/1m/1000RATSUSDT-1m-2025-10.csv
futures/um/monthly/klines/1000ratsusdt/1m/1000RATSUSDT-1m-2025-11.csv
futures/um/monthly/klines/1000ratsusdt/1m/1000RATSUSDT-1m-2025-12.csv
futures/um/monthly/klines/1000ratsusdt/1m/1000RATSUSDT-1m-2026-01.csv
futures/um/monthly/klines/1000ratsusdt/1m/1000RATSUSDT-1m-2026-02.csv
futures/um/monthly/klines/1000ratsusdt/1m/1000RATSUSDT-1m-2026-03.csv
futures/um/monthly/klines/1000ratsusdt/1m/1000RATSUSDT-1m-2026-04.csv
futures/um/monthly/klines/1000ratsusdt/1m/1000RATSUSDT-1m-2026-05.csv
futures/um/monthly/klines/1000ratsusdt/1m/1000RATSUSDT-1m-2026-06.csv
futures/um/monthly/klines/1000ratsusdt/1m/1000RATSUSDT-1m-2026-07.csv
futures/um/monthly/klines/1000ratsusdt/1m/1000RATSUSDT-1m-2026-08.csv
futures/um/monthly/klines/1000satsusdt/1m/1000SATSUSDT-1m-2023-12.csv
futures/um/monthly/klines/1000satsusdt/1m/1000SATSUSDT-1m-2024-01.csv
futures/um/monthly/klines/1000satsusdt/1m/1000SATSUSDT-1m-2024-02.csv
futures/um/monthly/klines/1000satsusdt/1m/1000SATSUSDT-1m-2024-03.csv
futures/um/monthly/klines/1000satsusdt/1m/1000SATSUSDT-1m-2024-04.csv
futures/um/monthly/klines/1000satsusdt/1m/1000SATSUSDT-1m-2024-05.csv
futures/um/monthly/klines/1000satsusdt/1m/1000SATSUSDT-1m-2024-06.csv
futures/um/monthly/klines/1000satsusdt/1m/1000SATSUSDT-1m-2024-07.csv
futures/um/monthly/klines/1000satsusdt/1m/1000SATSUSDT-1m-2024-08.csv
futures/um/monthly/klines/1000satsusdt/1m/1000SATSUSDT-1m-2024-09.csv
futures/um/monthly/klines/1000satsusdt/1m/1000SATSUSDT-1m-2024-10.csv
futures/um/monthly/klines/1000satsusdt/1m/1000SATSUSDT-1m-2024-11.csv
futures/um/monthly/klines/1000satsusdt/1m/1000SATSUSDT-1m-2024-12.csv
futures/um/monthly/klines/1000satsusdt/1m/1000SATSUSDT-1m-2025-01.csv
futures/um/monthly/klines/1000satsusdt/1m/1000SATSUSDT-1m-2025-02.csv
futures/um/monthly/klines/1000satsusdt/1m/1000SATSUSDT-1m-2025-03.csv
futures/um/monthly/klines/1000satsusdt/1m/1000SATSUSDT-1m-2025-04.csv
futures/um/monthly/klines/1000satsusdt/1m/1000SATSUSDT-1m-2025-05.csv
futures/um/monthly/klines/1000satsusdt/1m/1000SATSUSDT-1m-2025-06.csv
futures/um/monthly/klines/1000satsusdt/1m/1000SATSUSDT-1m-2025-07.csv
futures/um/monthly/klines/1000satsusdt/1m/1000SATSUSDT-1m-2025-08.csv
futures/um/monthly/klines/1000satsusdt/1m/1000SATSUSDT-1m-2025-09.csv
futures/um/monthly/klines/1000satsusdt/1m/1000SATSUSDT-1m-2025-10.csv
futures/um/monthly/klines/1000satsusdt/1m/1000SATSUSDT-1m-2025-11.csv
futures/um/monthly/klines/1000satsusdt/1m/1000SATSUSDT-1m-2025-12.csv
futures/um/monthly/klines/1000satsusdt/1m/1000SATSUSDT-1m-2026-01.csv
futures/um/monthly/klines/1000satsusdt/1m/1000SATSUSDT-1m-2026-02.csv
futures/um/monthly/klines/1000satsusdt/1m/1000SATSUSDT-1m-2026-03.csv
futures/um/monthly/klines/1000satsusdt/1m/1000SATSUSDT-1m-2026-04.csv
futures/um/monthly/klines/1000satsusdt/1m/1000SATSUSDT-1m-2026-05.csv
futures/um/monthly/klines/1000satsusdt/1m/1000SATSUSDT-1m-2026-06.csv
futures/um/monthly/klines/1000satsusdt/1m/1000SATSUSDT-1m-2026-07.csv
futures/um/monthly/klines/1000satsusdt/1m/1000SATSUSDT-1m-2026-08.csv
futures/um/monthly/klines/1000shibusdt/1m/1000SHIBUSDT-1m-2021-05.csv
futures/um/monthly/klines/1000shibusdt/1m/1000SHIBUSDT-1m-2021-06.csv
futures/um/monthly/klines/1000shibusdt/1m/1000SHIBUSDT-1m-2021-07.csv
futures/um/monthly/klines/1000shibusdt/1m/1000SHIBUSDT-1m-2021-08.csv
futures/um/monthly/klines/1000shibusdt/1m/1000SHIBUSDT-1m-2021-09.csv
futures/um/monthly/klines/1000shibusdt/1m/1000SHIBUSDT-1m-2021-10.csv
futures/um/monthly/klines/1000shibusdt/1m/1000SHIBUSDT-1m-2021-11.csv
futures/um/monthly/klines/1000shibusdt/1m/1000SHIBUSDT-1m-2021-12.csv
futures/um/monthly/klines/1000shibusdt/1m/1000SHIBUSDT-1m-2022-01.csv
futures/um/monthly/klines/1000shibusdt/1m/1000SHIBUSDT-1m-2022-02.csv
futures/um/monthly/klines/1000shibusdt/1m/1000SHIBUSDT-1m-2022-03.csv
futures/um/monthly/klines/1000shibusdt/1m/1000SHIBUSDT-1m-2022-04.csv
futures/um/monthly/klines/1000shibusdt/1m/1000SHIBUSDT-1m-2022-05.csv
futures/um/monthly/klines/1000shibusdt/1m/1000SHIBUSDT-1m-2022-06.csv
futures/um/monthly/klines/1000shibusdt/1m/1000SHIBUSDT-1m-2022-07.csv
futures/um/monthly/klines/1000shibusdt/1m/1000SHIBUSDT-1m-2022-08.csv
futures/um/monthly/klines/1000shibusdt/1m/1000SHIBUSDT-1m-2022-09.csv
futures/um/monthly/klines/1000shibusdt/1m/1000SHIBUSDT-1m-2022-10.csv
futures/um/monthly/klines/1000shibusdt/1m/1000SHIBUSDT-1m-2022-11.csv
futures/um/monthly/klines/1000shibusdt/1m/1000SHIBUSDT-1m-2022-12.csv
futures/um/monthly/klines/1000shibusdt/1m/1000SHIBUSDT-1m-2023-01.csv
futures/um/monthly/klines/1000shibusdt/1m/1000SHIBUSDT-1m-2023-02.csv
futures/um/monthly/klines/1000shibusdt/1m/1000SHIBUSDT-1m-2023-03.csv
futures/um/monthly/klines/1000shibusdt/1m/1000SHIBUSDT-1m-2023-04.csv
futures/um/monthly/klines/1000shibusdt/1m/1000SHIBUSDT-1m-2023-05.csv
futures/um/monthly/klines/1000shibusdt/1m/1000SHIBUSDT-1m-2023-06.csv
futures/um/monthly/klines/1000shibusdt/1m/1000SHIBUSDT-1m-2023-07.csv
futures/um/monthly/klines/1000shibusdt/1m/1000SHIBUSDT-1m-2023-08.csv
futures/um/monthly/klines/1000shibusdt/1m/1000SHIBUSDT-1m-2023-09.csv
futures/um/monthly/klines/1000shibusdt/1m/1000SHIBUSDT-1m-2023-10.csv
futures/um/monthly/klines/1000shibusdt/1m/1000SHIBUSDT-1m-2023-11.csv
futures/um/monthly/klines/1000shibusdt/1m/1000SHIBUSDT-1m-2023-12.csv
futures/um/monthly/klines/1000shibusdt/1m/1000SHIBUSDT-1m-2024-01.csv
futures/um/monthly/klines/1000shibusdt/1m/1000SHIBUSDT-1m-2024-02.csv
futures/um/monthly/klines/1000shibusdt/1m/1000SHIBUSDT-1m-2024-03.csv
futures/um/monthly/klines/1000shibusdt/1m/1000SHIBUSDT-1m-2024-04.csv
futures/um/monthly/klines/1000shibusdt/1m/1000SHIBUSDT-1m-2024-05.csv
futures/um/monthly/klines/1000shibusdt/1m/1000SHIBUSDT-1m-2024-06.csv
futures/um/monthly/klines/1000shibusdt/1m/1000SHIBUSDT-1m-2024-07.csv
futures/um/monthly/klines/1000shibusdt/1m/1000SHIBUSDT-1m-2024-08.csv
futures/um/monthly/klines/1000shibusdt/1m/1000SHIBUSDT-1m-2024-09.csv
futures/um/monthly/klines/1000shibusdt/1m/1000SHIBUSDT-1m-2024-10.csv
futures/um/monthly/klines/1000shibusdt/1m/1000SHIBUSDT-1m-2024-11.csv
futures/um/monthly/klines/1000shibusdt/1m/1000SHIBUSDT-1m-2024-12.csv
futures/um/monthly/klines/1000shibusdt/1m/1000SHIBUSDT-1m-2025-01.csv
futures/um/monthly/klines/1000shibusdt/1m/1000SHIBUSDT-1m-2025-02.csv
futures/um/monthly/klines/1000shibusdt/1m/1000SHIBUSDT-1m-2025-03.csv
futures/um/monthly/klines/1000shibusdt/1m/1000SHIBUSDT-1m-2025-04.csv
futures/um/monthly/klines/1000shibusdt/1m/1000SHIBUSDT-1m-2025-05.csv
futures/um/monthly/klines/1000shibusdt/1m/1000SHIBUSDT-1m-2025-06.csv
futures/um/monthly/klines/1000shibusdt/1m/1000SHIBUSDT-1m-2025-07.csv
futures/um/monthly/klines/1000shibusdt/1m/1000SHIBUSDT-1m-2025-08.csv
futures/um/monthly/klines/1000shibusdt/1m/1000SHIBUSDT-1m-2025-09.csv
futures/um/monthly/klines/1000shibusdt/1m/1000SHIBUSDT-1m-2025-10.csv
futures/um/monthly/klines/1000shibusdt/1m/1000SHIBUSDT-1m-2025-11.csv
futures/um/monthly/klines/1000shibusdt/1m/1000SHIBUSDT-1m-2025-12.csv
futures/um/monthly/klines/1000shibusdt/1m/1000SHIBUSDT-1m-2026-01.csv
futures/um/monthly/klines/1000shibusdt/1m/1000SHIBUSDT-1m-2026-02.csv
futures/um/monthly/klines/1000shibusdt/1m/1000SHIBUSDT-1m-2026-03.csv
futures/um/monthly/klines/1000shibusdt/1m/1000SHIBUSDT-1m-2026-04.csv
futures/um/monthly/klines/1000shibusdt/1m/1000SHIBUSDT-1m-2026-05.csv
futures/um/monthly/klines/1000shibusdt/1m/1000SHIBUSDT-1m-2026-06.csv
futures/um/monthly/klines/1000shibusdt/1m/1000SHIBUSDT-1m-2026-07.csv
futures/um/monthly/klines/1000shibusdt/1m/1000SHIBUSDT-1m-2026-08.csv
futures/um/monthly/klines/1000xecusdt/1m/1000XECUSDT-1m-2021-09.csv
futures/um/monthly/klines/1000xecusdt/1m/1000XECUSDT-1m-2021-10.csv
futures/um/monthly/klines/1000xecusdt/1m/1000XECUSDT-1m-2021-11.csv
futures/um/monthly/klines/1000xecusdt/1m/1000XECUSDT-1m-2021-12.csv
futures/um/monthly/klines/1000xecusdt/1m/1000XECUSDT-1m-2022-01.csv
futures/um/monthly/klines/1000xecusdt/1m/1000XECUSDT-1m-2022-02.csv
futures/um/monthly/klines/1000xecusdt/1m/1000XECUSDT-1m-2022-03.csv
futures/um/monthly/klines/1000xecusdt/1m/1000XECUSDT-1m-2022-04.csv
futures/um/monthly/klines/1000xecusdt/1m/1000XECUSDT-1m-2022-05.csv
futures/um/monthly/klines/1000xecusdt/1m/1000XECUSDT-1m-2022-06.csv
futures/um/monthly/klines/1000xecusdt/1m/1000XECUSDT-1m-2022-07.csv
futures/um/monthly/klines/1000xecusdt/1m/1000XECUSDT-1m-2022-08.csv
futures/um/monthly/klines/1000xecusdt/1m/1000XECUSDT-1m-2022-09.csv
futures/um/monthly/klines/1000xecusdt/1m/1000XECUSDT-1m-2022-10.csv
futures/um/monthly/klines/1000xecusdt/1m/1000XECUSDT-1m-2022-11.csv
futures/um/monthly/klines/1000xecusdt/1m/1000XECUSDT-1m-2022-12.csv
futures/um/monthly/klines/1000xecusdt/1m/1000XECUSDT-1m-2023-01.csv
futures/um/monthly/klines/1000xecusdt/1m/1000XECUSDT-1m-2023-02.csv
futures/um/monthly/klines/1000xecusdt/1m/1000XECUSDT-1m-2023-03.csv
futures/um/monthly/klines/1000xecusdt/1m/1000XECUSDT-1m-2023-04.csv
futures/um/monthly/klines/1000xecusdt/1m/1000XECUSDT-1m-2023-05.csv
futures/um/monthly/klines/1000xecusdt/1m/1000XECUSDT-1m-2023-06.csv
futures/um/monthly/klines/1000xecusdt/1m/1000XECUSDT-1m-2023-07.csv
futures/um/monthly/klines/1000xecusdt/1m/1000XECUSDT-1m-2023-08.csv
futures/um/monthly/klines/1000xecusdt/1m/1000XECUSDT-1m-2023-09.csv
futures/um/monthly/klines/1000xecusdt/1m/1000XECUSDT-1m-2023-10.csv
futures/um/monthly/klines/1000xecusdt/1m/1000XECUSDT-1m-2023-11.csv
futures/um/monthly/klines/1000xecusdt/1m/1000XECUSDT-1m-2023-12.csv
futures/um/monthly/klines/1000xecusdt/1m/1000XECUSDT-1m-2024-01.csv
futures/um/monthly/klines/1000xecusdt/1m/1000XECUSDT-1m-2024-02.csv
futures/um/monthly/klines/1000xecusdt/1m/1000XECUSDT-1m-2024-03.csv
futures/um/monthly/klines/1000xecusdt/1m/1000XECUSDT-1m-2024-04.csv
futures/um/monthly/klines/1000xecusdt/1m/1000XECUSDT-1m-2024-05.csv
futures/um/monthly/klines/1000xecusdt/1m/1000XECUSDT-1m-2024-06.csv
futures/um/monthly/klines/1000xecusdt/1m/1000XECUSDT-1m-2024-07.csv
futures/um/monthly/klines/1000xecusdt/1m/1000XECUSDT-1m-2024-08.csv
futures/um/monthly/klines/1000xecusdt/1m/1000XECUSDT-1m-2024-09.csv
futures/um/monthly/klines/1000xecusdt/1m/1000XECUSDT-1m-2024-10.csv
futures/um/monthly/klines/1000xecusdt/1m/1000XECUSDT-1m-2024-11.csv
futures/um/monthly/klines/1000xecusdt/1m/1000XECUSDT-1m-2024-12.csv
futures/um/monthly/klines/1000xecusdt/1m/1000XECUSDT-1m-2025-01.csv
futures/um/monthly/klines/1000xecusdt/1m/1000XECUSDT-1m-2025-02.csv
futures/um/monthly/klines/1000xecusdt/1m/1000XECUSDT-1m-2025-03.csv
futures/um/monthly/klines/1000xecusdt/1m/1000XECUSDT-1m-2025-04.csv
futures/um/monthly/klines/1000xecusdt/1m/1000XECUSDT-1m-2025-05.csv
futures/um/monthly/klines/1000xecusdt/1m/1000XECUSDT-1m-2025-06.csv
futures/um/monthly/klines/1000xecusdt/1m/1000XECUSDT-1m-2025-07.csv
futures/um/monthly/klines/1000xecusdt/1m/1000XECUSDT-1m-2025-08.csv
futures/um/monthly/klines/1000xecusdt/1m/1000XECUSDT-1m-2025-09.csv
futures/um/monthly/klines/1000xecusdt/1m/1000XECUSDT-1m-2025-10.csv
futures/um/monthly/klines/1000xecusdt/1m/1000XECUSDT-1m-2025-11.csv
futures/um/monthly/klines/1000xecusdt/1m/1000XECUSDT-1m-2025-12.csv
futures/um/monthly/klines/1000xecusdt/1m/1000XECUSDT-1m-2026-01.csv
futures/um/monthly/klines/1000xecusdt/1m/1000XECUSDT-1m-2026-02.csv
futures/um/monthly/klines/1000xecusdt/1m/1000XECUSDT-1m-2026-03.csv
futures/um/monthly/klines/1000xecusdt/1m/1000XECUSDT-1m-2026-04.csv
futures/um/monthly/klines/1000xecusdt/1m/1000XECUSDT-1m-2026-05.csv
futures/um/monthly/klines/1000xecusdt/1m/1000XECUSDT-1m-2026-06.csv
futures/um/monthly/klines/1000xecusdt/1m/1000XECUSDT-1m-2026-07.csv
futures/um/monthly/klines/1000xecusdt/1m/1000XECUSDT-1m-2026-08.csv
futures/um/monthly/klines/1inchusdt/1m/1INCHUSDT-1m-2020-12.csv
futures/um/monthly/klines/1inchusdt/1m/1INCHUSDT-1m-2021-01.csv
futures/um/monthly/klines/1inchusdt/1m/1INCHUSDT-1m-2021-02.csv
futures/um/monthly/klines/1inchusdt/1m/1INCHUSDT-1m-2021-03.csv
futures/um/monthly/klines/1inchusdt/1m/1INCHUSDT-1m-2021-04.csv
futures/um/monthly/klines/1inchusdt/1m/1INCHUSDT-1m-2021-05.csv
futures/um/monthly/klines/1inchusdt/1m/1INCHUSDT-1m-2021-06.csv
futures/um/monthly/klines/1inchusdt/1m/1INCHUSDT-1m-2021-07.csv
futures/um/monthly/klines/1inchusdt/1m/1INCHUSDT-1m-2021-08.csv
futures/um/monthly/klines/1inchusdt/1m/1INCHUSDT-1m-2021-09.csv
futures/um/monthly/klines/1inchusdt/1m/1INCHUSDT-1m-2021-10.csv
futures/um/monthly/klines/1inchusdt/1m/1INCHUSDT-1m-2021-11.csv
futures/um/monthly/klines/1inchusdt/1m/1INCHUSDT-1m-2021-12.csv
futures/um/monthly/klines/1inchusdt/1m/1INCHUSDT-1m-2022-01.csv
futures/um/monthly/klines/1inchusdt/1m/1INCHUSDT-1m-2022-02.csv
futures/um/monthly/klines/1inchusdt/1m/1INCHUSDT-1m-2022-03.csv
futures/um/monthly/klines/1inchusdt/1m/1INCHUSDT-1m-2022-04.csv
futures/um/monthly/klines/1inchusdt/1m/1INCHUSDT-1m-2022-05.csv
futures/um/monthly/klines/1inchusdt/1m/1INCHUSDT-1m-2022-06.csv
futures/um/monthly/klines/1inchusdt/1m/1INCHUSDT-1m-2022-07.csv
futures/um/monthly/klines/1inchusdt/1m/1INCHUSDT-1m-2022-08.csv
futures/um/monthly/klines/1inchusdt/1m/1INCHUSDT-1m-2022-09.csv
futures/um/monthly/klines/1inchusdt/1m/1INCHUSDT-1m-2022-10.csv
futures/um/monthly/klines/1inchusdt/1m/1INCHUSDT-1m-2022-11.csv
futures/um/monthly/klines/1inchusdt/1m/1INCHUSDT-1m-2022-12.csv
futures/um/monthly/klines/1inchusdt/1m/1INCHUSDT-1m-2023-01.csv
futures/um/monthly/klines/1inchusdt/1m/1INCHUSDT-1m-2023-02.csv
futures/um/monthly/klines/1inchusdt/1m/1INCHUSDT-1m-2023-03.csv
futures/um/monthly/klines/1inchusdt/1m/1INCHUSDT-1m-2023-04.csv
futures/um/monthly/klines/1inchusdt/1m/1INCHUSDT-1m-2023-05.csv
futures/um/monthly/klines/1inchusdt/1m/1INCHUSDT-1m-2023-06.csv
futures/um/monthly/klines/1inchusdt/1m/1INCHUSDT-1m-2023-07.csv
futures/um/monthly/klines/1inchusdt/1m/1INCHUSDT-1m-2023-08.csv
futures/um/monthly/klines/1inchusdt/1m/1INCHUSDT-1m-2023-09.csv
futures/um/monthly/klines/1inchusdt/1m/1INCHUSDT-1m-2023-10.csv
futures/um/monthly/klines/1inchusdt/1m/1INCHUSDT-1m-2023-11.csv
futures/um/monthly/klines/1inchusdt/1m/1INCHUSDT-1m-2023-12.csv
futures/um/monthly/klines/1inchusdt/1m/1INCHUSDT-1m-2024-01.csv
futures/um/monthly/klines/1inchusdt/1m/1INCHUSDT-1m-2024-02.csv
futures/um/monthly/klines/1inchusdt/1m/1INCHUSDT-1m-2024-03.csv
futures/um/monthly/klines/1inchusdt/1m/1INCHUSDT-1m-2024-04.csv
futures/um/monthly/klines/1inchusdt/1m/1INCHUSDT-1m-2024-05.csv
futures/um/monthly/klines/1inchusdt/1m/1INCHUSDT-1m-2024-06.csv
futures/um/monthly/klines/1inchusdt/1m/1INCHUSDT-1m-2024-07.csv
futures/um/monthly/klines/1inchusdt/1m/1INCHUSDT-1m-2024-08.csv
futures/um/monthly/klines/1inchusdt/1m/1INCHUSDT-1m-2024-09.csv
futures/um/monthly/klines/1inchusdt/1m/1INCHUSDT-1m-2024-10.csv
futures/um/monthly/klines/1inchusdt/1m/1INCHUSDT-1m-2024-11.csv
futures/um/monthly/klines/1inchusdt/1m/1INCHUSDT-1m-2024-12.csv
futures/um/monthly/klines/1inchusdt/1m/1INCHUSDT-1m-2025-01.csv
futures/um/monthly/klines/1inchusdt/1m/1INCHUSDT-1m-2025-02.csv
futures/um/monthly/klines/1inchusdt/1m/1INCHUSDT-1m-2025-03.csv
futures/um/monthly/klines/1inchusdt/1m/1INCHUSDT-1m-2025-04.csv
futures/um/monthly/klines/1inchusdt/1m/1INCHUSDT-1m-2025-05.csv
futures/um/monthly/klines/1inchusdt/1m/1INCHUSDT-1m-2025-06.csv
futures/um/monthly/klines/1inchusdt/1m/1INCHUSDT-1m-2025-07.csv
futures/um/monthly/klines/1inchusdt/1m/1INCHUSDT-1m-2025-08.csv
futures/um/monthly/klines/1inchusdt/1m/1INCHUSDT-1m-2025-09.csv
futures/um/monthly/klines/1inchusdt/1m/1INCHUSDT-1m-2025-10.csv
futures/um/monthly/klines/1inchusdt/1m/1INCHUSDT-1m-2025-11.csv
futures/um/monthly/klines/1inchusdt/1m/1INCHUSDT-1m-2025-12.csv
futures/um/monthly/klines/1inchusdt/1m/1INCHUSDT-1m-2026-01.csv
futures/um/monthly/klines/1inchusdt/1m/1INCHUSDT-1m-2026-02.csv
futures/um/monthly/klines/1inchusdt/1m/1INCHUSDT-1m-2026-03.csv
futures/um/monthly/klines/1inchusdt/1m/1INCHUSDT-1m-2026-04.csv
futures/um/monthly/klines/1inchusdt/1m/1INCHUSDT-1m-2026-05.csv
futures/um/monthly/klines/1inchusdt/1m/1INCHUSDT-1m-2026-06.csv
futures/um/monthly/klines/1inchusdt/1m/1INCHUSDT-1m-2026-07.csv
futures/um/monthly/klines/1inchusdt/1m/1INCHUSDT-1m-2026-08.csv
futures/um/monthly/klines/1mbabydogeusdt/1m/1MBABYDOGEUSDT-1m-2024-09.csv
futures/um/monthly/klines/1mbabydogeusdt/1m/1MBABYDOGEUSDT-1m-2024-10.csv
futures/um/monthly/klines/1mbabydogeusdt/1m/1MBABYDOGEUSDT-1m-2024-11.csv
futures/um/monthly/klines/1mbabydogeusdt/1m/1MBABYDOGEUSDT-1m-2024-12.csv
futures/um/monthly/klines/1mbabydogeusdt/1m/1MBABYDOGEUSDT-1m-2025-01.csv
futures/um/monthly/klines/1mbabydogeusdt/1m/1MBABYDOGEUSDT-1m-2025-02.csv
futures/um/monthly/klines/1mbabydogeusdt/1m/1MBABYDOGEUSDT-1m-2025-03.csv
futures/um/monthly/klines/1mbabydogeusdt/1m/1MBABYDOGEUSDT-1m-2025-04.csv
futures/um/monthly/klines/1mbabydogeusdt/1m/1MBABYDOGEUSDT-1m-2025-05.csv
futures/um/monthly/klines/1mbabydogeusdt/1m/1MBABYDOGEUSDT-1m-2025-06.csv
futures/um/monthly/klines/1mbabydogeusdt/1m/1MBABYDOGEUSDT-1m-2025-07.csv
futures/um/monthly/klines/1mbabydogeusdt/1m/1MBABYDOGEUSDT-1m-2025-08.csv
futures/um/monthly/klines/1mbabydogeusdt/1m/1MBABYDOGEUSDT-1m-2025-09.csv
futures/um/monthly/klines/1mbabydogeusdt/1m/1MBABYDOGEUSDT-1m-2025-10.csv
futures/um/monthly/klines/1mbabydogeusdt/1m/1MBABYDOGEUSDT-1m-2025-11.csv
futures/um/monthly/klines/1mbabydogeusdt/1m/1MBABYDOGEUSDT-1m-2025-12.csv
futures/um/monthly/klines/1mbabydogeusdt/1m/1MBABYDOGEUSDT-1m-2026-01.csv
futures/um/monthly/klines/1mbabydogeusdt/1m/1MBABYDOGEUSDT-1m-2026-02.csv
futures/um/monthly/klines/1mbabydogeusdt/1m/1MBABYDOGEUSDT-1m-2026-03.csv
futures/um/monthly/klines/1mbabydogeusdt/1m/1MBABYDOGEUSDT-1m-2026-04.csv
futures/um/monthly/klines/1mbabydogeusdt/1m/1MBABYDOGEUSDT-1m-2026-05.csv
futures/um/monthly/klines/1mbabydogeusdt/1m/1MBABYDOGEUSDT-1m-2026-06.csv
futures/um/monthly/klines/1mbabydogeusdt/1m/1MBABYDOGEUSDT-1m-2026-07.csv
futures/um/monthly/klines/1mbabydogeusdt/1m/1MBABYDOGEUSDT-1m-2026-08.csv
futures/um/monthly/klines/2zusdt/1m/2ZUSDT-1m-2025-10.csv
futures/um/monthly/klines/2zusdt/1m/2ZUSDT-1m-2025-11.csv
futures/um/monthly/klines/2zusdt/1m/2ZUSDT-1m-2025-12.csv
futures/um/monthly/klines/2zusdt/1m/2ZUSDT-1m-2026-01.csv
futures/um/monthly/klines/2zusdt/1m/2ZUSDT-1m-2026-02.csv
futures/um/monthly/klines/2zusdt/1m/2ZUSDT-1m-2026-03.csv
futures/um/monthly/klines/2zusdt/1m/2ZUSDT-1m-2026-04.csv
futures/um/monthly/klines/2zusdt/1m/2ZUSDT-1m-2026-05.csv
futures/um/monthly/klines/2zusdt/1m/2ZUSDT-1m-2026-06.csv
futures/um/monthly/klines/2zusdt/1m/2ZUSDT-1m-2026-07.csv
futures/um/monthly/klines/2zusdt/1m/2ZUSDT-1m-2026-08.csv
futures/um/monthly/klines/4usdt/1m/4USDT-1m-2025-10.csv
futures/um/monthly/klines/4usdt/1m/4USDT-1m-2025-11.csv
futures/um/monthly/klines/4usdt/1m/4USDT-1m-2025-12.csv
futures/um/monthly/klines/4usdt/1m/4USDT-1m-2026-01.csv
futures/um/monthly/klines/4usdt/1m/4USDT-1m-2026-02.csv
futures/um/monthly/klines/4usdt/1m/4USDT-1m-2026-03.csv
futures/um/monthly/klines/4usdt/1m/4USDT-1m-2026-04.csv
futures/um/monthly/klines/4usdt/1m/4USDT-1m-2026-05.csv
futures/um/monthly/klines/4usdt/1m/4USDT-1m-2026-06.csv
futures/um/monthly/klines/4usdt/1m/4USDT-1m-2026-07.csv
futures/um/monthly/klines/4usdt/1m/4USDT-1m-2026-08.csv
futures/um/monthly/klines/aaveusdt/1m/AAVEUSDT-1m-2020-10.csv
futures/um/monthly/klines/aaveusdt/1m/AAVEUSDT-1m-2020-11.csv
futures/um/monthly/klines/aaveusdt/1m/AAVEUSDT-1m-2020-12.csv
futures/um/monthly/klines/aaveusdt/1m/AAVEUSDT-1m-2021-01.csv
futures/um/monthly/klines/aaveusdt/1m/AAVEUSDT-1m-2021-02.csv
futures/um/monthly/klines/aaveusdt/1m/AAVEUSDT-1m-2021-03.csv
futures/um/monthly/klines/aaveusdt/1m/AAVEUSDT-1m-2021-04.csv
futures/um/monthly/klines/aaveusdt/1m/AAVEUSDT-1m-2021-05.csv
futures/um/monthly/klines/aaveusdt/1m/AAVEUSDT-1m-2021-06.csv
futures/um/monthly/klines/aaveusdt/1m/AAVEUSDT-1m-2021-07.csv
futures/um/monthly/klines/aaveusdt/1m/AAVEUSDT-1m-2021-08.csv
futures/um/monthly/klines/aaveusdt/1m/AAVEUSDT-1m-2021-09.csv
futures/um/monthly/klines/aaveusdt/1m/AAVEUSDT-1m-2021-10.csv
futures/um/monthly/klines/aaveusdt/1m/AAVEUSDT-1m-2021-11.csv
futures/um/monthly/klines/aaveusdt/1m/AAVEUSDT-1m-2021-12.csv
futures/um/monthly/klines/aaveusdt/1m/AAVEUSDT-1m-2022-01.csv
futures/um/monthly/klines/aaveusdt/1m/AAVEUSDT-1m-2022-02.csv
futures/um/monthly/klines/aaveusdt/1m/AAVEUSDT-1m-2022-03.csv
futures/um/monthly/klines/aaveusdt/1m/AAVEUSDT-1m-2022-04.csv
futures/um/monthly/klines/aaveusdt/1m/AAVEUSDT-1m-2022-05.csv
futures/um/monthly/klines/aaveusdt/1m/AAVEUSDT-1m-2022-06.csv
futures/um/monthly/klines/aaveusdt/1m/AAVEUSDT-1m-2022-07.csv
futures/um/monthly/klines/aaveusdt/1m/AAVEUSDT-1m-2022-08.csv
futures/um/monthly/klines/aaveusdt/1m/AAVEUSDT-1m-2022-09.csv
futures/um/monthly/klines/aaveusdt/1m/AAVEUSDT-1m-2022-10.csv
futures/um/monthly/klines/aaveusdt/1m/AAVEUSDT-1m-2022-11.csv
futures/um/monthly/klines/aaveusdt/1m/AAVEUSDT-1m-2022-12.csv
futures/um/monthly/klines/aaveusdt/1m/AAVEUSDT-1m-2023-01.csv
futures/um/monthly/klines/aaveusdt/1m/AAVEUSDT-1m-2023-02.csv
futures/um/monthly/klines/aaveusdt/1m/AAVEUSDT-1m-2023-03.csv
futures/um/monthly/klines/aaveusdt/1m/AAVEUSDT-1m-2023-04.csv
futures/um/monthly/klines/aaveusdt/1m/AAVEUSDT-1m-2023-05.csv
futures/um/monthly/klines/aaveusdt/1m/AAVEUSDT-1m-2023-06.csv
futures/um/monthly/klines/aaveusdt/1m/AAVEUSDT-1m-2023-07.csv
futures/um/monthly/klines/aaveusdt/1m/AAVEUSDT-1m-2023-08.csv
futures/um/monthly/klines/aaveusdt/1m/AAVEUSDT-1m-2023-09.csv
futures/um/monthly/klines/aaveusdt/1m/AAVEUSDT-1m-2023-10.csv
futures/um/monthly/klines/aaveusdt/1m/AAVEUSDT-1m-2023-11.csv
futures/um/monthly/klines/aaveusdt/1m/AAVEUSDT-1m-2023-12.csv
futures/um/monthly/klines/aaveusdt/1m/AAVEUSDT-1m-2024-01.csv
futures/um/monthly/klines/aaveusdt/1m/AAVEUSDT-1m-2024-02.csv
futures/um/monthly/klines/aaveusdt/1m/AAVEUSDT-1m-2024-03.csv
futures/um/monthly/klines/aaveusdt/1m/AAVEUSDT-1m-2024-04.csv
futures/um/monthly/klines/aaveusdt/1m/AAVEUSDT-1m-2024-05.csv
futures/um/monthly/klines/aaveusdt/1m/AAVEUSDT-1m-2024-06.csv
futures/um/monthly/klines/aaveusdt/1m/AAVEUSDT-1m-2024-07.csv
futures/um/monthly/klines/aaveusdt/1m/AAVEUSDT-1m-2024-08.csv
futures/um/monthly/klines/aaveusdt/1m/AAVEUSDT-1m-2024-09.csv
futures/um/monthly/klines/aaveusdt/1m/AAVEUSDT-1m-2024-10.csv
futures/um/monthly/klines/aaveusdt/1m/AAVEUSDT-1m-2024-11.csv
futures/um/monthly/klines/aaveusdt/1m/AAVEUSDT-1m-2024-12.csv
futures/um/monthly/klines/aaveusdt/1m/AAVEUSDT-1m-2025-01.csv
futures/um/monthly/klines/aaveusdt/1m/AAVEUSDT-1m-2025-02.csv
futures/um/monthly/klines/aaveusdt/1m/AAVEUSDT-1m-2025-03.csv
futures/um/monthly/klines/aaveusdt/1m/AAVEUSDT-1m-2025-04.csv
futures/um/monthly/klines/aaveusdt/1m/AAVEUSDT-1m-2025-05.csv
futures/um/monthly/klines/aaveusdt/1m/AAVEUSDT-1m-2025-06.csv
futures/um/monthly/klines/aaveusdt/1m/AAVEUSDT-1m-2025-07.csv
futures/um/monthly/klines/aaveusdt/1m/AAVEUSDT-1m-2025-08.csv
futures/um/monthly/klines/aaveusdt/1m/AAVEUSDT-1m-2025-09.csv
futures/um/monthly/klines/aaveusdt/1m/AAVEUSDT-1m-2025-10.csv
futures/um/monthly/klines/aaveusdt/1m/AAVEUSDT-1m-2025-11.csv
futures/um/monthly/klines/aaveusdt/1m/AAVEUSDT-1m-2025-12.csv
futures/um/monthly/klines/aaveusdt/1m/AAVEUSDT-1m-2026-01.csv
futures/um/monthly/klines/aaveusdt/1m/AAVEUSDT-1m-2026-02.csv
futures/um/monthly/klines/aaveusdt/1m/AAVEUSDT-1m-2026-03.csv
futures/um/monthly/klines/aaveusdt/1m/AAVEUSDT-1m-2026-04.csv
futures/um/monthly/klines/aaveusdt/1m/AAVEUSDT-1m-2026-05.csv
futures/um/monthly/klines/aaveusdt/1m/AAVEUSDT-1m-2026-06.csv
futures/um/monthly/klines/aaveusdt/1m/AAVEUSDT-1m-2026-07.csv
futures/um/monthly/klines/aaveusdt/1m/AAVEUSDT-1m-2026-08.csv
futures/um/monthly/klines/aceusdt/1m/ACEUSDT-1m-2023-12.csv
futures/um/monthly/klines/aceusdt/1m/ACEUSDT-1m-2024-01.csv
futures/um/monthly/klines/aceusdt/1m/ACEUSDT-1m-2024-02.csv
futures/um/monthly/klines/aceusdt/1m/ACEUSDT-1m-2024-03.csv
futures/um/monthly/klines/aceusdt/1m/ACEUSDT-1m-2024-04.csv
futures/um/monthly/klines/aceusdt/1m/ACEUSDT-1m-2024-05.csv
futures/um/monthly/klines/aceusdt/1m/ACEUSDT-1m-2024-06.csv
futures/um/monthly/klines/aceusdt/1m/ACEUSDT-1m-2024-07.csv
futures/um/monthly/klines/aceusdt/1m/ACEUSDT-1m-2024-08.csv
futures/um/monthly/klines/aceusdt/1m/ACEUSDT-1m-2024-09.csv
futures/um/monthly/klines/aceusdt/1m/ACEUSDT-1m-2024-10.csv
futures/um/monthly/klines/aceusdt/1m/ACEUSDT-1m-2024-11.csv
futures/um/monthly/klines/aceusdt/1m/ACEUSDT-1m-2024-12.csv
futures/um/monthly/klines/aceusdt/1m/ACEUSDT-1m-2025-01.csv
futures/um/monthly/klines/aceusdt/1m/ACEUSDT-1m-2025-02.csv
futures/um/monthly/klines/aceusdt/1m/ACEUSDT-1m-2025-03.csv
futures/um/monthly/klines/aceusdt/1m/ACEUSDT-1m-2025-04.csv
futures/um/monthly/klines/aceusdt/1m/ACEUSDT-1m-2025-05.csv
futures/um/monthly/klines/aceusdt/1m/ACEUSDT-1m-2025-06.csv
futures/um/monthly/klines/aceusdt/1m/ACEUSDT-1m-2025-07.csv
futures/um/monthly/klines/aceusdt/1m/ACEUSDT-1m-2025-08.csv
futures/um/monthly/klines/aceusdt/1m/ACEUSDT-1m-2025-09.csv
futures/um/monthly/klines/aceusdt/1m/ACEUSDT-1m-2025-10.csv
futures/um/monthly/klines/aceusdt/1m/ACEUSDT-1m-2025-11.csv
futures/um/monthly/klines/aceusdt/1m/ACEUSDT-1m-2025-12.csv
futures/um/monthly/klines/aceusdt/1m/ACEUSDT-1m-2026-01.csv
futures/um/monthly/klines/aceusdt/1m/ACEUSDT-1m-2026-02.csv
futures/um/monthly/klines/aceusdt/1m/ACEUSDT-1m-2026-03.csv
futures/um/monthly/klines/aceusdt/1m/ACEUSDT-1m-2026-04.csv
futures/um/monthly/klines/aceusdt/1m/ACEUSDT-1m-2026-05.csv
futures/um/monthly/klines/aceusdt/1m/ACEUSDT-1m-2026-06.csv
futures/um/monthly/klines/aceusdt/1m/ACEUSDT-1m-2026-07.csv
futures/um/monthly/klines/aceusdt/1m/ACEUSDT-1m-2026-08.csv
futures/um/monthly/klines/achusdt/1m/ACHUSDT-1m-2023-02.csv
futures/um/monthly/klines/achusdt/1m/ACHUSDT-1m-2023-03.csv
futures/um/monthly/klines/achusdt/1m/ACHUSDT-1m-2023-04.csv
futures/um/monthly/klines/achusdt/1m/ACHUSDT-1m-2023-05.csv
futures/um/monthly/klines/achusdt/1m/ACHUSDT-1m-2023-06.csv
futures/um/monthly/klines/achusdt/1m/ACHUSDT-1m-2023-07.csv
futures/um/monthly/klines/achusdt/1m/ACHUSDT-1m-2023-08.csv
futures/um/monthly/klines/achusdt/1m/ACHUSDT-1m-2023-09.csv
futures/um/monthly/klines/achusdt/1m/ACHUSDT-1m-2023-10.csv
futures/um/monthly/klines/achusdt/1m/ACHUSDT-1m-2023-11.csv
futures/um/monthly/klines/achusdt/1m/ACHUSDT-1m-2023-12.csv
futures/um/monthly/klines/achusdt/1m/ACHUSDT-1m-2024-01.csv
futures/um/monthly/klines/achusdt/1m/ACHUSDT-1m-2024-02.csv
futures/um/monthly/klines/achusdt/1m/ACHUSDT-1m-2024-03.csv
futures/um/monthly/klines/achusdt/1m/ACHUSDT-1m-2024-04.csv
futures/um/monthly/klines/achusdt/1m/ACHUSDT-1m-2024-05.csv
futures/um/monthly/klines/achusdt/1m/ACHUSDT-1m-2024-06.csv
futures/um/monthly/klines/achusdt/1m/ACHUSDT-1m-2024-07.csv
futures/um/monthly/klines/achusdt/1m/ACHUSDT-1m-2024-08.csv
futures/um/monthly/klines/achusdt/1m/ACHUSDT-1m-2024-09.csv
futures/um/monthly/klines/achusdt/1m/ACHUSDT-1m-2024-10.csv
futures/um/monthly/klines/achusdt/1m/ACHUSDT-1m-2024-11.csv
futures/um/monthly/klines/achusdt/1m/ACHUSDT-1m-2024-12.csv
futures/um/monthly/klines/achusdt/1m/ACHUSDT-1m-2025-01.csv
futures/um/monthly/klines/achusdt/1m/ACHUSDT-1m-2025-02.csv
futures/um/monthly/klines/achusdt/1m/ACHUSDT-1m-2025-03.csv
futures/um/monthly/klines/achusdt/1m/ACHUSDT-1m-2025-04.csv
futures/um/monthly/klines/achusdt/1m/ACHUSDT-1m-2025-05.csv
futures/um/monthly/klines/achusdt/1m/ACHUSDT-1m-2025-06.csv
futures/um/monthly/klines/achusdt/1m/ACHUSDT-1m-2025-07.csv
futures/um/monthly/klines/achusdt/1m/ACHUSDT-1m-2025-08.csv
futures/um/monthly/klines/achusdt/1m/ACHUSDT-1m-2025-09.csv
futures/um/monthly/klines/achusdt/1m/ACHUSDT-1m-2025-10.csv
futures/um/monthly/klines/achusdt/1m/ACHUSDT-1m-2025-11.csv
futures/um/monthly/klines/achusdt/1m/ACHUSDT-1m-2025-12.csv
futures/um/monthly/klines/achusdt/1m/ACHUSDT-1m-2026-01.csv
futures/um/monthly/klines/achusdt/1m/ACHUSDT-1m-2026-02.csv
futures/um/monthly/klines/achusdt/1m/ACHUSDT-1m-2026-03.csv
futures/um/monthly/klines/achusdt/1m/ACHUSDT-1m-2026-04.csv
futures/um/monthly/klines/achusdt/1m/ACHUSDT-1m-2026-05.csv
futures/um/monthly/klines/achusdt/1m/ACHUSDT-1m-2026-06.csv
futures/um/monthly/klines/achusdt/1m/ACHUSDT-1m-2026-07.csv
futures/um/monthly/klines/achusdt/1m/ACHUSDT-1m-2026-08.csv
futures/um/monthly/klines/actusdt/1m/ACTUSDT-1m-2024-11.csv
futures/um/monthly/klines/actusdt/1m/ACTUSDT-1m-2024-12.csv
futures/um/monthly/klines/actusdt/1m/ACTUSDT-1m-2025-01.csv
futures/um/monthly/klines/actusdt/1m/ACTUSDT-1m-2025-02.csv
futures/um/monthly/klines/actusdt/1m/ACTUSDT-1m-2025-03.csv
futures/um/monthly/klines/actusdt/1m/ACTUSDT-1m-2025-04.csv
futures/um/monthly/klines/actusdt/1m/ACTUSDT-1m-2025-05.csv
futures/um/monthly/klines/actusdt/1m/ACTUSDT-1m-2025-06.csv
futures/um/monthly/klines/actusdt/1m/ACTUSDT-1m-2025-07.csv
futures/um/monthly/klines/actusdt/1m/ACTUSDT-1m-2025-08.csv
futures/um/monthly/klines/actusdt/1m/ACTUSDT-1m-2025-09.csv
futures/um/monthly/klines/actusdt/1m/ACTUSDT-1m-2025-10.csv
futures/um/monthly/klines/actusdt/1m/ACTUSDT-1m-2025-11.csv
futures/um/monthly/klines/actusdt/1m/ACTUSDT-1m-2025-12.csv
futures/um/monthly/klines/actusdt/1m/ACTUSDT-1m-2026-01.csv
futures/um/monthly/klines/actusdt/1m/ACTUSDT-1m-2026-02.csv
futures/um/monthly/klines/actusdt/1m/ACTUSDT-1m-2026-03.csv
futures/um/monthly/klines/actusdt/1m/ACTUSDT-1m-2026-04.csv
futures/um/monthly/klines/actusdt/1m/ACTUSDT-1m-2026-05.csv
futures/um/monthly/klines/actusdt/1m/ACTUSDT-1m-2026-06.csv
futures/um/monthly/klines/actusdt/1m/ACTUSDT-1m-2026-07.csv
futures/um/monthly/klines/actusdt/1m/ACTUSDT-1m-2026-08.csv
futures/um/monthly/klines/acuusdt/1m/ACUUSDT-1m-2026-01.csv
futures/um/monthly/klines/acuusdt/1m/ACUUSDT-1m-2026-02.csv
futures/um/monthly/klines/acuusdt/1m/ACUUSDT-1m-2026-03.csv
futures/um/monthly/klines/acuusdt/1m/ACUUSDT-1m-2026-04.csv
futures/um/monthly/klines/acuusdt/1m/ACUUSDT-1m-2026-05.csv
futures/um/monthly/klines/acuusdt/1m/ACUUSDT-1m-2026-06.csv
futures/um/monthly/klines/acuusdt/1m/ACUUSDT-1m-2026-07.csv
futures/um/monthly/klines/acuusdt/1m/ACUUSDT-1m-2026-08.csv
futures/um/monthly/klines/adausdt/1m/ADAUSDT-1m-2020-01.csv
futures/um/monthly/klines/adausdt/1m/ADAUSDT-1m-2020-02.csv
futures/um/monthly/klines/adausdt/1m/ADAUSDT-1m-2020-03.csv
futures/um/monthly/klines/adausdt/1m/ADAUSDT-1m-2020-04.csv
futures/um/monthly/klines/adausdt/1m/ADAUSDT-1m-2020-05.csv
futures/um/monthly/klines/adausdt/1m/ADAUSDT-1m-2020-06.csv
futures/um/monthly/klines/adausdt/1m/ADAUSDT-1m-2020-07.csv
futures/um/monthly/klines/adausdt/1m/ADAUSDT-1m-2020-08.csv
futures/um/monthly/klines/adausdt/1m/ADAUSDT-1m-2020-09.csv
futures/um/monthly/klines/adausdt/1m/ADAUSDT-1m-2020-10.csv
futures/um/monthly/klines/adausdt/1m/ADAUSDT-1m-2020-11.csv
futures/um/monthly/klines/adausdt/1m/ADAUSDT-1m-2020-12.csv
futures/um/monthly/klines/adausdt/1m/ADAUSDT-1m-2021-01.csv
futures/um/monthly/klines/adausdt/1m/ADAUSDT-1m-2021-02.csv
futures/um/monthly/klines/adausdt/1m/ADAUSDT-1m-2021-03.csv
futures/um/monthly/klines/adausdt/1m/ADAUSDT-1m-2021-04.csv
futures/um/monthly/klines/adausdt/1m/ADAUSDT-1m-2021-05.csv
futures/um/monthly/klines/adausdt/1m/ADAUSDT-1m-2021-06.csv
futures/um/monthly/klines/adausdt/1m/ADAUSDT-1m-2021-07.csv
futures/um/monthly/klines/adausdt/1m/ADAUSDT-1m-2021-08.csv
futures/um/monthly/klines/adausdt/1m/ADAUSDT-1m-2021-09.csv
futures/um/monthly/klines/adausdt/1m/ADAUSDT-1m-2021-10.csv
futures/um/monthly/klines/adausdt/1m/ADAUSDT-1m-2021-11.csv
futures/um/monthly/klines/adausdt/1m/ADAUSDT-1m-2021-12.csv
futures/um/monthly/klines/adausdt/1m/ADAUSDT-1m-2022-01.csv
futures/um/monthly/klines/adausdt/1m/ADAUSDT-1m-2022-02.csv
futures/um/monthly/klines/adausdt/1m/ADAUSDT-1m-2022-03.csv
futures/um/monthly/klines/adausdt/1m/ADAUSDT-1m-2022-04.csv
futures/um/monthly/klines/adausdt/1m/ADAUSDT-1m-2022-05.csv
futures/um/monthly/klines/adausdt/1m/ADAUSDT-1m-2022-06.csv
futures/um/monthly/klines/adausdt/1m/ADAUSDT-1m-2022-07.csv
futures/um/monthly/klines/adausdt/1m/ADAUSDT-1m-2022-08.csv
futures/um/monthly/klines/adausdt/1m/ADAUSDT-1m-2022-09.csv
futures/um/monthly/klines/adausdt/1m/ADAUSDT-1m-2022-10.csv
futures/um/monthly/klines/adausdt/1m/ADAUSDT-1m-2022-11.csv
futures/um/monthly/klines/adausdt/1m/ADAUSDT-1m-2022-12.csv
futures/um/monthly/klines/adausdt/1m/ADAUSDT-1m-2023-01.csv
futures/um/monthly/klines/adausdt/1m/ADAUSDT-1m-2023-02.csv
futures/um/monthly/klines/adausdt/1m/ADAUSDT-1m-2023-03.csv
futures/um/monthly/klines/adausdt/1m/ADAUSDT-1m-2023-04.csv
futures/um/monthly/klines/adausdt/1m/ADAUSDT-1m-2023-05.csv
futures/um/monthly/klines/adausdt/1m/ADAUSDT-1m-2023-06.csv
futures/um/monthly/klines/adausdt/1m/ADAUSDT-1m-2023-07.csv
futures/um/monthly/klines/adausdt/1m/ADAUSDT-1m-2023-08.csv
futures/um/monthly/klines/adausdt/1m/ADAUSDT-1m-2023-09.csv
futures/um/monthly/klines/adausdt/1m/ADAUSDT-1m-2023-10.csv
futures/um/monthly/klines/adausdt/1m/ADAUSDT-1m-2023-11.csv
futures/um/monthly/klines/adausdt/1m/ADAUSDT-1m-2023-12.csv
futures/um/monthly/klines/adausdt/1m/ADAUSDT-1m-2024-01.csv
futures/um/monthly/klines/adausdt/1m/ADAUSDT-1m-2024-02.csv
futures/um/monthly/klines/adausdt/1m/ADAUSDT-1m-2024-03.csv
futures/um/monthly/klines/adausdt/1m/ADAUSDT-1m-2024-04.csv
futures/um/monthly/klines/adausdt/1m/ADAUSDT-1m-2024-05.csv
futures/um/monthly/klines/adausdt/1m/ADAUSDT-1m-2024-06.csv
futures/um/monthly/klines/adausdt/1m/ADAUSDT-1m-2024-07.csv
futures/um/monthly/klines/adausdt/1m/ADAUSDT-1m-2024-08.csv
futures/um/monthly/klines/adausdt/1m/ADAUSDT-1m-2024-09.csv
futures/um/monthly/klines/adausdt/1m/ADAUSDT-1m-2024-10.csv
futures/um/monthly/klines/adausdt/1m/ADAUSDT-1m-2024-11.csv
futures/um/monthly/klines/adausdt/1m/ADAUSDT-1m-2024-12.csv
futures/um/monthly/klines/adausdt/1m/ADAUSDT-1m-2025-01.csv
futures/um/monthly/klines/adausdt/1m/ADAUSDT-1m-2025-02.csv
futures/um/monthly/klines/adausdt/1m/ADAUSDT-1m-2025-03.csv
futures/um/monthly/klines/adausdt/1m/ADAUSDT-1m-2025-04.csv
futures/um/monthly/klines/adausdt/1m/ADAUSDT-1m-2025-05.csv
futures/um/monthly/klines/adausdt/1m/ADAUSDT-1m-2025-06.csv
futures/um/monthly/klines/adausdt/1m/ADAUSDT-1m-2025-07.csv
futures/um/monthly/klines/adausdt/1m/ADAUSDT-1m-2025-08.csv
futures/um/monthly/klines/adausdt/1m/ADAUSDT-1m-2025-09.csv
futures/um/monthly/klines/adausdt/1m/ADAUSDT-1m-2025-10.csv
futures/um/monthly/klines/adausdt/1m/ADAUSDT-1m-2025-11.csv
futures/um/monthly/klines/adausdt/1m/ADAUSDT-1m-2025-12.csv
futures/um/monthly/klines/adausdt/1m/ADAUSDT-1m-2026-01.csv
futures/um/monthly/klines/adausdt/1m/ADAUSDT-1m-2026-02.csv
futures/um/monthly/klines/adausdt/1m/ADAUSDT-1m-2026-03.csv
futures/um/monthly/klines/adausdt/1m/ADAUSDT-1m-2026-04.csv
futures/um/monthly/klines/adausdt/1m/ADAUSDT-1m-2026-05.csv
futures/um/monthly/klines/adausdt/1m/ADAUSDT-1m-2026-06.csv
futures/um/monthly/klines/adausdt/1m/ADAUSDT-1m-2026-07.csv
futures/um/monthly/klines/adausdt/1m/ADAUSDT-1m-2026-08.csv
futures/um/monthly/klines/aerousdt/1m/AEROUSDT-1m-2024-12.csv
futures/um/monthly/klines/aerousdt/1m/AEROUSDT-1m-2025-01.csv
futures/um/monthly/klines/aerousdt/1m/AEROUSDT-1m-2025-02.csv
futures/um/monthly/klines/aerousdt/1m/AEROUSDT-1m-2025-03.csv
futures/um/monthly/klines/aerousdt/1m/AEROUSDT-1m-2025-04.csv
futures/um/monthly/klines/aerousdt/1m/AEROUSDT-1m-2025-05.csv
futures/um/monthly/klines/aerousdt/1m/AEROUSDT-1m-2025-06.csv
futures/um/monthly/klines/aerousdt/1m/AEROUSDT-1m-2025-07.csv
futures/um/monthly/klines/aerousdt/1m/AEROUSDT-1m-2025-08.csv
futures/um/monthly/klines/aerousdt/1m/AEROUSDT-1m-2025-09.csv
futures/um/monthly/klines/aerousdt/1m/AEROUSDT-1m-2025-10.csv
futures/um/monthly/klines/aerousdt/1m/AEROUSDT-1m-2025-11.csv
futures/um/monthly/klines/aerousdt/1m/AEROUSDT-1m-2025-12.csv
futures/um/monthly/klines/aerousdt/1m/AEROUSDT-1m-2026-01.csv
futures/um/monthly/klines/aerousdt/1m/AEROUSDT-1m-2026-02.csv
futures/um/monthly/klines/aerousdt/1m/AEROUSDT-1m-2026-03.csv
futures/um/monthly/klines/aerousdt/1m/AEROUSDT-1m-2026-04.csv
futures/um/monthly/klines/aerousdt/1m/AEROUSDT-1m-2026-05.csv
futures/um/monthly/klines/aerousdt/1m/AEROUSDT-1m-2026-06.csv
futures/um/monthly/klines/aerousdt/1m/AEROUSDT-1m-2026-07.csv
futures/um/monthly/klines/aerousdt/1m/AEROUSDT-1m-2026-08.csv
futures/um/monthly/klines/aevousdt/1m/AEVOUSDT-1m-2024-03.csv
futures/um/monthly/klines/aevousdt/1m/AEVOUSDT-1m-2024-04.csv
futures/um/monthly/klines/aevousdt/1m/AEVOUSDT-1m-2024-05.csv
futures/um/monthly/klines/aevousdt/1m/AEVOUSDT-1m-2024-06.csv
futures/um/monthly/klines/aevousdt/1m/AEVOUSDT-1m-2024-07.csv
futures/um/monthly/klines/aevousdt/1m/AEVOUSDT-1m-2024-08.csv
futures/um/monthly/klines/aevousdt/1m/AEVOUSDT-1m-2024-09.csv
futures/um/monthly/klines/aevousdt/1m/AEVOUSDT-1m-2024-10.csv
futures/um/monthly/klines/aevousdt/1m/AEVOUSDT-1m-2024-11.csv
futures/um/monthly/klines/aevousdt/1m/AEVOUSDT-1m-2024-12.csv
futures/um/monthly/klines/aevousdt/1m/AEVOUSDT-1m-2025-01.csv
futures/um/monthly/klines/aevousdt/1m/AEVOUSDT-1m-2025-02.csv
futures/um/monthly/klines/aevousdt/1m/AEVOUSDT-1m-2025-03.csv
futures/um/monthly/klines/aevousdt/1m/AEVOUSDT-1m-2025-04.csv
futures/um/monthly/klines/aevousdt/1m/AEVOUSDT-1m-2025-05.csv
futures/um/monthly/klines/aevousdt/1m/AEVOUSDT-1m-2025-06.csv
futures/um/monthly/klines/aevousdt/1m/AEVOUSDT-1m-2025-07.csv
futures/um/monthly/klines/aevousdt/1m/AEVOUSDT-1m-2025-08.csv
futures/um/monthly/klines/aevousdt/1m/AEVOUSDT-1m-2025-09.csv
futures/um/monthly/klines/aevousdt/1m/AEVOUSDT-1m-2025-10.csv
futures/um/monthly/klines/aevousdt/1m/AEVOUSDT-1m-2025-11.csv
futures/um/monthly/klines/aevousdt/1m/AEVOUSDT-1m-2025-12.csv
futures/um/monthly/klines/aevousdt/1m/AEVOUSDT-1m-2026-01.csv
futures/um/monthly/klines/aevousdt/1m/AEVOUSDT-1m-2026-02.csv
futures/um/monthly/klines/aevousdt/1m/AEVOUSDT-1m-2026-03.csv
futures/um/monthly/klines/aevousdt/1m/AEVOUSDT-1m-2026-04.csv
futures/um/monthly/klines/aevousdt/1m/AEVOUSDT-1m-2026-05.csv
futures/um/monthly/klines/aevousdt/1m/AEVOUSDT-1m-2026-06.csv
futures/um/monthly/klines/aevousdt/1m/AEVOUSDT-1m-2026-07.csv
futures/um/monthly/klines/aevousdt/1m/AEVOUSDT-1m-2026-08.csv
futures/um/monthly/klines/agldusdt/1m/AGLDUSDT-1m-2023-07.csv
futures/um/monthly/klines/agldusdt/1m/AGLDUSDT-1m-2023-08.csv
futures/um/monthly/klines/agldusdt/1m/AGLDUSDT-1m-2023-09.csv
futures/um/monthly/klines/agldusdt/1m/AGLDUSDT-1m-2023-10.csv
futures/um/monthly/klines/agldusdt/1m/AGLDUSDT-1m-2023-11.csv
futures/um/monthly/klines/agldusdt/1m/AGLDUSDT-1m-2023-12.csv
futures/um/monthly/klines/agldusdt/1m/AGLDUSDT-1m-2024-01.csv
futures/um/monthly/klines/agldusdt/1m/AGLDUSDT-1m-2024-02.csv
futures/um/monthly/klines/agldusdt/1m/AGLDUSDT-1m-2024-03.csv
futures/um/monthly/klines/agldusdt/1m/AGLDUSDT-1m-2024-04.csv
futures/um/monthly/klines/agldusdt/1m/AGLDUSDT-1m-2024-05.csv
futures/um/monthly/klines/agldusdt/1m/AGLDUSDT-1m-2024-06.csv
futures/um/monthly/klines/agldusdt/1m/AGLDUSDT-1m-2024-07.csv
futures/um/monthly/klines/agldusdt/1m/AGLDUSDT-1m-2024-08.csv
futures/um/monthly/klines/agldusdt/1m/AGLDUSDT-1m-2024-09.csv
futures/um/monthly/klines/agldusdt/1m/AGLDUSDT-1m-2024-10.csv
futures/um/monthly/klines/agldusdt/1m/AGLDUSDT-1m-2024-11.csv
futures/um/monthly/klines/agldusdt/1m/AGLDUSDT-1m-2024-12.csv
futures/um/monthly/klines/agldusdt/1m/AGLDUSDT-1m-2025-01.csv
futures/um/monthly/klines/agldusdt/1m/AGLDUSDT-1m-2025-02.csv
futures/um/monthly/klines/agldusdt/1m/AGLDUSDT-1m-2025-03.csv
futures/um/monthly/klines/agldusdt/1m/AGLDUSDT-1m-2025-04.csv
futures/um/monthly/klines/agldusdt/1m/AGLDUSDT-1m-2025-05.csv
futures/um/monthly/klines/agldusdt/1m/AGLDUSDT-1m-2025-06.csv
futures/um/monthly/klines/agldusdt/1m/AGLDUSDT-1m-2025-07.csv
futures/um/monthly/klines/agldusdt/1m/AGLDUSDT-1m-2025-08.csv
futures/um/monthly/klines/agldusdt/1m/AGLDUSDT-1m-2025-09.csv
futures/um/monthly/klines/agldusdt/1m/AGLDUSDT-1m-2025-10.csv
futures/um/monthly/klines/agldusdt/1m/AGLDUSDT-1m-2025-11.csv
futures/um/monthly/klines/agldusdt/1m/AGLDUSDT-1m-2025-12.csv
futures/um/monthly/klines/agldusdt/1m/AGLDUSDT-1m-2026-01.csv
futures/um/monthly/klines/agldusdt/1m/AGLDUSDT-1m-2026-02.csv
futures/um/monthly/klines/agldusdt/1m/AGLDUSDT-1m-2026-03.csv
futures/um/monthly/klines/agldusdt/1m/AGLDUSDT-1m-2026-04.csv
futures/um/monthly/klines/agldusdt/1m/AGLDUSDT-1m-2026-05.csv
futures/um/monthly/klines/agldusdt/1m/AGLDUSDT-1m-2026-06.csv
futures/um/monthly/klines/agldusdt/1m/AGLDUSDT-1m-2026-07.csv
futures/um/monthly/klines/agldusdt/1m/AGLDUSDT-1m-2026-08.csv
futures/um/monthly/klines/agtusdt/1m/AGTUSDT-1m-2025-05.csv
futures/um/monthly/klines/agtusdt/1m/AGTUSDT-1m-2025-06.csv
futures/um/monthly/klines/agtusdt/1m/AGTUSDT-1m-2025-07.csv
futures/um/monthly/klines/agtusdt/1m/AGTUSDT-1m-2025-08.csv
futures/um/monthly/klines/agtusdt/1m/AGTUSDT-1m-2025-09.csv
futures/um/monthly/klines/agtusdt/1m/AGTUSDT-1m-2025-10.csv
futures/um/monthly/klines/agtusdt/1m/AGTUSDT-1m-2025-11.csv
futures/um/monthly/klines/agtusdt/1m/AGTUSDT-1m-2025-12.csv
futures/um/monthly/klines/agtusdt/1m/AGTUSDT-1m-2026-01.csv
futures/um/monthly/klines/agtusdt/1m/AGTUSDT-1m-2026-02.csv
futures/um/monthly/klines/agtusdt/1m/AGTUSDT-1m-2026-03.csv
futures/um/monthly/klines/agtusdt/1m/AGTUSDT-1m-2026-04.csv
futures/um/monthly/klines/agtusdt/1m/AGTUSDT-1m-2026-05.csv
futures/um/monthly/klines/agtusdt/1m/AGTUSDT-1m-2026-06.csv
futures/um/monthly/klines/agtusdt/1m/AGTUSDT-1m-2026-07.csv
futures/um/monthly/klines/agtusdt/1m/AGTUSDT-1m-2026-08.csv
futures/um/monthly/klines/aiausdt/1m/AIAUSDT-1m-2025-09.csv
futures/um/monthly/klines/aiausdt/1m/AIAUSDT-1m-2025-10.csv
futures/um/monthly/klines/aiausdt/1m/AIAUSDT-1m-2025-11.csv
futures/um/monthly/klines/aiausdt/1m/AIAUSDT-1m-2025-12.csv
futures/um/monthly/klines/aiausdt/1m/AIAUSDT-1m-2026-01.csv
futures/um/monthly/klines/aiausdt/1m/AIAUSDT-1m-2026-02.csv
futures/um/monthly/klines/aiausdt/1m/AIAUSDT-1m-2026-03.csv
futures/um/monthly/klines/aiausdt/1m/AIAUSDT-1m-2026-04.csv
futures/um/monthly/klines/aiausdt/1m/AIAUSDT-1m-2026-05.csv
futures/um/monthly/klines/aiausdt/1m/AIAUSDT-1m-2026-06.csv
futures/um/monthly/klines/aiausdt/1m/AIAUSDT-1m-2026-07.csv
futures/um/monthly/klines/aiausdt/1m/AIAUSDT-1m-2026-08.csv
futures/um/monthly/klines/aigensynusdt/1m/AIGENSYNUSDT-1m-2026-04.csv
futures/um/monthly/klines/aigensynusdt/1m/AIGENSYNUSDT-1m-2026-05.csv
futures/um/monthly/klines/aigensynusdt/1m/AIGENSYNUSDT-1m-2026-06.csv
futures/um/monthly/klines/aigensynusdt/1m/AIGENSYNUSDT-1m-2026-07.csv
futures/um/monthly/klines/aigensynusdt/1m/AIGENSYNUSDT-1m-2026-08.csv
futures/um/monthly/klines/ainusdt/1m/AINUSDT-1m-2025-07.csv
futures/um/monthly/klines/ainusdt/1m/AINUSDT-1m-2025-08.csv
futures/um/monthly/klines/ainusdt/1m/AINUSDT-1m-2025-09.csv
futures/um/monthly/klines/ainusdt/1m/AINUSDT-1m-2025-10.csv
futures/um/monthly/klines/ainusdt/1m/AINUSDT-1m-2025-11.csv
futures/um/monthly/klines/ainusdt/1m/AINUSDT-1m-2025-12.csv
futures/um/monthly/klines/ainusdt/1m/AINUSDT-1m-2026-01.csv
futures/um/monthly/klines/ainusdt/1m/AINUSDT-1m-2026-02.csv
futures/um/monthly/klines/ainusdt/1m/AINUSDT-1m-2026-03.csv
futures/um/monthly/klines/ainusdt/1m/AINUSDT-1m-2026-04.csv
futures/um/monthly/klines/ainusdt/1m/AINUSDT-1m-2026-05.csv
futures/um/monthly/klines/ainusdt/1m/AINUSDT-1m-2026-06.csv
futures/um/monthly/klines/ainusdt/1m/AINUSDT-1m-2026-07.csv
futures/um/monthly/klines/ainusdt/1m/AINUSDT-1m-2026-08.csv
futures/um/monthly/klines/aiotusdt/1m/AIOTUSDT-1m-2025-04.csv
futures/um/monthly/klines/aiotusdt/1m/AIOTUSDT-1m-2025-05.csv
futures/um/monthly/klines/aiotusdt/1m/AIOTUSDT-1m-2025-06.csv
futures/um/monthly/klines/aiotusdt/1m/AIOTUSDT-1m-2025-07.csv
futures/um/monthly/klines/aiotusdt/1m/AIOTUSDT-1m-2025-08.csv
futures/um/monthly/klines/aiotusdt/1m/AIOTUSDT-1m-2025-09.csv
futures/um/monthly/klines/aiotusdt/1m/AIOTUSDT-1m-2025-10.csv
futures/um/monthly/klines/aiotusdt/1m/AIOTUSDT-1m-2025-11.csv
futures/um/monthly/klines/aiotusdt/1m/AIOTUSDT-1m-2025-12.csv
futures/um/monthly/klines/aiotusdt/1m/AIOTUSDT-1m-2026-01.csv
futures/um/monthly/klines/aiotusdt/1m/AIOTUSDT-1m-2026-02.csv
futures/um/monthly/klines/aiotusdt/1m/AIOTUSDT-1m-2026-03.csv
futures/um/monthly/klines/aiotusdt/1m/AIOTUSDT-1m-2026-04.csv
futures/um/monthly/klines/aiotusdt/1m/AIOTUSDT-1m-2026-05.csv
futures/um/monthly/klines/aiotusdt/1m/AIOTUSDT-1m-2026-06.csv
futures/um/monthly/klines/aiotusdt/1m/AIOTUSDT-1m-2026-07.csv
futures/um/monthly/klines/aiotusdt/1m/AIOTUSDT-1m-2026-08.csv
futures/um/monthly/klines/aiousdt/1m/AIOUSDT-1m-2025-08.csv
futures/um/monthly/klines/aiousdt/1m/AIOUSDT-1m-2025-09.csv
futures/um/monthly/klines/aiousdt/1m/AIOUSDT-1m-2025-10.csv
futures/um/monthly/klines/aiousdt/1m/AIOUSDT-1m-2025-11.csv
futures/um/monthly/klines/aiousdt/1m/AIOUSDT-1m-2025-12.csv
futures/um/monthly/klines/aiousdt/1m/AIOUSDT-1m-2026-01.csv
futures/um/monthly/klines/aiousdt/1m/AIOUSDT-1m-2026-02.csv
futures/um/monthly/klines/aiousdt/1m/AIOUSDT-1m-2026-03.csv
futures/um/monthly/klines/aiousdt/1m/AIOUSDT-1m-2026-04.csv
futures/um/monthly/klines/aiousdt/1m/AIOUSDT-1m-2026-05.csv
futures/um/monthly/klines/aiousdt/1m/AIOUSDT-1m-2026-06.csv
futures/um/monthly/klines/aiousdt/1m/AIOUSDT-1m-2026-07.csv
futures/um/monthly/klines/aiousdt/1m/AIOUSDT-1m-2026-08.csv
futures/um/monthly/klines/aixbtusdt/1m/AIXBTUSDT-1m-2024-12.csv
futures/um/monthly/klines/aixbtusdt/1m/AIXBTUSDT-1m-2025-01.csv
futures/um/monthly/klines/aixbtusdt/1m/AIXBTUSDT-1m-2025-02.csv
futures/um/monthly/klines/aixbtusdt/1m/AIXBTUSDT-1m-2025-03.csv
futures/um/monthly/klines/aixbtusdt/1m/AIXBTUSDT-1m-2025-04.csv
futures/um/monthly/klines/aixbtusdt/1m/AIXBTUSDT-1m-2025-05.csv
futures/um/monthly/klines/aixbtusdt/1m/AIXBTUSDT-1m-2025-06.csv
futures/um/monthly/klines/aixbtusdt/1m/AIXBTUSDT-1m-2025-07.csv
futures/um/monthly/klines/aixbtusdt/1m/AIXBTUSDT-1m-2025-08.csv
futures/um/monthly/klines/aixbtusdt/1m/AIXBTUSDT-1m-2025-09.csv
futures/um/monthly/klines/aixbtusdt/1m/AIXBTUSDT-1m-2025-10.csv
futures/um/monthly/klines/aixbtusdt/1m/AIXBTUSDT-1m-2025-11.csv
futures/um/monthly/klines/aixbtusdt/1m/AIXBTUSDT-1m-2025-12.csv
futures/um/monthly/klines/aixbtusdt/1m/AIXBTUSDT-1m-2026-01.csv
futures/um/monthly/klines/aixbtusdt/1m/AIXBTUSDT-1m-2026-02.csv
futures/um/monthly/klines/aixbtusdt/1m/AIXBTUSDT-1m-2026-03.csv
futures/um/monthly/klines/aixbtusdt/1m/AIXBTUSDT-1m-2026-04.csv
futures/um/monthly/klines/aixbtusdt/1m/AIXBTUSDT-1m-2026-05.csv
futures/um/monthly/klines/aixbtusdt/1m/AIXBTUSDT-1m-2026-06.csv
futures/um/monthly/klines/aixbtusdt/1m/AIXBTUSDT-1m-2026-07.csv
futures/um/monthly/klines/aixbtusdt/1m/AIXBTUSDT-1m-2026-08.csv
futures/um/monthly/klines/akeusdt/1m/AKEUSDT-1m-2025-09.csv
futures/um/monthly/klines/akeusdt/1m/AKEUSDT-1m-2025-10.csv
futures/um/monthly/klines/akeusdt/1m/AKEUSDT-1m-2025-11.csv
futures/um/monthly/klines/akeusdt/1m/AKEUSDT-1m-2025-12.csv
futures/um/monthly/klines/akeusdt/1m/AKEUSDT-1m-2026-01.csv
futures/um/monthly/klines/akeusdt/1m/AKEUSDT-1m-2026-02.csv
futures/um/monthly/klines/akeusdt/1m/AKEUSDT-1m-2026-03.csv
futures/um/monthly/klines/akeusdt/1m/AKEUSDT-1m-2026-04.csv
futures/um/monthly/klines/akeusdt/1m/AKEUSDT-1m-2026-05.csv
futures/um/monthly/klines/akeusdt/1m/AKEUSDT-1m-2026-06.csv
futures/um/monthly/klines/akeusdt/1m/AKEUSDT-1m-2026-07.csv
futures/um/monthly/klines/akeusdt/1m/AKEUSDT-1m-2026-08.csv
futures/um/monthly/klines/aktusdt/1m/AKTUSDT-1m-2024-11.csv
futures/um/monthly/klines/aktusdt/1m/AKTUSDT-1m-2024-12.csv
futures/um/monthly/klines/aktusdt/1m/AKTUSDT-1m-2025-01.csv
futures/um/monthly/klines/aktusdt/1m/AKTUSDT-1m-2025-02.csv
futures/um/monthly/klines/aktusdt/1m/AKTUSDT-1m-2025-03.csv
futures/um/monthly/klines/aktusdt/1m/AKTUSDT-1m-2025-04.csv
futures/um/monthly/klines/aktusdt/1m/AKTUSDT-1m-2025-05.csv
futures/um/monthly/klines/aktusdt/1m/AKTUSDT-1m-2025-06.csv
futures/um/monthly/klines/aktusdt/1m/AKTUSDT-1m-2025-07.csv
futures/um/monthly/klines/aktusdt/1m/AKTUSDT-1m-2025-08.csv
futures/um/monthly/klines/aktusdt/1m/AKTUSDT-1m-2025-09.csv
futures/um/monthly/klines/aktusdt/1m/AKTUSDT-1m-2025-10.csv
futures/um/monthly/klines/aktusdt/1m/AKTUSDT-1m-2025-11.csv
futures/um/monthly/klines/aktusdt/1m/AKTUSDT-1m-2025-12.csv
futures/um/monthly/klines/aktusdt/1m/AKTUSDT-1m-2026-01.csv
futures/um/monthly/klines/aktusdt/1m/AKTUSDT-1m-2026-02.csv
futures/um/monthly/klines/aktusdt/1m/AKTUSDT-1m-2026-03.csv
futures/um/monthly/klines/aktusdt/1m/AKTUSDT-1m-2026-04.csv
futures/um/monthly/klines/aktusdt/1m/AKTUSDT-1m-2026-05.csv
futures/um/monthly/klines/aktusdt/1m/AKTUSDT-1m-2026-06.csv
futures/um/monthly/klines/aktusdt/1m/AKTUSDT-1m-2026-07.csv
futures/um/monthly/klines/aktusdt/1m/AKTUSDT-1m-2026-08.csv
futures/um/monthly/klines/alchusdt/1m/ALCHUSDT-1m-2025-01.csv
futures/um/monthly/klines/alchusdt/1m/ALCHUSDT-1m-2025-02.csv
futures/um/monthly/klines/alchusdt/1m/ALCHUSDT-1m-2025-03.csv
futures/um/monthly/klines/alchusdt/1m/ALCHUSDT-1m-2025-04.csv
futures/um/monthly/klines/alchusdt/1m/ALCHUSDT-1m-2025-05.csv
futures/um/monthly/klines/alchusdt/1m/ALCHUSDT-1m-2025-06.csv
futures/um/monthly/klines/alchusdt/1m/ALCHUSDT-1m-2025-07.csv
futures/um/monthly/klines/alchusdt/1m/ALCHUSDT-1m-2025-08.csv
futures/um/monthly/klines/alchusdt/1m/ALCHUSDT-1m-2025-09.csv
futures/um/monthly/klines/alchusdt/1m/ALCHUSDT-1m-2025-10.csv
futures/um/monthly/klines/alchusdt/1m/ALCHUSDT-1m-2025-11.csv
futures/um/monthly/klines/alchusdt/1m/ALCHUSDT-1m-2025-12.csv
futures/um/monthly/klines/alchusdt/1m/ALCHUSDT-1m-2026-01.csv
futures/um/monthly/klines/alchusdt/1m/ALCHUSDT-1m-2026-02.csv
futures/um/monthly/klines/alchusdt/1m/ALCHUSDT-1m-2026-03.csv
futures/um/monthly/klines/alchusdt/1m/ALCHUSDT-1m-2026-04.csv
futures/um/monthly/klines/alchusdt/1m/ALCHUSDT-1m-2026-05.csv
futures/um/monthly/klines/alchusdt/1m/ALCHUSDT-1m-2026-06.csv
futures/um/monthly/klines/alchusdt/1m/ALCHUSDT-1m-2026-07.csv
futures/um/monthly/klines/alchusdt/1m/ALCHUSDT-1m-2026-08.csv
futures/um/monthly/klines/algousdt/1m/ALGOUSDT-1m-2020-06.csv
futures/um/monthly/klines/algousdt/1m/ALGOUSDT-1m-2020-07.csv
futures/um/monthly/klines/algousdt/1m/ALGOUSDT-1m-2020-08.csv
futures/um/monthly/klines/algousdt/1m/ALGOUSDT-1m-2020-09.csv
futures/um/monthly/klines/algousdt/1m/ALGOUSDT-1m-2020-10.csv
futures/um/monthly/klines/algousdt/1m/ALGOUSDT-1m-2020-11.csv
futures/um/monthly/klines/algousdt/1m/ALGOUSDT-1m-2020-12.csv
futures/um/monthly/klines/algousdt/1m/ALGOUSDT-1m-2021-01.csv
futures/um/monthly/klines/algousdt/1m/ALGOUSDT-1m-2021-02.csv
futures/um/monthly/klines/algousdt/1m/ALGOUSDT-1m-2021-03.csv
futures/um/monthly/klines/algousdt/1m/ALGOUSDT-1m-2021-04.csv
futures/um/monthly/klines/algousdt/1m/ALGOUSDT-1m-2021-05.csv
futures/um/monthly/klines/algousdt/1m/ALGOUSDT-1m-2021-06.csv
futures/um/monthly/klines/algousdt/1m/ALGOUSDT-1m-2021-07.csv
futures/um/monthly/klines/algousdt/1m/ALGOUSDT-1m-2021-08.csv
futures/um/monthly/klines/algousdt/1m/ALGOUSDT-1m-2021-09.csv
futures/um/monthly/klines/algousdt/1m/ALGOUSDT-1m-2021-10.csv
futures/um/monthly/klines/algousdt/1m/ALGOUSDT-1m-2021-11.csv
futures/um/monthly/klines/algousdt/1m/ALGOUSDT-1m-2021-12.csv
futures/um/monthly/klines/algousdt/1m/ALGOUSDT-1m-2022-01.csv
futures/um/monthly/klines/algousdt/1m/ALGOUSDT-1m-2022-02.csv
futures/um/monthly/klines/algousdt/1m/ALGOUSDT-1m-2022-03.csv
futures/um/monthly/klines/algousdt/1m/ALGOUSDT-1m-2022-04.csv
futures/um/monthly/klines/algousdt/1m/ALGOUSDT-1m-2022-05.csv
futures/um/monthly/klines/algousdt/1m/ALGOUSDT-1m-2022-06.csv
futures/um/monthly/klines/algousdt/1m/ALGOUSDT-1m-2022-07.csv
futures/um/monthly/klines/algousdt/1m/ALGOUSDT-1m-2022-08.csv
futures/um/monthly/klines/algousdt/1m/ALGOUSDT-1m-2022-09.csv
futures/um/monthly/klines/algousdt/1m/ALGOUSDT-1m-2022-10.csv
futures/um/monthly/klines/algousdt/1m/ALGOUSDT-1m-2022-11.csv
futures/um/monthly/klines/algousdt/1m/ALGOUSDT-1m-2022-12.csv
futures/um/monthly/klines/algousdt/1m/ALGOUSDT-1m-2023-01.csv
futures/um/monthly/klines/algousdt/1m/ALGOUSDT-1m-2023-02.csv
futures/um/monthly/klines/algousdt/1m/ALGOUSDT-1m-2023-03.csv
futures/um/monthly/klines/algousdt/1m/ALGOUSDT-1m-2023-04.csv
futures/um/monthly/klines/algousdt/1m/ALGOUSDT-1m-2023-05.csv
futures/um/monthly/klines/algousdt/1m/ALGOUSDT-1m-2023-06.csv
futures/um/monthly/klines/algousdt/1m/ALGOUSDT-1m-2023-07.csv
futures/um/monthly/klines/algousdt/1m/ALGOUSDT-1m-2023-08.csv
futures/um/monthly/klines/algousdt/1m/ALGOUSDT-1m-2023-09.csv
futures/um/monthly/klines/algousdt/1m/ALGOUSDT-1m-2023-10.csv
futures/um/monthly/klines/algousdt/1m/ALGOUSDT-1m-2023-11.csv
futures/um/monthly/klines/algousdt/1m/ALGOUSDT-1m-2023-12.csv
futures/um/monthly/klines/algousdt/1m/ALGOUSDT-1m-2024-01.csv
futures/um/monthly/klines/algousdt/1m/ALGOUSDT-1m-2024-02.csv
futures/um/monthly/klines/algousdt/1m/ALGOUSDT-1m-2024-03.csv
futures/um/monthly/klines/algousdt/1m/ALGOUSDT-1m-2024-04.csv
futures/um/monthly/klines/algousdt/1m/ALGOUSDT-1m-2024-05.csv
futures/um/monthly/klines/algousdt/1m/ALGOUSDT-1m-2024-06.csv
futures/um/monthly/klines/algousdt/1m/ALGOUSDT-1m-2024-07.csv
futures/um/monthly/klines/algousdt/1m/ALGOUSDT-1m-2024-08.csv
futures/um/monthly/klines/algousdt/1m/ALGOUSDT-1m-2024-09.csv
futures/um/monthly/klines/algousdt/1m/ALGOUSDT-1m-2024-10.csv
futures/um/monthly/klines/algousdt/1m/ALGOUSDT-1m-2024-11.csv
futures/um/monthly/klines/algousdt/1m/ALGOUSDT-1m-2024-12.csv
futures/um/monthly/klines/algousdt/1m/ALGOUSDT-1m-2025-01.csv
futures/um/monthly/klines/algousdt/1m/ALGOUSDT-1m-2025-02.csv
futures/um/monthly/klines/algousdt/1m/ALGOUSDT-1m-2025-03.csv
futures/um/monthly/klines/algousdt/1m/ALGOUSDT-1m-2025-04.csv
futures/um/monthly/klines/algousdt/1m/ALGOUSDT-1m-2025-05.csv
futures/um/monthly/klines/algousdt/1m/ALGOUSDT-1m-2025-06.csv
futures/um/monthly/klines/algousdt/1m/ALGOUSDT-1m-2025-07.csv
futures/um/monthly/klines/algousdt/1m/ALGOUSDT-1m-2025-08.csv
futures/um/monthly/klines/algousdt/1m/ALGOUSDT-1m-2025-09.csv
futures/um/monthly/klines/algousdt/1m/ALGOUSDT-1m-2025-10.csv
futures/um/monthly/klines/algousdt/1m/ALGOUSDT-1m-2025-11.csv
futures/um/monthly/klines/algousdt/1m/ALGOUSDT-1m-2025-12.csv
futures/um/monthly/klines/algousdt/1m/ALGOUSDT-1m-2026-01.csv
futures/um/monthly/klines/algousdt/1m/ALGOUSDT-1m-2026-02.csv
futures/um/monthly/klines/algousdt/1m/ALGOUSDT-1m-2026-03.csv
futures/um/monthly/klines/algousdt/1m/ALGOUSDT-1m-2026-04.csv
futures/um/monthly/klines/algousdt/1m/ALGOUSDT-1m-2026-05.csv
futures/um/monthly/klines/algousdt/1m/ALGOUSDT-1m-2026-06.csv
futures/um/monthly/klines/algousdt/1m/ALGOUSDT-1m-2026-07.csv
futures/um/monthly/klines/algousdt/1m/ALGOUSDT-1m-2026-08.csv
futures/um/monthly/klines/aliceusdt/1m/ALICEUSDT-1m-2021-03.csv
futures/um/monthly/klines/aliceusdt/1m/ALICEUSDT-1m-2021-04.csv
futures/um/monthly/klines/aliceusdt/1m/ALICEUSDT-1m-2021-05.csv
futures/um/monthly/klines/aliceusdt/1m/ALICEUSDT-1m-2021-06.csv
futures/um/monthly/klines/aliceusdt/1m/ALICEUSDT-1m-2021-07.csv
futures/um/monthly/klines/aliceusdt/1m/ALICEUSDT-1m-2021-08.csv
futures/um/monthly/klines/aliceusdt/1m/ALICEUSDT-1m-2021-09.csv
futures/um/monthly/klines/aliceusdt/1m/ALICEUSDT-1m-2021-10.csv
futures/um/monthly/klines/aliceusdt/1m/ALICEUSDT-1m-2021-11.csv
futures/um/monthly/klines/aliceusdt/1m/ALICEUSDT-1m-2021-12.csv
futures/um/monthly/klines/aliceusdt/1m/ALICEUSDT-1m-2022-01.csv
futures/um/monthly/klines/aliceusdt/1m/ALICEUSDT-1m-2022-02.csv
futures/um/monthly/klines/aliceusdt/1m/ALICEUSDT-1m-2022-03.csv
futures/um/monthly/klines/aliceusdt/1m/ALICEUSDT-1m-2022-04.csv
futures/um/monthly/klines/aliceusdt/1m/ALICEUSDT-1m-2022-05.csv
futures/um/monthly/klines/aliceusdt/1m/ALICEUSDT-1m-2022-06.csv
futures/um/monthly/klines/aliceusdt/1m/ALICEUSDT-1m-2022-07.csv
futures/um/monthly/klines/aliceusdt/1m/ALICEUSDT-1m-2022-08.csv
futures/um/monthly/klines/aliceusdt/1m/ALICEUSDT-1m-2022-09.csv
futures/um/monthly/klines/aliceusdt/1m/ALICEUSDT-1m-2022-10.csv
futures/um/monthly/klines/aliceusdt/1m/ALICEUSDT-1m-2022-11.csv
futures/um/monthly/klines/aliceusdt/1m/ALICEUSDT-1m-2022-12.csv
futures/um/monthly/klines/aliceusdt/1m/ALICEUSDT-1m-2023-01.csv
futures/um/monthly/klines/aliceusdt/1m/ALICEUSDT-1m-2023-02.csv
futures/um/monthly/klines/aliceusdt/1m/ALICEUSDT-1m-2023-03.csv
futures/um/monthly/klines/aliceusdt/1m/ALICEUSDT-1m-2023-04.csv
futures/um/monthly/klines/aliceusdt/1m/ALICEUSDT-1m-2023-05.csv
futures/um/monthly/klines/aliceusdt/1m/ALICEUSDT-1m-2023-06.csv
futures/um/monthly/klines/aliceusdt/1m/ALICEUSDT-1m-2023-07.csv
futures/um/monthly/klines/aliceusdt/1m/ALICEUSDT-1m-2023-08.csv
futures/um/monthly/klines/aliceusdt/1m/ALICEUSDT-1m-2023-09.csv
futures/um/monthly/klines/aliceusdt/1m/ALICEUSDT-1m-2023-10.csv
futures/um/monthly/klines/aliceusdt/1m/ALICEUSDT-1m-2023-11.csv
futures/um/monthly/klines/aliceusdt/1m/ALICEUSDT-1m-2023-12.csv
futures/um/monthly/klines/aliceusdt/1m/ALICEUSDT-1m-2024-01.csv
futures/um/monthly/klines/aliceusdt/1m/ALICEUSDT-1m-2024-02.csv
futures/um/monthly/klines/aliceusdt/1m/ALICEUSDT-1m-2024-03.csv
futures/um/monthly/klines/aliceusdt/1m/ALICEUSDT-1m-2024-04.csv
futures/um/monthly/klines/aliceusdt/1m/ALICEUSDT-1m-2024-05.csv
futures/um/monthly/klines/aliceusdt/1m/ALICEUSDT-1m-2024-06.csv
futures/um/monthly/klines/aliceusdt/1m/ALICEUSDT-1m-2024-07.csv
futures/um/monthly/klines/aliceusdt/1m/ALICEUSDT-1m-2024-08.csv
futures/um/monthly/klines/aliceusdt/1m/ALICEUSDT-1m-2024-09.csv
futures/um/monthly/klines/aliceusdt/1m/ALICEUSDT-1m-2024-10.csv
futures/um/monthly/klines/aliceusdt/1m/ALICEUSDT-1m-2024-11.csv
futures/um/monthly/klines/aliceusdt/1m/ALICEUSDT-1m-2024-12.csv
futures/um/monthly/klines/aliceusdt/1m/ALICEUSDT-1m-2025-01.csv
futures/um/monthly/klines/aliceusdt/1m/ALICEUSDT-1m-2025-02.csv
futures/um/monthly/klines/aliceusdt/1m/ALICEUSDT-1m-2025-03.csv
futures/um/monthly/klines/aliceusdt/1m/ALICEUSDT-1m-2025-04.csv
futures/um/monthly/klines/aliceusdt/1m/ALICEUSDT-1m-2025-05.csv
futures/um/monthly/klines/aliceusdt/1m/ALICEUSDT-1m-2025-06.csv
futures/um/monthly/klines/aliceusdt/1m/ALICEUSDT-1m-2025-07.csv
futures/um/monthly/klines/aliceusdt/1m/ALICEUSDT-1m-2025-08.csv
futures/um/monthly/klines/aliceusdt/1m/ALICEUSDT-1m-2025-09.csv
futures/um/monthly/klines/aliceusdt/1m/ALICEUSDT-1m-2025-10.csv
futures/um/monthly/klines/aliceusdt/1m/ALICEUSDT-1m-2025-11.csv
futures/um/monthly/klines/aliceusdt/1m/ALICEUSDT-1m-2025-12.csv
futures/um/monthly/klines/aliceusdt/1m/ALICEUSDT-1m-2026-01.csv
futures/um/monthly/klines/aliceusdt/1m/ALICEUSDT-1m-2026-02.csv
futures/um/monthly/klines/aliceusdt/1m/ALICEUSDT-1m-2026-03.csv
futures/um/monthly/klines/aliceusdt/1m/ALICEUSDT-1m-2026-04.csv
futures/um/monthly/klines/aliceusdt/1m/ALICEUSDT-1m-2026-05.csv
futures/um/monthly/klines/aliceusdt/1m/ALICEUSDT-1m-2026-06.csv
futures/um/monthly/klines/aliceusdt/1m/ALICEUSDT-1m-2026-07.csv
futures/um/monthly/klines/aliceusdt/1m/ALICEUSDT-1m-2026-08.csv
futures/um/monthly/klines/allousdt/1m/ALLOUSDT-1m-2025-11.csv
futures/um/monthly/klines/allousdt/1m/ALLOUSDT-1m-2025-12.csv
futures/um/monthly/klines/allousdt/1m/ALLOUSDT-1m-2026-01.csv
futures/um/monthly/klines/allousdt/1m/ALLOUSDT-1m-2026-02.csv
futures/um/monthly/klines/allousdt/1m/ALLOUSDT-1m-2026-03.csv
futures/um/monthly/klines/allousdt/1m/ALLOUSDT-1m-2026-04.csv
futures/um/monthly/klines/allousdt/1m/ALLOUSDT-1m-2026-05.csv
futures/um/monthly/klines/allousdt/1m/ALLOUSDT-1m-2026-06.csv
futures/um/monthly/klines/allousdt/1m/ALLOUSDT-1m-2026-07.csv
futures/um/monthly/klines/allousdt/1m/ALLOUSDT-1m-2026-08.csv
futures/um/monthly/klines/allusdt/1m/ALLUSDT-1m-2025-08.csv
futures/um/monthly/klines/allusdt/1m/ALLUSDT-1m-2025-09.csv
futures/um/monthly/klines/allusdt/1m/ALLUSDT-1m-2025-10.csv
futures/um/monthly/klines/allusdt/1m/ALLUSDT-1m-2025-11.csv
futures/um/monthly/klines/allusdt/1m/ALLUSDT-1m-2025-12.csv
futures/um/monthly/klines/allusdt/1m/ALLUSDT-1m-2026-01.csv
futures/um/monthly/klines/allusdt/1m/ALLUSDT-1m-2026-02.csv
futures/um/monthly/klines/allusdt/1m/ALLUSDT-1m-2026-03.csv
futures/um/monthly/klines/allusdt/1m/ALLUSDT-1m-2026-04.csv
futures/um/monthly/klines/allusdt/1m/ALLUSDT-1m-2026-05.csv
futures/um/monthly/klines/allusdt/1m/ALLUSDT-1m-2026-06.csv
futures/um/monthly/klines/allusdt/1m/ALLUSDT-1m-2026-07.csv
futures/um/monthly/klines/allusdt/1m/ALLUSDT-1m-2026-08.csv
futures/um/monthly/klines/alpineusdt/1m/ALPINEUSDT-1m-2025-05.csv
futures/um/monthly/klines/alpineusdt/1m/ALPINEUSDT-1m-2025-06.csv
futures/um/monthly/klines/alpineusdt/1m/ALPINEUSDT-1m-2025-07.csv
futures/um/monthly/klines/alpineusdt/1m/ALPINEUSDT-1m-2025-08.csv
futures/um/monthly/klines/alpineusdt/1m/ALPINEUSDT-1m-2025-09.csv
futures/um/monthly/klines/alpineusdt/1m/ALPINEUSDT-1m-2025-10.csv
futures/um/monthly/klines/alpineusdt/1m/ALPINEUSDT-1m-2025-11.csv
futures/um/monthly/klines/alpineusdt/1m/ALPINEUSDT-1m-2025-12.csv
futures/um/monthly/klines/alpineusdt/1m/ALPINEUSDT-1m-2026-01.csv
futures/um/monthly/klines/alpineusdt/1m/ALPINEUSDT-1m-2026-02.csv
futures/um/monthly/klines/alpineusdt/1m/ALPINEUSDT-1m-2026-03.csv
futures/um/monthly/klines/alpineusdt/1m/ALPINEUSDT-1m-2026-04.csv
futures/um/monthly/klines/alpineusdt/1m/ALPINEUSDT-1m-2026-05.csv
futures/um/monthly/klines/alpineusdt/1m/ALPINEUSDT-1m-2026-06.csv
futures/um/monthly/klines/alpineusdt/1m/ALPINEUSDT-1m-2026-07.csv
futures/um/monthly/klines/alpineusdt/1m/ALPINEUSDT-1m-2026-08.csv
futures/um/monthly/klines/altusdt/1m/ALTUSDT-1m-2024-01.csv
futures/um/monthly/klines/altusdt/1m/ALTUSDT-1m-2024-02.csv
futures/um/monthly/klines/altusdt/1m/ALTUSDT-1m-2024-03.csv
futures/um/monthly/klines/altusdt/1m/ALTUSDT-1m-2024-04.csv
futures/um/monthly/klines/altusdt/1m/ALTUSDT-1m-2024-05.csv
futures/um/monthly/klines/altusdt/1m/ALTUSDT-1m-2024-06.csv
futures/um/monthly/klines/altusdt/1m/ALTUSDT-1m-2024-07.csv
futures/um/monthly/klines/altusdt/1m/ALTUSDT-1m-2024-08.csv
futures/um/monthly/klines/altusdt/1m/ALTUSDT-1m-2024-09.csv
futures/um/monthly/klines/altusdt/1m/ALTUSDT-1m-2024-10.csv
futures/um/monthly/klines/altusdt/1m/ALTUSDT-1m-2024-11.csv
futures/um/monthly/klines/altusdt/1m/ALTUSDT-1m-2024-12.csv
futures/um/monthly/klines/altusdt/1m/ALTUSDT-1m-2025-01.csv
futures/um/monthly/klines/altusdt/1m/ALTUSDT-1m-2025-02.csv
futures/um/monthly/klines/altusdt/1m/ALTUSDT-1m-2025-03.csv
futures/um/monthly/klines/altusdt/1m/ALTUSDT-1m-2025-04.csv
futures/um/monthly/klines/altusdt/1m/ALTUSDT-1m-2025-05.csv
futures/um/monthly/klines/altusdt/1m/ALTUSDT-1m-2025-06.csv
futures/um/monthly/klines/altusdt/1m/ALTUSDT-1m-2025-07.csv
futures/um/monthly/klines/altusdt/1m/ALTUSDT-1m-2025-08.csv
futures/um/monthly/klines/altusdt/1m/ALTUSDT-1m-2025-09.csv
futures/um/monthly/klines/altusdt/1m/ALTUSDT-1m-2025-10.csv
futures/um/monthly/klines/altusdt/1m/ALTUSDT-1m-2025-11.csv
futures/um/monthly/klines/altusdt/1m/ALTUSDT-1m-2025-12.csv
futures/um/monthly/klines/altusdt/1m/ALTUSDT-1m-2026-01.csv
futures/um/monthly/klines/altusdt/1m/ALTUSDT-1m-2026-02.csv
futures/um/monthly/klines/altusdt/1m/ALTUSDT-1m-2026-03.csv
futures/um/monthly/klines/altusdt/1m/ALTUSDT-1m-2026-04.csv
futures/um/monthly/klines/altusdt/1m/ALTUSDT-1m-2026-05.csv
futures/um/monthly/klines/altusdt/1m/ALTUSDT-1m-2026-06.csv
futures/um/monthly/klines/altusdt/1m/ALTUSDT-1m-2026-07.csv
futures/um/monthly/klines/altusdt/1m/ALTUSDT-1m-2026-08.csv
futures/um/monthly/klines/animeusdt/1m/ANIMEUSDT-1m-2025-01.csv
futures/um/monthly/klines/animeusdt/1m/ANIMEUSDT-1m-2025-02.csv
futures/um/monthly/klines/animeusdt/1m/ANIMEUSDT-1m-2025-03.csv
futures/um/monthly/klines/animeusdt/1m/ANIMEUSDT-1m-2025-04.csv
futures/um/monthly/klines/animeusdt/1m/ANIMEUSDT-1m-2025-05.csv
futures/um/monthly/klines/animeusdt/1m/ANIMEUSDT-1m-2025-06.csv
futures/um/monthly/klines/animeusdt/1m/ANIMEUSDT-1m-2025-07.csv
futures/um/monthly/klines/animeusdt/1m/ANIMEUSDT-1m-2025-08.csv
futures/um/monthly/klines/animeusdt/1m/ANIMEUSDT-1m-2025-09.csv
futures/um/monthly/klines/animeusdt/1m/ANIMEUSDT-1m-2025-10.csv
futures/um/monthly/klines/animeusdt/1m/ANIMEUSDT-1m-2025-11.csv
futures/um/monthly/klines/animeusdt/1m/ANIMEUSDT-1m-2025-12.csv
futures/um/monthly/klines/animeusdt/1m/ANIMEUSDT-1m-2026-01.csv
futures/um/monthly/klines/animeusdt/1m/ANIMEUSDT-1m-2026-02.csv
futures/um/monthly/klines/animeusdt/1m/ANIMEUSDT-1m-2026-03.csv
futures/um/monthly/klines/animeusdt/1m/ANIMEUSDT-1m-2026-04.csv
futures/um/monthly/klines/animeusdt/1m/ANIMEUSDT-1m-2026-05.csv
futures/um/monthly/klines/animeusdt/1m/ANIMEUSDT-1m-2026-06.csv
futures/um/monthly/klines/animeusdt/1m/ANIMEUSDT-1m-2026-07.csv
futures/um/monthly/klines/animeusdt/1m/ANIMEUSDT-1m-2026-08.csv
futures/um/monthly/klines/ankrusdt/1m/ANKRUSDT-1m-2021-01.csv
futures/um/monthly/klines/ankrusdt/1m/ANKRUSDT-1m-2021-02.csv
futures/um/monthly/klines/ankrusdt/1m/ANKRUSDT-1m-2021-03.csv
futures/um/monthly/klines/ankrusdt/1m/ANKRUSDT-1m-2021-04.csv
futures/um/monthly/klines/ankrusdt/1m/ANKRUSDT-1m-2021-05.csv
futures/um/monthly/klines/ankrusdt/1m/ANKRUSDT-1m-2021-06.csv
futures/um/monthly/klines/ankrusdt/1m/ANKRUSDT-1m-2021-07.csv
futures/um/monthly/klines/ankrusdt/1m/ANKRUSDT-1m-2021-08.csv
futures/um/monthly/klines/ankrusdt/1m/ANKRUSDT-1m-2021-09.csv
futures/um/monthly/klines/ankrusdt/1m/ANKRUSDT-1m-2021-10.csv
futures/um/monthly/klines/ankrusdt/1m/ANKRUSDT-1m-2021-11.csv
futures/um/monthly/klines/ankrusdt/1m/ANKRUSDT-1m-2021-12.csv
futures/um/monthly/klines/ankrusdt/1m/ANKRUSDT-1m-2022-01.csv
futures/um/monthly/klines/ankrusdt/1m/ANKRUSDT-1m-2022-02.csv
futures/um/monthly/klines/ankrusdt/1m/ANKRUSDT-1m-2022-03.csv
futures/um/monthly/klines/ankrusdt/1m/ANKRUSDT-1m-2022-04.csv
futures/um/monthly/klines/ankrusdt/1m/ANKRUSDT-1m-2022-05.csv
futures/um/monthly/klines/ankrusdt/1m/ANKRUSDT-1m-2022-06.csv
futures/um/monthly/klines/ankrusdt/1m/ANKRUSDT-1m-2022-07.csv
futures/um/monthly/klines/ankrusdt/1m/ANKRUSDT-1m-2022-08.csv
futures/um/monthly/klines/ankrusdt/1m/ANKRUSDT-1m-2022-09.csv
futures/um/monthly/klines/ankrusdt/1m/ANKRUSDT-1m-2022-10.csv
futures/um/monthly/klines/ankrusdt/1m/ANKRUSDT-1m-2022-11.csv
futures/um/monthly/klines/ankrusdt/1m/ANKRUSDT-1m-2022-12.csv
futures/um/monthly/klines/ankrusdt/1m/ANKRUSDT-1m-2023-01.csv
futures/um/monthly/klines/ankrusdt/1m/ANKRUSDT-1m-2023-02.csv
futures/um/monthly/klines/ankrusdt/1m/ANKRUSDT-1m-2023-03.csv
futures/um/monthly/klines/ankrusdt/1m/ANKRUSDT-1m-2023-04.csv
futures/um/monthly/klines/ankrusdt/1m/ANKRUSDT-1m-2023-05.csv
futures/um/monthly/klines/ankrusdt/1m/ANKRUSDT-1m-2023-06.csv
futures/um/monthly/klines/ankrusdt/1m/ANKRUSDT-1m-2023-07.csv
futures/um/monthly/klines/ankrusdt/1m/ANKRUSDT-1m-2023-08.csv
futures/um/monthly/klines/ankrusdt/1m/ANKRUSDT-1m-2023-09.csv
futures/um/monthly/klines/ankrusdt/1m/ANKRUSDT-1m-2023-10.csv
futures/um/monthly/klines/ankrusdt/1m/ANKRUSDT-1m-2023-11.csv
futures/um/monthly/klines/ankrusdt/1m/ANKRUSDT-1m-2023-12.csv
futures/um/monthly/klines/ankrusdt/1m/ANKRUSDT-1m-2024-01.csv
futures/um/monthly/klines/ankrusdt/1m/ANKRUSDT-1m-2024-02.csv
futures/um/monthly/klines/ankrusdt/1m/ANKRUSDT-1m-2024-03.csv
futures/um/monthly/klines/ankrusdt/1m/ANKRUSDT-1m-2024-04.csv
futures/um/monthly/klines/ankrusdt/1m/ANKRUSDT-1m-2024-05.csv
futures/um/monthly/klines/ankrusdt/1m/ANKRUSDT-1m-2024-06.csv
futures/um/monthly/klines/ankrusdt/1m/ANKRUSDT-1m-2024-07.csv
futures/um/monthly/klines/ankrusdt/1m/ANKRUSDT-1m-2024-08.csv
futures/um/monthly/klines/ankrusdt/1m/ANKRUSDT-1m-2024-09.csv
futures/um/monthly/klines/ankrusdt/1m/ANKRUSDT-1m-2024-10.csv
futures/um/monthly/klines/ankrusdt/1m/ANKRUSDT-1m-2024-11.csv
futures/um/monthly/klines/ankrusdt/1m/ANKRUSDT-1m-2024-12.csv
futures/um/monthly/klines/ankrusdt/1m/ANKRUSDT-1m-2025-01.csv
futures/um/monthly/klines/ankrusdt/1m/ANKRUSDT-1m-2025-02.csv
futures/um/monthly/klines/ankrusdt/1m/ANKRUSDT-1m-2025-03.csv
futures/um/monthly/klines/ankrusdt/1m/ANKRUSDT-1m-2025-04.csv
futures/um/monthly/klines/ankrusdt/1m/ANKRUSDT-1m-2025-05.csv
futures/um/monthly/klines/ankrusdt/1m/ANKRUSDT-1m-2025-06.csv
futures/um/monthly/klines/ankrusdt/1m/ANKRUSDT-1m-2025-07.csv
futures/um/monthly/klines/ankrusdt/1m/ANKRUSDT-1m-2025-08.csv
futures/um/monthly/klines/ankrusdt/1m/ANKRUSDT-1m-2025-09.csv
futures/um/monthly/klines/ankrusdt/1m/ANKRUSDT-1m-2025-10.csv
futures/um/monthly/klines/ankrusdt/1m/ANKRUSDT-1m-2025-11.csv
futures/um/monthly/klines/ankrusdt/1m/ANKRUSDT-1m-2025-12.csv
futures/um/monthly/klines/ankrusdt/1m/ANKRUSDT-1m-2026-01.csv
futures/um/monthly/klines/ankrusdt/1m/ANKRUSDT-1m-2026-02.csv
futures/um/monthly/klines/ankrusdt/1m/ANKRUSDT-1m-2026-03.csv
futures/um/monthly/klines/ankrusdt/1m/ANKRUSDT-1m-2026-04.csv
futures/um/monthly/klines/ankrusdt/1m/ANKRUSDT-1m-2026-05.csv
futures/um/monthly/klines/ankrusdt/1m/ANKRUSDT-1m-2026-06.csv
futures/um/monthly/klines/ankrusdt/1m/ANKRUSDT-1m-2026-07.csv
futures/um/monthly/klines/ankrusdt/1m/ANKRUSDT-1m-2026-08.csv
futures/um/monthly/klines/apeusdt/1m/APEUSDT-1m-2022-03.csv
futures/um/monthly/klines/apeusdt/1m/APEUSDT-1m-2022-04.csv
futures/um/monthly/klines/apeusdt/1m/APEUSDT-1m-2022-05.csv
futures/um/monthly/klines/apeusdt/1m/APEUSDT-1m-2022-06.csv
futures/um/monthly/klines/apeusdt/1m/APEUSDT-1m-2022-07.csv
futures/um/monthly/klines/apeusdt/1m/APEUSDT-1m-2022-08.csv
futures/um/monthly/klines/apeusdt/1m/APEUSDT-1m-2022-09.csv
futures/um/monthly/klines/apeusdt/1m/APEUSDT-1m-2022-10.csv
futures/um/monthly/klines/apeusdt/1m/APEUSDT-1m-2022-11.csv
futures/um/monthly/klines/apeusdt/1m/APEUSDT-1m-2022-12.csv
futures/um/monthly/klines/apeusdt/1m/APEUSDT-1m-2023-01.csv
futures/um/monthly/klines/apeusdt/1m/APEUSDT-1m-2023-02.csv
futures/um/monthly/klines/apeusdt/1m/APEUSDT-1m-2023-03.csv
futures/um/monthly/klines/apeusdt/1m/APEUSDT-1m-2023-04.csv
futures/um/monthly/klines/apeusdt/1m/APEUSDT-1m-2023-05.csv
futures/um/monthly/klines/apeusdt/1m/APEUSDT-1m-2023-06.csv
futures/um/monthly/klines/apeusdt/1m/APEUSDT-1m-2023-07.csv
futures/um/monthly/klines/apeusdt/1m/APEUSDT-1m-2023-08.csv
futures/um/monthly/klines/apeusdt/1m/APEUSDT-1m-2023-09.csv
futures/um/monthly/klines/apeusdt/1m/APEUSDT-1m-2023-10.csv
futures/um/monthly/klines/apeusdt/1m/APEUSDT-1m-2023-11.csv
futures/um/monthly/klines/apeusdt/1m/APEUSDT-1m-2023-12.csv
futures/um/monthly/klines/apeusdt/1m/APEUSDT-1m-2024-01.csv
futures/um/monthly/klines/apeusdt/1m/APEUSDT-1m-2024-02.csv
futures/um/monthly/klines/apeusdt/1m/APEUSDT-1m-2024-03.csv
futures/um/monthly/klines/apeusdt/1m/APEUSDT-1m-2024-04.csv
futures/um/monthly/klines/apeusdt/1m/APEUSDT-1m-2024-05.csv
futures/um/monthly/klines/apeusdt/1m/APEUSDT-1m-2024-06.csv
futures/um/monthly/klines/apeusdt/1m/APEUSDT-1m-2024-07.csv
futures/um/monthly/klines/apeusdt/1m/APEUSDT-1m-2024-08.csv
futures/um/monthly/klines/apeusdt/1m/APEUSDT-1m-2024-09.csv
futures/um/monthly/klines/apeusdt/1m/APEUSDT-1m-2024-10.csv
futures/um/monthly/klines/apeusdt/1m/APEUSDT-1m-2024-11.csv
futures/um/monthly/klines/apeusdt/1m/APEUSDT-1m-2024-12.csv
futures/um/monthly/klines/apeusdt/1m/APEUSDT-1m-2025-01.csv
futures/um/monthly/klines/apeusdt/1m/APEUSDT-1m-2025-02.csv
futures/um/monthly/klines/apeusdt/1m/APEUSDT-1m-2025-03.csv
futures/um/monthly/klines/apeusdt/1m/APEUSDT-1m-2025-04.csv
futures/um/monthly/klines/apeusdt/1m/APEUSDT-1m-2025-05.csv
futures/um/monthly/klines/apeusdt/1m/APEUSDT-1m-2025-06.csv
futures/um/monthly/klines/apeusdt/1m/APEUSDT-1m-2025-07.csv
futures/um/monthly/klines/apeusdt/1m/APEUSDT-1m-2025-08.csv
futures/um/monthly/klines/apeusdt/1m/APEUSDT-1m-2025-09.csv
futures/um/monthly/klines/apeusdt/1m/APEUSDT-1m-2025-10.csv
futures/um/monthly/klines/apeusdt/1m/APEUSDT-1m-2025-11.csv
futures/um/monthly/klines/apeusdt/1m/APEUSDT-1m-2025-12.csv
futures/um/monthly/klines/apeusdt/1m/APEUSDT-1m-2026-01.csv
futures/um/monthly/klines/apeusdt/1m/APEUSDT-1m-2026-02.csv
futures/um/monthly/klines/apeusdt/1m/APEUSDT-1m-2026-03.csv
futures/um/monthly/klines/apeusdt/1m/APEUSDT-1m-2026-04.csv
futures/um/monthly/klines/apeusdt/1m/APEUSDT-1m-2026-05.csv
futures/um/monthly/klines/apeusdt/1m/APEUSDT-1m-2026-06.csv
futures/um/monthly/klines/apeusdt/1m/APEUSDT-1m-2026-07.csv
futures/um/monthly/klines/apeusdt/1m/APEUSDT-1m-2026-08.csv
futures/um/monthly/klines/api3usdt/1m/API3USDT-1m-2022-02.csv
futures/um/monthly/klines/api3usdt/1m/API3USDT-1m-2022-03.csv
futures/um/monthly/klines/api3usdt/1m/API3USDT-1m-2022-04.csv
futures/um/monthly/klines/api3usdt/1m/API3USDT-1m-2022-05.csv
futures/um/monthly/klines/api3usdt/1m/API3USDT-1m-2022-06.csv
futures/um/monthly/klines/api3usdt/1m/API3USDT-1m-2022-07.csv
futures/um/monthly/klines/api3usdt/1m/API3USDT-1m-2022-08.csv
futures/um/monthly/klines/api3usdt/1m/API3USDT-1m-2022-09.csv
futures/um/monthly/klines/api3usdt/1m/API3USDT-1m-2022-10.csv
futures/um/monthly/klines/api3usdt/1m/API3USDT-1m-2022-11.csv
futures/um/monthly/klines/api3usdt/1m/API3USDT-1m-2022-12.csv
futures/um/monthly/klines/api3usdt/1m/API3USDT-1m-2023-01.csv
futures/um/monthly/klines/api3usdt/1m/API3USDT-1m-2023-02.csv
futures/um/monthly/klines/api3usdt/1m/API3USDT-1m-2023-03.csv
futures/um/monthly/klines/api3usdt/1m/API3USDT-1m-2023-04.csv
futures/um/monthly/klines/api3usdt/1m/API3USDT-1m-2023-05.csv
futures/um/monthly/klines/api3usdt/1m/API3USDT-1m-2023-06.csv
futures/um/monthly/klines/api3usdt/1m/API3USDT-1m-2023-07.csv
futures/um/monthly/klines/api3usdt/1m/API3USDT-1m-2023-08.csv
futures/um/monthly/klines/api3usdt/1m/API3USDT-1m-2023-09.csv
futures/um/monthly/klines/api3usdt/1m/API3USDT-1m-2023-10.csv
futures/um/monthly/klines/api3usdt/1m/API3USDT-1m-2023-11.csv
futures/um/monthly/klines/api3usdt/1m/API3USDT-1m-2023-12.csv
futures/um/monthly/klines/api3usdt/1m/API3USDT-1m-2024-01.csv
futures/um/monthly/klines/api3usdt/1m/API3USDT-1m-2024-02.csv
futures/um/monthly/klines/api3usdt/1m/API3USDT-1m-2024-03.csv
futures/um/monthly/klines/api3usdt/1m/API3USDT-1m-2024-04.csv
futures/um/monthly/klines/api3usdt/1m/API3USDT-1m-2024-05.csv
futures/um/monthly/klines/api3usdt/1m/API3USDT-1m-2024-06.csv
futures/um/monthly/klines/api3usdt/1m/API3USDT-1m-2024-07.csv
futures/um/monthly/klines/api3usdt/1m/API3USDT-1m-2024-08.csv
futures/um/monthly/klines/api3usdt/1m/API3USDT-1m-2024-09.csv
futures/um/monthly/klines/api3usdt/1m/API3USDT-1m-2024-10.csv
futures/um/monthly/klines/api3usdt/1m/API3USDT-1m-2024-11.csv
futures/um/monthly/klines/api3usdt/1m/API3USDT-1m-2024-12.csv
futures/um/monthly/klines/api3usdt/1m/API3USDT-1m-2025-01.csv
futures/um/monthly/klines/api3usdt/1m/API3USDT-1m-2025-02.csv
futures/um/monthly/klines/api3usdt/1m/API3USDT-1m-2025-03.csv
futures/um/monthly/klines/api3usdt/1m/API3USDT-1m-2025-04.csv
futures/um/monthly/klines/api3usdt/1m/API3USDT-1m-2025-05.csv
futures/um/monthly/klines/api3usdt/1m/API3USDT-1m-2025-06.csv
futures/um/monthly/klines/api3usdt/1m/API3USDT-1m-2025-07.csv
futures/um/monthly/klines/api3usdt/1m/API3USDT-1m-2025-08.csv
futures/um/monthly/klines/api3usdt/1m/API3USDT-1m-2025-09.csv
futures/um/monthly/klines/api3usdt/1m/API3USDT-1m-2025-10.csv
futures/um/monthly/klines/api3usdt/1m/API3USDT-1m-2025-11.csv
futures/um/monthly/klines/api3usdt/1m/API3USDT-1m-2025-12.csv
futures/um/monthly/klines/api3usdt/1m/API3USDT-1m-2026-01.csv
futures/um/monthly/klines/api3usdt/1m/API3USDT-1m-2026-02.csv
futures/um/monthly/klines/api3usdt/1m/API3USDT-1m-2026-03.csv
futures/um/monthly/klines/api3usdt/1m/API3USDT-1m-2026-04.csv
futures/um/monthly/klines/api3usdt/1m/API3USDT-1m-2026-05.csv
futures/um/monthly/klines/api3usdt/1m/API3USDT-1m-2026-06.csv
futures/um/monthly/klines/api3usdt/1m/API3USDT-1m-2026-07.csv
futures/um/monthly/klines/api3usdt/1m/API3USDT-1m-2026-08.csv
futures/um/monthly/klines/aprusdt/1m/APRUSDT-1m-2025-10.csv
futures/um/monthly/klines/aprusdt/1m/APRUSDT-1m-2025-11.csv
futures/um/monthly/klines/aprusdt/1m/APRUSDT-1m-2025-12.csv
futures/um/monthly/klines/aprusdt/1m/APRUSDT-1m-2026-01.csv
futures/um/monthly/klines/aprusdt/1m/APRUSDT-1m-2026-02.csv
futures/um/monthly/klines/aprusdt/1m/APRUSDT-1m-2026-03.csv
futures/um/monthly/klines/aprusdt/1m/APRUSDT-1m-2026-04.csv
futures/um/monthly/klines/aprusdt/1m/APRUSDT-1m-2026-05.csv
futures/um/monthly/klines/aprusdt/1m/APRUSDT-1m-2026-06.csv
futures/um/monthly/klines/aprusdt/1m/APRUSDT-1m-2026-07.csv
futures/um/monthly/klines/aprusdt/1m/APRUSDT-1m-2026-08.csv
futures/um/monthly/klines/aptusdt/1m/APTUSDT-1m-2022-10.csv
futures/um/monthly/klines/aptusdt/1m/APTUSDT-1m-2022-11.csv
futures/um/monthly/klines/aptusdt/1m/APTUSDT-1m-2022-12.csv
futures/um/monthly/klines/aptusdt/1m/APTUSDT-1m-2023-01.csv
futures/um/monthly/klines/aptusdt/1m/APTUSDT-1m-2023-02.csv
futures/um/monthly/klines/aptusdt/1m/APTUSDT-1m-2023-03.csv
futures/um/monthly/klines/aptusdt/1m/APTUSDT-1m-2023-04.csv
futures/um/monthly/klines/aptusdt/1m/APTUSDT-1m-2023-05.csv
futures/um/monthly/klines/aptusdt/1m/APTUSDT-1m-2023-06.csv
futures/um/monthly/klines/aptusdt/1m/APTUSDT-1m-2023-07.csv
futures/um/monthly/klines/aptusdt/1m/APTUSDT-1m-2023-08.csv
futures/um/monthly/klines/aptusdt/1m/APTUSDT-1m-2023-09.csv
futures/um/monthly/klines/aptusdt/1m/APTUSDT-1m-2023-10.csv
futures/um/monthly/klines/aptusdt/1m/APTUSDT-1m-2023-11.csv
futures/um/monthly/klines/aptusdt/1m/APTUSDT-1m-2023-12.csv
futures/um/monthly/klines/aptusdt/1m/APTUSDT-1m-2024-01.csv
futures/um/monthly/klines/aptusdt/1m/APTUSDT-1m-2024-02.csv
futures/um/monthly/klines/aptusdt/1m/APTUSDT-1m-2024-03.csv
futures/um/monthly/klines/aptusdt/1m/APTUSDT-1m-2024-04.csv
futures/um/monthly/klines/aptusdt/1m/APTUSDT-1m-2024-05.csv
futures/um/monthly/klines/aptusdt/1m/APTUSDT-1m-2024-06.csv
futures/um/monthly/klines/aptusdt/1m/APTUSDT-1m-2024-07.csv
futures/um/monthly/klines/aptusdt/1m/APTUSDT-1m-2024-08.csv
futures/um/monthly/klines/aptusdt/1m/APTUSDT-1m-2024-09.csv
futures/um/monthly/klines/aptusdt/1m/APTUSDT-1m-2024-10.csv
futures/um/monthly/klines/aptusdt/1m/APTUSDT-1m-2024-11.csv
futures/um/monthly/klines/aptusdt/1m/APTUSDT-1m-2024-12.csv
futures/um/monthly/klines/aptusdt/1m/APTUSDT-1m-2025-01.csv
futures/um/monthly/klines/aptusdt/1m/APTUSDT-1m-2025-02.csv
futures/um/monthly/klines/aptusdt/1m/APTUSDT-1m-2025-03.csv
futures/um/monthly/klines/aptusdt/1m/APTUSDT-1m-2025-04.csv
futures/um/monthly/klines/aptusdt/1m/APTUSDT-1m-2025-05.csv
futures/um/monthly/klines/aptusdt/1m/APTUSDT-1m-2025-06.csv
futures/um/monthly/klines/aptusdt/1m/APTUSDT-1m-2025-07.csv
futures/um/monthly/klines/aptusdt/1m/APTUSDT-1m-2025-08.csv
futures/um/monthly/klines/aptusdt/1m/APTUSDT-1m-2025-09.csv
futures/um/monthly/klines/aptusdt/1m/APTUSDT-1m-2025-10.csv
futures/um/monthly/klines/aptusdt/1m/APTUSDT-1m-2025-11.csv
futures/um/monthly/klines/aptusdt/1m/APTUSDT-1m-2025-12.csv
futures/um/monthly/klines/aptusdt/1m/APTUSDT-1m-2026-01.csv
futures/um/monthly/klines/aptusdt/1m/APTUSDT-1m-2026-02.csv
futures/um/monthly/klines/aptusdt/1m/APTUSDT-1m-2026-03.csv
futures/um/monthly/klines/aptusdt/1m/APTUSDT-1m-2026-04.csv
futures/um/monthly/klines/aptusdt/1m/APTUSDT-1m-2026-05.csv
futures/um/monthly/klines/aptusdt/1m/APTUSDT-1m-2026-06.csv
futures/um/monthly/klines/aptusdt/1m/APTUSDT-1m-2026-07.csv
futures/um/monthly/klines/aptusdt/1m/APTUSDT-1m-2026-08.csv
futures/um/monthly/klines/arbusdt/1m/ARBUSDT-1m-2023-03.csv
futures/um/monthly/klines/arbusdt/1m/ARBUSDT-1m-2023-04.csv
futures/um/monthly/klines/arbusdt/1m/ARBUSDT-1m-2023-05.csv
futures/um/monthly/klines/arbusdt/1m/ARBUSDT-1m-2023-06.csv
futures/um/monthly/klines/arbusdt/1m/ARBUSDT-1m-2023-07.csv
futures/um/monthly/klines/arbusdt/1m/ARBUSDT-1m-2023-08.csv
futures/um/monthly/klines/arbusdt/1m/ARBUSDT-1m-2023-09.csv
futures/um/monthly/klines/arbusdt/1m/ARBUSDT-1m-2023-10.csv
futures/um/monthly/klines/arbusdt/1m/ARBUSDT-1m-2023-11.csv
futures/um/monthly/klines/arbusdt/1m/ARBUSDT-1m-2023-12.csv
futures/um/monthly/klines/arbusdt/1m/ARBUSDT-1m-2024-01.csv
futures/um/monthly/klines/arbusdt/1m/ARBUSDT-1m-2024-02.csv
futures/um/monthly/klines/arbusdt/1m/ARBUSDT-1m-2024-03.csv
futures/um/monthly/klines/arbusdt/1m/ARBUSDT-1m-2024-04.csv
futures/um/monthly/klines/arbusdt/1m/ARBUSDT-1m-2024-05.csv
futures/um/monthly/klines/arbusdt/1m/ARBUSDT-1m-2024-06.csv
futures/um/monthly/klines/arbusdt/1m/ARBUSDT-1m-2024-07.csv
futures/um/monthly/klines/arbusdt/1m/ARBUSDT-1m-2024-08.csv
futures/um/monthly/klines/arbusdt/1m/ARBUSDT-1m-2024-09.csv
futures/um/monthly/klines/arbusdt/1m/ARBUSDT-1m-2024-10.csv
futures/um/monthly/klines/arbusdt/1m/ARBUSDT-1m-2024-11.csv
futures/um/monthly/klines/arbusdt/1m/ARBUSDT-1m-2024-12.csv
futures/um/monthly/klines/arbusdt/1m/ARBUSDT-1m-2025-01.csv
futures/um/monthly/klines/arbusdt/1m/ARBUSDT-1m-2025-02.csv
futures/um/monthly/klines/arbusdt/1m/ARBUSDT-1m-2025-03.csv
futures/um/monthly/klines/arbusdt/1m/ARBUSDT-1m-2025-04.csv
futures/um/monthly/klines/arbusdt/1m/ARBUSDT-1m-2025-05.csv
futures/um/monthly/klines/arbusdt/1m/ARBUSDT-1m-2025-06.csv
futures/um/monthly/klines/arbusdt/1m/ARBUSDT-1m-2025-07.csv
futures/um/monthly/klines/arbusdt/1m/ARBUSDT-1m-2025-08.csv
futures/um/monthly/klines/arbusdt/1m/ARBUSDT-1m-2025-09.csv
futures/um/monthly/klines/arbusdt/1m/ARBUSDT-1m-2025-10.csv
futures/um/monthly/klines/arbusdt/1m/ARBUSDT-1m-2025-11.csv
futures/um/monthly/klines/arbusdt/1m/ARBUSDT-1m-2025-12.csv
futures/um/monthly/klines/arbusdt/1m/ARBUSDT-1m-2026-01.csv
futures/um/monthly/klines/arbusdt/1m/ARBUSDT-1m-2026-02.csv
futures/um/monthly/klines/arbusdt/1m/ARBUSDT-1m-2026-03.csv
futures/um/monthly/klines/arbusdt/1m/ARBUSDT-1m-2026-04.csv
futures/um/monthly/klines/arbusdt/1m/ARBUSDT-1m-2026-05.csv
futures/um/monthly/klines/arbusdt/1m/ARBUSDT-1m-2026-06.csv
futures/um/monthly/klines/arbusdt/1m/ARBUSDT-1m-2026-07.csv
futures/um/monthly/klines/arbusdt/1m/ARBUSDT-1m-2026-08.csv
futures/um/monthly/klines/arcusdt/1m/ARCUSDT-1m-2025-01.csv
futures/um/monthly/klines/arcusdt/1m/ARCUSDT-1m-2025-02.csv
futures/um/monthly/klines/arcusdt/1m/ARCUSDT-1m-2025-03.csv
futures/um/monthly/klines/arcusdt/1m/ARCUSDT-1m-2025-04.csv
futures/um/monthly/klines/arcusdt/1m/ARCUSDT-1m-2025-05.csv
futures/um/monthly/klines/arcusdt/1m/ARCUSDT-1m-2025-06.csv
futures/um/monthly/klines/arcusdt/1m/ARCUSDT-1m-2025-07.csv
futures/um/monthly/klines/arcusdt/1m/ARCUSDT-1m-2025-08.csv
futures/um/monthly/klines/arcusdt/1m/ARCUSDT-1m-2025-09.csv
futures/um/monthly/klines/arcusdt/1m/ARCUSDT-1m-2025-10.csv
futures/um/monthly/klines/arcusdt/1m/ARCUSDT-1m-2025-11.csv
futures/um/monthly/klines/arcusdt/1m/ARCUSDT-1m-2025-12.csv
futures/um/monthly/klines/arcusdt/1m/ARCUSDT-1m-2026-01.csv
futures/um/monthly/klines/arcusdt/1m/ARCUSDT-1m-2026-02.csv
futures/um/monthly/klines/arcusdt/1m/ARCUSDT-1m-2026-03.csv
futures/um/monthly/klines/arcusdt/1m/ARCUSDT-1m-2026-04.csv
futures/um/monthly/klines/arcusdt/1m/ARCUSDT-1m-2026-05.csv
futures/um/monthly/klines/arcusdt/1m/ARCUSDT-1m-2026-06.csv
futures/um/monthly/klines/arcusdt/1m/ARCUSDT-1m-2026-07.csv
futures/um/monthly/klines/arcusdt/1m/ARCUSDT-1m-2026-08.csv
futures/um/monthly/klines/ariausdt/1m/ARIAUSDT-1m-2025-09.csv
futures/um/monthly/klines/ariausdt/1m/ARIAUSDT-1m-2025-10.csv
futures/um/monthly/klines/ariausdt/1m/ARIAUSDT-1m-2025-11.csv
futures/um/monthly/klines/ariausdt/1m/ARIAUSDT-1m-2025-12.csv
futures/um/monthly/klines/ariausdt/1m/ARIAUSDT-1m-2026-01.csv
futures/um/monthly/klines/ariausdt/1m/ARIAUSDT-1m-2026-02.csv
futures/um/monthly/klines/ariausdt/1m/ARIAUSDT-1m-2026-03.csv
futures/um/monthly/klines/ariausdt/1m/ARIAUSDT-1m-2026-04.csv
futures/um/monthly/klines/ariausdt/1m/ARIAUSDT-1m-2026-05.csv
futures/um/monthly/klines/ariausdt/1m/ARIAUSDT-1m-2026-06.csv
futures/um/monthly/klines/ariausdt/1m/ARIAUSDT-1m-2026-07.csv
futures/um/monthly/klines/ariausdt/1m/ARIAUSDT-1m-2026-08.csv
futures/um/monthly/klines/arkmusdt/1m/ARKMUSDT-1m-2023-07.csv
futures/um/monthly/klines/arkmusdt/1m/ARKMUSDT-1m-2023-08.csv
futures/um/monthly/klines/arkmusdt/1m/ARKMUSDT-1m-2023-09.csv
futures/um/monthly/klines/arkmusdt/1m/ARKMUSDT-1m-2023-10.csv
futures/um/monthly/klines/arkmusdt/1m/ARKMUSDT-1m-2023-11.csv
futures/um/monthly/klines/arkmusdt/1m/ARKMUSDT-1m-2023-12.csv
futures/um/monthly/klines/arkmusdt/1m/ARKMUSDT-1m-2024-01.csv
futures/um/monthly/klines/arkmusdt/1m/ARKMUSDT-1m-2024-02.csv
futures/um/monthly/klines/arkmusdt/1m/ARKMUSDT-1m-2024-03.csv
futures/um/monthly/klines/arkmusdt/1m/ARKMUSDT-1m-2024-04.csv
futures/um/monthly/klines/arkmusdt/1m/ARKMUSDT-1m-2024-05.csv
futures/um/monthly/klines/arkmusdt/1m/ARKMUSDT-1m-2024-06.csv
futures/um/monthly/klines/arkmusdt/1m/ARKMUSDT-1m-2024-07.csv
futures/um/monthly/klines/arkmusdt/1m/ARKMUSDT-1m-2024-08.csv
futures/um/monthly/klines/arkmusdt/1m/ARKMUSDT-1m-2024-09.csv
futures/um/monthly/klines/arkmusdt/1m/ARKMUSDT-1m-2024-10.csv
futures/um/monthly/klines/arkmusdt/1m/ARKMUSDT-1m-2024-11.csv
futures/um/monthly/klines/arkmusdt/1m/ARKMUSDT-1m-2024-12.csv
futures/um/monthly/klines/arkmusdt/1m/ARKMUSDT-1m-2025-01.csv
futures/um/monthly/klines/arkmusdt/1m/ARKMUSDT-1m-2025-02.csv
futures/um/monthly/klines/arkmusdt/1m/ARKMUSDT-1m-2025-03.csv
futures/um/monthly/klines/arkmusdt/1m/ARKMUSDT-1m-2025-04.csv
futures/um/monthly/klines/arkmusdt/1m/ARKMUSDT-1m-2025-05.csv
futures/um/monthly/klines/arkmusdt/1m/ARKMUSDT-1m-2025-06.csv
futures/um/monthly/klines/arkmusdt/1m/ARKMUSDT-1m-2025-07.csv
futures/um/monthly/klines/arkmusdt/1m/ARKMUSDT-1m-2025-08.csv
futures/um/monthly/klines/arkmusdt/1m/ARKMUSDT-1m-2025-09.csv
futures/um/monthly/klines/arkmusdt/1m/ARKMUSDT-1m-2025-10.csv
futures/um/monthly/klines/arkmusdt/1m/ARKMUSDT-1m-2025-11.csv
futures/um/monthly/klines/arkmusdt/1m/ARKMUSDT-1m-2025-12.csv
futures/um/monthly/klines/arkmusdt/1m/ARKMUSDT-1m-2026-01.csv
futures/um/monthly/klines/arkmusdt/1m/ARKMUSDT-1m-2026-02.csv
futures/um/monthly/klines/arkmusdt/1m/ARKMUSDT-1m-2026-03.csv
futures/um/monthly/klines/arkmusdt/1m/ARKMUSDT-1m-2026-04.csv
futures/um/monthly/klines/arkmusdt/1m/ARKMUSDT-1m-2026-05.csv
futures/um/monthly/klines/arkmusdt/1m/ARKMUSDT-1m-2026-06.csv
futures/um/monthly/klines/arkmusdt/1m/ARKMUSDT-1m-2026-07.csv
futures/um/monthly/klines/arkmusdt/1m/ARKMUSDT-1m-2026-08.csv
futures/um/monthly/klines/arkusdt/1m/ARKUSDT-1m-2023-09.csv
futures/um/monthly/klines/arkusdt/1m/ARKUSDT-1m-2023-10.csv
futures/um/monthly/klines/arkusdt/1m/ARKUSDT-1m-2023-11.csv
futures/um/monthly/klines/arkusdt/1m/ARKUSDT-1m-2023-12.csv
futures/um/monthly/klines/arkusdt/1m/ARKUSDT-1m-2024-01.csv
futures/um/monthly/klines/arkusdt/1m/ARKUSDT-1m-2024-02.csv
futures/um/monthly/klines/arkusdt/1m/ARKUSDT-1m-2024-03.csv
futures/um/monthly/klines/arkusdt/1m/ARKUSDT-1m-2024-04.csv
futures/um/monthly/klines/arkusdt/1m/ARKUSDT-1m-2024-05.csv
futures/um/monthly/klines/arkusdt/1m/ARKUSDT-1m-2024-06.csv
futures/um/monthly/klines/arkusdt/1m/ARKUSDT-1m-2024-07.csv
futures/um/monthly/klines/arkusdt/1m/ARKUSDT-1m-2024-08.csv
futures/um/monthly/klines/arkusdt/1m/ARKUSDT-1m-2024-09.csv
futures/um/monthly/klines/arkusdt/1m/ARKUSDT-1m-2024-10.csv
futures/um/monthly/klines/arkusdt/1m/ARKUSDT-1m-2024-11.csv
futures/um/monthly/klines/arkusdt/1m/ARKUSDT-1m-2024-12.csv
futures/um/monthly/klines/arkusdt/1m/ARKUSDT-1m-2025-01.csv
futures/um/monthly/klines/arkusdt/1m/ARKUSDT-1m-2025-02.csv
futures/um/monthly/klines/arkusdt/1m/ARKUSDT-1m-2025-03.csv
futures/um/monthly/klines/arkusdt/1m/ARKUSDT-1m-2025-04.csv
futures/um/monthly/klines/arkusdt/1m/ARKUSDT-1m-2025-05.csv
futures/um/monthly/klines/arkusdt/1m/ARKUSDT-1m-2025-06.csv
futures/um/monthly/klines/arkusdt/1m/ARKUSDT-1m-2025-07.csv
futures/um/monthly/klines/arkusdt/1m/ARKUSDT-1m-2025-08.csv
futures/um/monthly/klines/arkusdt/1m/ARKUSDT-1m-2025-09.csv
futures/um/monthly/klines/arkusdt/1m/ARKUSDT-1m-2025-10.csv
futures/um/monthly/klines/arkusdt/1m/ARKUSDT-1m-2025-11.csv
futures/um/monthly/klines/arkusdt/1m/ARKUSDT-1m-2025-12.csv
futures/um/monthly/klines/arkusdt/1m/ARKUSDT-1m-2026-01.csv
futures/um/monthly/klines/arkusdt/1m/ARKUSDT-1m-2026-02.csv
futures/um/monthly/klines/arkusdt/1m/ARKUSDT-1m-2026-03.csv
futures/um/monthly/klines/arkusdt/1m/ARKUSDT-1m-2026-04.csv
futures/um/monthly/klines/arkusdt/1m/ARKUSDT-1m-2026-05.csv
futures/um/monthly/klines/arkusdt/1m/ARKUSDT-1m-2026-06.csv
futures/um/monthly/klines/arkusdt/1m/ARKUSDT-1m-2026-07.csv
futures/um/monthly/klines/arkusdt/1m/ARKUSDT-1m-2026-08.csv
futures/um/monthly/klines/arpausdt/1m/ARPAUSDT-1m-2021-10.csv
futures/um/monthly/klines/arpausdt/1m/ARPAUSDT-1m-2021-11.csv
futures/um/monthly/klines/arpausdt/1m/ARPAUSDT-1m-2021-12.csv
futures/um/monthly/klines/arpausdt/1m/ARPAUSDT-1m-2022-01.csv
futures/um/monthly/klines/arpausdt/1m/ARPAUSDT-1m-2022-02.csv
futures/um/monthly/klines/arpausdt/1m/ARPAUSDT-1m-2022-03.csv
futures/um/monthly/klines/arpausdt/1m/ARPAUSDT-1m-2022-04.csv
futures/um/monthly/klines/arpausdt/1m/ARPAUSDT-1m-2022-05.csv
futures/um/monthly/klines/arpausdt/1m/ARPAUSDT-1m-2022-06.csv
futures/um/monthly/klines/arpausdt/1m/ARPAUSDT-1m-2022-07.csv
futures/um/monthly/klines/arpausdt/1m/ARPAUSDT-1m-2022-08.csv
futures/um/monthly/klines/arpausdt/1m/ARPAUSDT-1m-2022-09.csv
futures/um/monthly/klines/arpausdt/1m/ARPAUSDT-1m-2022-10.csv
futures/um/monthly/klines/arpausdt/1m/ARPAUSDT-1m-2022-11.csv
futures/um/monthly/klines/arpausdt/1m/ARPAUSDT-1m-2022-12.csv
futures/um/monthly/klines/arpausdt/1m/ARPAUSDT-1m-2023-01.csv
futures/um/monthly/klines/arpausdt/1m/ARPAUSDT-1m-2023-02.csv
futures/um/monthly/klines/arpausdt/1m/ARPAUSDT-1m-2023-03.csv
futures/um/monthly/klines/arpausdt/1m/ARPAUSDT-1m-2023-04.csv
futures/um/monthly/klines/arpausdt/1m/ARPAUSDT-1m-2023-05.csv
futures/um/monthly/klines/arpausdt/1m/ARPAUSDT-1m-2023-06.csv
futures/um/monthly/klines/arpausdt/1m/ARPAUSDT-1m-2023-07.csv
futures/um/monthly/klines/arpausdt/1m/ARPAUSDT-1m-2023-08.csv
futures/um/monthly/klines/arpausdt/1m/ARPAUSDT-1m-2023-09.csv
futures/um/monthly/klines/arpausdt/1m/ARPAUSDT-1m-2023-10.csv
futures/um/monthly/klines/arpausdt/1m/ARPAUSDT-1m-2023-11.csv
futures/um/monthly/klines/arpausdt/1m/ARPAUSDT-1m-2023-12.csv
futures/um/monthly/klines/arpausdt/1m/ARPAUSDT-1m-2024-01.csv
futures/um/monthly/klines/arpausdt/1m/ARPAUSDT-1m-2024-02.csv
futures/um/monthly/klines/arpausdt/1m/ARPAUSDT-1m-2024-03.csv
futures/um/monthly/klines/arpausdt/1m/ARPAUSDT-1m-2024-04.csv
futures/um/monthly/klines/arpausdt/1m/ARPAUSDT-1m-2024-05.csv
futures/um/monthly/klines/arpausdt/1m/ARPAUSDT-1m-2024-06.csv
futures/um/monthly/klines/arpausdt/1m/ARPAUSDT-1m-2024-07.csv
futures/um/monthly/klines/arpausdt/1m/ARPAUSDT-1m-2024-08.csv
futures/um/monthly/klines/arpausdt/1m/ARPAUSDT-1m-2024-09.csv
futures/um/monthly/klines/arpausdt/1m/ARPAUSDT-1m-2024-10.csv
futures/um/monthly/klines/arpausdt/1m/ARPAUSDT-1m-2024-11.csv
futures/um/monthly/klines/arpausdt/1m/ARPAUSDT-1m-2024-12.csv
futures/um/monthly/klines/arpausdt/1m/ARPAUSDT-1m-2025-01.csv
futures/um/monthly/klines/arpausdt/1m/ARPAUSDT-1m-2025-02.csv
futures/um/monthly/klines/arpausdt/1m/ARPAUSDT-1m-2025-03.csv
futures/um/monthly/klines/arpausdt/1m/ARPAUSDT-1m-2025-04.csv
futures/um/monthly/klines/arpausdt/1m/ARPAUSDT-1m-2025-05.csv
futures/um/monthly/klines/arpausdt/1m/ARPAUSDT-1m-2025-06.csv
futures/um/monthly/klines/arpausdt/1m/ARPAUSDT-1m-2025-07.csv
futures/um/monthly/klines/arpausdt/1m/ARPAUSDT-1m-2025-08.csv
futures/um/monthly/klines/arpausdt/1m/ARPAUSDT-1m-2025-09.csv
futures/um/monthly/klines/arpausdt/1m/ARPAUSDT-1m-2025-10.csv
futures/um/monthly/klines/arpausdt/1m/ARPAUSDT-1m-2025-11.csv
futures/um/monthly/klines/arpausdt/1m/ARPAUSDT-1m-2025-12.csv
futures/um/monthly/klines/arpausdt/1m/ARPAUSDT-1m-2026-01.csv
futures/um/monthly/klines/arpausdt/1m/ARPAUSDT-1m-2026-02.csv
futures/um/monthly/klines/arpausdt/1m/ARPAUSDT-1m-2026-03.csv
futures/um/monthly/klines/arpausdt/1m/ARPAUSDT-1m-2026-04.csv
futures/um/monthly/klines/arpausdt/1m/ARPAUSDT-1m-2026-05.csv
futures/um/monthly/klines/arpausdt/1m/ARPAUSDT-1m-2026-06.csv
futures/um/monthly/klines/arpausdt/1m/ARPAUSDT-1m-2026-07.csv
futures/um/monthly/klines/arpausdt/1m/ARPAUSDT-1m-2026-08.csv
futures/um/monthly/klines/arusdt/1m/ARUSDT-1m-2021-09.csv
futures/um/monthly/klines/arusdt/1m/ARUSDT-1m-2021-10.csv
futures/um/monthly/klines/arusdt/1m/ARUSDT-1m-2021-11.csv
futures/um/monthly/klines/arusdt/1m/ARUSDT-1m-2021-12.csv
futures/um/monthly/klines/arusdt/1m/ARUSDT-1m-2022-01.csv
futures/um/monthly/klines/arusdt/1m/ARUSDT-1m-2022-02.csv
futures/um/monthly/klines/arusdt/1m/ARUSDT-1m-2022-03.csv
futures/um/monthly/klines/arusdt/1m/ARUSDT-1m-2022-04.csv
futures/um/monthly/klines/arusdt/1m/ARUSDT-1m-2022-05.csv
futures/um/monthly/klines/arusdt/1m/ARUSDT-1m-2022-06.csv
futures/um/monthly/klines/arusdt/1m/ARUSDT-1m-2022-07.csv
futures/um/monthly/klines/arusdt/1m/ARUSDT-1m-2022-08.csv
futures/um/monthly/klines/arusdt/1m/ARUSDT-1m-2022-09.csv
futures/um/monthly/klines/arusdt/1m/ARUSDT-1m-2022-10.csv
futures/um/monthly/klines/arusdt/1m/ARUSDT-1m-2022-11.csv
futures/um/monthly/klines/arusdt/1m/ARUSDT-1m-2022-12.csv
futures/um/monthly/klines/arusdt/1m/ARUSDT-1m-2023-01.csv
futures/um/monthly/klines/arusdt/1m/ARUSDT-1m-2023-02.csv
futures/um/monthly/klines/arusdt/1m/ARUSDT-1m-2023-03.csv
futures/um/monthly/klines/arusdt/1m/ARUSDT-1m-2023-04.csv
futures/um/monthly/klines/arusdt/1m/ARUSDT-1m-2023-05.csv
futures/um/monthly/klines/arusdt/1m/ARUSDT-1m-2023-06.csv
futures/um/monthly/klines/arusdt/1m/ARUSDT-1m-2023-07.csv
futures/um/monthly/klines/arusdt/1m/ARUSDT-1m-2023-08.csv
futures/um/monthly/klines/arusdt/1m/ARUSDT-1m-2023-09.csv
futures/um/monthly/klines/arusdt/1m/ARUSDT-1m-2023-10.csv
futures/um/monthly/klines/arusdt/1m/ARUSDT-1m-2023-11.csv
futures/um/monthly/klines/arusdt/1m/ARUSDT-1m-2023-12.csv
futures/um/monthly/klines/arusdt/1m/ARUSDT-1m-2024-01.csv
futures/um/monthly/klines/arusdt/1m/ARUSDT-1m-2024-02.csv
futures/um/monthly/klines/arusdt/1m/ARUSDT-1m-2024-03.csv
futures/um/monthly/klines/arusdt/1m/ARUSDT-1m-2024-04.csv
futures/um/monthly/klines/arusdt/1m/ARUSDT-1m-2024-05.csv
futures/um/monthly/klines/arusdt/1m/ARUSDT-1m-2024-06.csv
futures/um/monthly/klines/arusdt/1m/ARUSDT-1m-2024-07.csv
futures/um/monthly/klines/arusdt/1m/ARUSDT-1m-2024-08.csv
futures/um/monthly/klines/arusdt/1m/ARUSDT-1m-2024-09.csv
futures/um/monthly/klines/arusdt/1m/ARUSDT-1m-2024-10.csv
futures/um/monthly/klines/arusdt/1m/ARUSDT-1m-2024-11.csv
futures/um/monthly/klines/arusdt/1m/ARUSDT-1m-2024-12.csv
futures/um/monthly/klines/arusdt/1m/ARUSDT-1m-2025-01.csv
futures/um/monthly/klines/arusdt/1m/ARUSDT-1m-2025-02.csv
futures/um/monthly/klines/arusdt/1m/ARUSDT-1m-2025-03.csv
futures/um/monthly/klines/arusdt/1m/ARUSDT-1m-2025-04.csv
futures/um/monthly/klines/arusdt/1m/ARUSDT-1m-2025-05.csv
futures/um/monthly/klines/arusdt/1m/ARUSDT-1m-2025-06.csv
futures/um/monthly/klines/arusdt/1m/ARUSDT-1m-2025-07.csv
futures/um/monthly/klines/arusdt/1m/ARUSDT-1m-2025-08.csv
futures/um/monthly/klines/arusdt/1m/ARUSDT-1m-2025-09.csv
futures/um/monthly/klines/arusdt/1m/ARUSDT-1m-2025-10.csv
futures/um/monthly/klines/arusdt/1m/ARUSDT-1m-2025-11.csv
futures/um/monthly/klines/arusdt/1m/ARUSDT-1m-2025-12.csv
futures/um/monthly/klines/arusdt/1m/ARUSDT-1m-2026-01.csv
futures/um/monthly/klines/arusdt/1m/ARUSDT-1m-2026-02.csv
futures/um/monthly/klines/arusdt/1m/ARUSDT-1m-2026-03.csv
futures/um/monthly/klines/arusdt/1m/ARUSDT-1m-2026-04.csv
futures/um/monthly/klines/arusdt/1m/ARUSDT-1m-2026-05.csv
futures/um/monthly/klines/arusdt/1m/ARUSDT-1m-2026-06.csv
futures/um/monthly/klines/arusdt/1m/ARUSDT-1m-2026-07.csv
futures/um/monthly/klines/arusdt/1m/ARUSDT-1m-2026-08.csv
futures/um/monthly/klines/arxusdt/1m/ARXUSDT-1m-2026-06.csv
futures/um/monthly/klines/arxusdt/1m/ARXUSDT-1m-2026-07.csv
futures/um/monthly/klines/arxusdt/1m/ARXUSDT-1m-2026-08.csv
futures/um/monthly/klines/asrusdt/1m/ASRUSDT-1m-2025-05.csv
futures/um/monthly/klines/asrusdt/1m/ASRUSDT-1m-2025-06.csv
futures/um/monthly/klines/asrusdt/1m/ASRUSDT-1m-2025-07.csv
futures/um/monthly/klines/asrusdt/1m/ASRUSDT-1m-2025-08.csv
futures/um/monthly/klines/asrusdt/1m/ASRUSDT-1m-2025-09.csv
futures/um/monthly/klines/asrusdt/1m/ASRUSDT-1m-2025-10.csv
futures/um/monthly/klines/asrusdt/1m/ASRUSDT-1m-2025-11.csv
futures/um/monthly/klines/asrusdt/1m/ASRUSDT-1m-2025-12.csv
futures/um/monthly/klines/asrusdt/1m/ASRUSDT-1m-2026-01.csv
futures/um/monthly/klines/asrusdt/1m/ASRUSDT-1m-2026-02.csv
futures/um/monthly/klines/asrusdt/1m/ASRUSDT-1m-2026-03.csv
futures/um/monthly/klines/asrusdt/1m/ASRUSDT-1m-2026-04.csv
futures/um/monthly/klines/asrusdt/1m/ASRUSDT-1m-2026-05.csv
futures/um/monthly/klines/asrusdt/1m/ASRUSDT-1m-2026-06.csv
futures/um/monthly/klines/asrusdt/1m/ASRUSDT-1m-2026-07.csv
futures/um/monthly/klines/asrusdt/1m/ASRUSDT-1m-2026-08.csv
futures/um/monthly/klines/asterusdt/1m/ASTERUSDT-1m-2025-09.csv
futures/um/monthly/klines/asterusdt/1m/ASTERUSDT-1m-2025-10.csv
futures/um/monthly/klines/asterusdt/1m/ASTERUSDT-1m-2025-11.csv
futures/um/monthly/klines/asterusdt/1m/ASTERUSDT-1m-2025-12.csv
futures/um/monthly/klines/asterusdt/1m/ASTERUSDT-1m-2026-01.csv
futures/um/monthly/klines/asterusdt/1m/ASTERUSDT-1m-2026-02.csv
futures/um/monthly/klines/asterusdt/1m/ASTERUSDT-1m-2026-03.csv
futures/um/monthly/klines/asterusdt/1m/ASTERUSDT-1m-2026-04.csv
futures/um/monthly/klines/asterusdt/1m/ASTERUSDT-1m-2026-05.csv
futures/um/monthly/klines/asterusdt/1m/ASTERUSDT-1m-2026-06.csv
futures/um/monthly/klines/asterusdt/1m/ASTERUSDT-1m-2026-07.csv
futures/um/monthly/klines/asterusdt/1m/ASTERUSDT-1m-2026-08.csv
futures/um/monthly/klines/astrusdt/1m/ASTRUSDT-1m-2023-02.csv
futures/um/monthly/klines/astrusdt/1m/ASTRUSDT-1m-2023-03.csv
futures/um/monthly/klines/astrusdt/1m/ASTRUSDT-1m-2023-04.csv
futures/um/monthly/klines/astrusdt/1m/ASTRUSDT-1m-2023-05.csv
futures/um/monthly/klines/astrusdt/1m/ASTRUSDT-1m-2023-06.csv
futures/um/monthly/klines/astrusdt/1m/ASTRUSDT-1m-2023-07.csv
futures/um/monthly/klines/astrusdt/1m/ASTRUSDT-1m-2023-08.csv
futures/um/monthly/klines/astrusdt/1m/ASTRUSDT-1m-2023-09.csv
futures/um/monthly/klines/astrusdt/1m/ASTRUSDT-1m-2023-10.csv
futures/um/monthly/klines/astrusdt/1m/ASTRUSDT-1m-2023-11.csv
futures/um/monthly/klines/astrusdt/1m/ASTRUSDT-1m-2023-12.csv
futures/um/monthly/klines/astrusdt/1m/ASTRUSDT-1m-2024-01.csv
futures/um/monthly/klines/astrusdt/1m/ASTRUSDT-1m-2024-02.csv
futures/um/monthly/klines/astrusdt/1m/ASTRUSDT-1m-2024-03.csv
futures/um/monthly/klines/astrusdt/1m/ASTRUSDT-1m-2024-04.csv
futures/um/monthly/klines/astrusdt/1m/ASTRUSDT-1m-2024-05.csv
futures/um/monthly/klines/astrusdt/1m/ASTRUSDT-1m-2024-06.csv
futures/um/monthly/klines/astrusdt/1m/ASTRUSDT-1m-2024-07.csv
futures/um/monthly/klines/astrusdt/1m/ASTRUSDT-1m-2024-08.csv
futures/um/monthly/klines/astrusdt/1m/ASTRUSDT-1m-2024-09.csv
futures/um/monthly/klines/astrusdt/1m/ASTRUSDT-1m-2024-10.csv
futures/um/monthly/klines/astrusdt/1m/ASTRUSDT-1m-2024-11.csv
futures/um/monthly/klines/astrusdt/1m/ASTRUSDT-1m-2024-12.csv
futures/um/monthly/klines/astrusdt/1m/ASTRUSDT-1m-2025-01.csv
futures/um/monthly/klines/astrusdt/1m/ASTRUSDT-1m-2025-02.csv
futures/um/monthly/klines/astrusdt/1m/ASTRUSDT-1m-2025-03.csv
futures/um/monthly/klines/astrusdt/1m/ASTRUSDT-1m-2025-04.csv
futures/um/monthly/klines/astrusdt/1m/ASTRUSDT-1m-2025-05.csv
futures/um/monthly/klines/astrusdt/1m/ASTRUSDT-1m-2025-06.csv
futures/um/monthly/klines/astrusdt/1m/ASTRUSDT-1m-2025-07.csv
futures/um/monthly/klines/astrusdt/1m/ASTRUSDT-1m-2025-08.csv
futures/um/monthly/klines/astrusdt/1m/ASTRUSDT-1m-2025-09.csv
futures/um/monthly/klines/astrusdt/1m/ASTRUSDT-1m-2025-10.csv
futures/um/monthly/klines/astrusdt/1m/ASTRUSDT-1m-2025-11.csv
futures/um/monthly/klines/astrusdt/1m/ASTRUSDT-1m-2025-12.csv
futures/um/monthly/klines/astrusdt/1m/ASTRUSDT-1m-2026-01.csv
futures/um/monthly/klines/astrusdt/1m/ASTRUSDT-1m-2026-02.csv
futures/um/monthly/klines/astrusdt/1m/ASTRUSDT-1m-2026-03.csv
futures/um/monthly/klines/astrusdt/1m/ASTRUSDT-1m-2026-04.csv
futures/um/monthly/klines/astrusdt/1m/ASTRUSDT-1m-2026-05.csv
futures/um/monthly/klines/astrusdt/1m/ASTRUSDT-1m-2026-06.csv
futures/um/monthly/klines/astrusdt/1m/ASTRUSDT-1m-2026-07.csv
futures/um/monthly/klines/astrusdt/1m/ASTRUSDT-1m-2026-08.csv
futures/um/monthly/klines/athusdt/1m/ATHUSDT-1m-2025-04.csv
futures/um/monthly/klines/athusdt/1m/ATHUSDT-1m-2025-05.csv
futures/um/monthly/klines/athusdt/1m/ATHUSDT-1m-2025-06.csv
futures/um/monthly/klines/athusdt/1m/ATHUSDT-1m-2025-07.csv
futures/um/monthly/klines/athusdt/1m/ATHUSDT-1m-2025-08.csv
futures/um/monthly/klines/athusdt/1m/ATHUSDT-1m-2025-09.csv
futures/um/monthly/klines/athusdt/1m/ATHUSDT-1m-2025-10.csv
futures/um/monthly/klines/athusdt/1m/ATHUSDT-1m-2025-11.csv
futures/um/monthly/klines/athusdt/1m/ATHUSDT-1m-2025-12.csv
futures/um/monthly/klines/athusdt/1m/ATHUSDT-1m-2026-01.csv
futures/um/monthly/klines/athusdt/1m/ATHUSDT-1m-2026-02.csv
futures/um/monthly/klines/athusdt/1m/ATHUSDT-1m-2026-03.csv
futures/um/monthly/klines/athusdt/1m/ATHUSDT-1m-2026-04.csv
futures/um/monthly/klines/athusdt/1m/ATHUSDT-1m-2026-05.csv
futures/um/monthly/klines/athusdt/1m/ATHUSDT-1m-2026-06.csv
futures/um/monthly/klines/athusdt/1m/ATHUSDT-1m-2026-07.csv
futures/um/monthly/klines/athusdt/1m/ATHUSDT-1m-2026-08.csv
futures/um/monthly/klines/atomusdt/1m/ATOMUSDT-1m-2020-02.csv
futures/um/monthly/klines/atomusdt/1m/ATOMUSDT-1m-2020-03.csv
futures/um/monthly/klines/atomusdt/1m/ATOMUSDT-1m-2020-04.csv
futures/um/monthly/klines/atomusdt/1m/ATOMUSDT-1m-2020-05.csv
futures/um/monthly/klines/atomusdt/1m/ATOMUSDT-1m-2020-06.csv
futures/um/monthly/klines/atomusdt/1m/ATOMUSDT-1m-2020-07.csv
futures/um/monthly/klines/atomusdt/1m/ATOMUSDT-1m-2020-08.csv
futures/um/monthly/klines/atomusdt/1m/ATOMUSDT-1m-2020-09.csv
futures/um/monthly/klines/atomusdt/1m/ATOMUSDT-1m-2020-10.csv
futures/um/monthly/klines/atomusdt/1m/ATOMUSDT-1m-2020-11.csv
futures/um/monthly/klines/atomusdt/1m/ATOMUSDT-1m-2020-12.csv
futures/um/monthly/klines/atomusdt/1m/ATOMUSDT-1m-2021-01.csv
futures/um/monthly/klines/atomusdt/1m/ATOMUSDT-1m-2021-02.csv
futures/um/monthly/klines/atomusdt/1m/ATOMUSDT-1m-2021-03.csv
futures/um/monthly/klines/atomusdt/1m/ATOMUSDT-1m-2021-04.csv
futures/um/monthly/klines/atomusdt/1m/ATOMUSDT-1m-2021-05.csv
futures/um/monthly/klines/atomusdt/1m/ATOMUSDT-1m-2021-06.csv
futures/um/monthly/klines/atomusdt/1m/ATOMUSDT-1m-2021-07.csv
futures/um/monthly/klines/atomusdt/1m/ATOMUSDT-1m-2021-08.csv
futures/um/monthly/klines/atomusdt/1m/ATOMUSDT-1m-2021-09.csv
futures/um/monthly/klines/atomusdt/1m/ATOMUSDT-1m-2021-10.csv
futures/um/monthly/klines/atomusdt/1m/ATOMUSDT-1m-2021-11.csv
futures/um/monthly/klines/atomusdt/1m/ATOMUSDT-1m-2021-12.csv
futures/um/monthly/klines/atomusdt/1m/ATOMUSDT-1m-2022-01.csv
futures/um/monthly/klines/atomusdt/1m/ATOMUSDT-1m-2022-02.csv
futures/um/monthly/klines/atomusdt/1m/ATOMUSDT-1m-2022-03.csv
futures/um/monthly/klines/atomusdt/1m/ATOMUSDT-1m-2022-04.csv
futures/um/monthly/klines/atomusdt/1m/ATOMUSDT-1m-2022-05.csv
futures/um/monthly/klines/atomusdt/1m/ATOMUSDT-1m-2022-06.csv
futures/um/monthly/klines/atomusdt/1m/ATOMUSDT-1m-2022-07.csv
futures/um/monthly/klines/atomusdt/1m/ATOMUSDT-1m-2022-08.csv
futures/um/monthly/klines/atomusdt/1m/ATOMUSDT-1m-2022-09.csv
futures/um/monthly/klines/atomusdt/1m/ATOMUSDT-1m-2022-10.csv
futures/um/monthly/klines/atomusdt/1m/ATOMUSDT-1m-2022-11.csv
futures/um/monthly/klines/atomusdt/1m/ATOMUSDT-1m-2022-12.csv
futures/um/monthly/klines/atomusdt/1m/ATOMUSDT-1m-2023-01.csv
futures/um/monthly/klines/atomusdt/1m/ATOMUSDT-1m-2023-02.csv
futures/um/monthly/klines/atomusdt/1m/ATOMUSDT-1m-2023-03.csv
futures/um/monthly/klines/atomusdt/1m/ATOMUSDT-1m-2023-04.csv
futures/um/monthly/klines/atomusdt/1m/ATOMUSDT-1m-2023-05.csv
futures/um/monthly/klines/atomusdt/1m/ATOMUSDT-1m-2023-06.csv
futures/um/monthly/klines/atomusdt/1m/ATOMUSDT-1m-2023-07.csv
futures/um/monthly/klines/atomusdt/1m/ATOMUSDT-1m-2023-08.csv
futures/um/monthly/klines/atomusdt/1m/ATOMUSDT-1m-2023-09.csv
futures/um/monthly/klines/atomusdt/1m/ATOMUSDT-1m-2023-10.csv
futures/um/monthly/klines/atomusdt/1m/ATOMUSDT-1m-2023-11.csv
futures/um/monthly/klines/atomusdt/1m/ATOMUSDT-1m-2023-12.csv
futures/um/monthly/klines/atomusdt/1m/ATOMUSDT-1m-2024-01.csv
futures/um/monthly/klines/atomusdt/1m/ATOMUSDT-1m-2024-02.csv
futures/um/monthly/klines/atomusdt/1m/ATOMUSDT-1m-2024-03.csv
futures/um/monthly/klines/atomusdt/1m/ATOMUSDT-1m-2024-04.csv
futures/um/monthly/klines/atomusdt/1m/ATOMUSDT-1m-2024-05.csv
futures/um/monthly/klines/atomusdt/1m/ATOMUSDT-1m-2024-06.csv
futures/um/monthly/klines/atomusdt/1m/ATOMUSDT-1m-2024-07.csv
futures/um/monthly/klines/atomusdt/1m/ATOMUSDT-1m-2024-08.csv
futures/um/monthly/klines/atomusdt/1m/ATOMUSDT-1m-2024-09.csv
futures/um/monthly/klines/atomusdt/1m/ATOMUSDT-1m-2024-10.csv
futures/um/monthly/klines/atomusdt/1m/ATOMUSDT-1m-2024-11.csv
futures/um/monthly/klines/atomusdt/1m/ATOMUSDT-1m-2024-12.csv
futures/um/monthly/klines/atomusdt/1m/ATOMUSDT-1m-2025-01.csv
futures/um/monthly/klines/atomusdt/1m/ATOMUSDT-1m-2025-02.csv
futures/um/monthly/klines/atomusdt/1m/ATOMUSDT-1m-2025-03.csv
futures/um/monthly/klines/atomusdt/1m/ATOMUSDT-1m-2025-04.csv
futures/um/monthly/klines/atomusdt/1m/ATOMUSDT-1m-2025-05.csv
futures/um/monthly/klines/atomusdt/1m/ATOMUSDT-1m-2025-06.csv
futures/um/monthly/klines/atomusdt/1m/ATOMUSDT-1m-2025-07.csv
futures/um/monthly/klines/atomusdt/1m/ATOMUSDT-1m-2025-08.csv
futures/um/monthly/klines/atomusdt/1m/ATOMUSDT-1m-2025-09.csv
futures/um/monthly/klines/atomusdt/1m/ATOMUSDT-1m-2025-10.csv
futures/um/monthly/klines/atomusdt/1m/ATOMUSDT-1m-2025-11.csv
futures/um/monthly/klines/atomusdt/1m/ATOMUSDT-1m-2025-12.csv
futures/um/monthly/klines/atomusdt/1m/ATOMUSDT-1m-2026-01.csv
futures/um/monthly/klines/atomusdt/1m/ATOMUSDT-1m-2026-02.csv
futures/um/monthly/klines/atomusdt/1m/ATOMUSDT-1m-2026-03.csv
futures/um/monthly/klines/atomusdt/1m/ATOMUSDT-1m-2026-04.csv
futures/um/monthly/klines/atomusdt/1m/ATOMUSDT-1m-2026-05.csv
futures/um/monthly/klines/atomusdt/1m/ATOMUSDT-1m-2026-06.csv
futures/um/monthly/klines/atomusdt/1m/ATOMUSDT-1m-2026-07.csv
futures/um/monthly/klines/atomusdt/1m/ATOMUSDT-1m-2026-08.csv
futures/um/monthly/klines/atusdt/1m/ATUSDT-1m-2025-10.csv
futures/um/monthly/klines/atusdt/1m/ATUSDT-1m-2025-11.csv
futures/um/monthly/klines/atusdt/1m/ATUSDT-1m-2025-12.csv
futures/um/monthly/klines/atusdt/1m/ATUSDT-1m-2026-01.csv
futures/um/monthly/klines/atusdt/1m/ATUSDT-1m-2026-02.csv
futures/um/monthly/klines/atusdt/1m/ATUSDT-1m-2026-03.csv
futures/um/monthly/klines/atusdt/1m/ATUSDT-1m-2026-04.csv
futures/um/monthly/klines/atusdt/1m/ATUSDT-1m-2026-05.csv
futures/um/monthly/klines/atusdt/1m/ATUSDT-1m-2026-06.csv
futures/um/monthly/klines/atusdt/1m/ATUSDT-1m-2026-07.csv
futures/um/monthly/klines/atusdt/1m/ATUSDT-1m-2026-08.csv
futures/um/monthly/klines/auctionusdt/1m/AUCTIONUSDT-1m-2023-12.csv
futures/um/monthly/klines/auctionusdt/1m/AUCTIONUSDT-1m-2024-01.csv
futures/um/monthly/klines/auctionusdt/1m/AUCTIONUSDT-1m-2024-02.csv
futures/um/monthly/klines/auctionusdt/1m/AUCTIONUSDT-1m-2024-03.csv
futures/um/monthly/klines/auctionusdt/1m/AUCTIONUSDT-1m-2024-04.csv
futures/um/monthly/klines/auctionusdt/1m/AUCTIONUSDT-1m-2024-05.csv
futures/um/monthly/klines/auctionusdt/1m/AUCTIONUSDT-1m-2024-06.csv
futures/um/monthly/klines/auctionusdt/1m/AUCTIONUSDT-1m-2024-07.csv
futures/um/monthly/klines/auctionusdt/1m/AUCTIONUSDT-1m-2024-08.csv
futures/um/monthly/klines/auctionusdt/1m/AUCTIONUSDT-1m-2024-09.csv
futures/um/monthly/klines/auctionusdt/1m/AUCTIONUSDT-1m-2024-10.csv
futures/um/monthly/klines/auctionusdt/1m/AUCTIONUSDT-1m-2024-11.csv
futures/um/monthly/klines/auctionusdt/1m/AUCTIONUSDT-1m-2024-12.csv
futures/um/monthly/klines/auctionusdt/1m/AUCTIONUSDT-1m-2025-01.csv
futures/um/monthly/klines/auctionusdt/1m/AUCTIONUSDT-1m-2025-02.csv
futures/um/monthly/klines/auctionusdt/1m/AUCTIONUSDT-1m-2025-03.csv
futures/um/monthly/klines/auctionusdt/1m/AUCTIONUSDT-1m-2025-04.csv
futures/um/monthly/klines/auctionusdt/1m/AUCTIONUSDT-1m-2025-05.csv
futures/um/monthly/klines/auctionusdt/1m/AUCTIONUSDT-1m-2025-06.csv
futures/um/monthly/klines/auctionusdt/1m/AUCTIONUSDT-1m-2025-07.csv
futures/um/monthly/klines/auctionusdt/1m/AUCTIONUSDT-1m-2025-08.csv
futures/um/monthly/klines/auctionusdt/1m/AUCTIONUSDT-1m-2025-09.csv
futures/um/monthly/klines/auctionusdt/1m/AUCTIONUSDT-1m-2025-10.csv
futures/um/monthly/klines/auctionusdt/1m/AUCTIONUSDT-1m-2025-11.csv
futures/um/monthly/klines/auctionusdt/1m/AUCTIONUSDT-1m-2025-12.csv
futures/um/monthly/klines/auctionusdt/1m/AUCTIONUSDT-1m-2026-01.csv
futures/um/monthly/klines/auctionusdt/1m/AUCTIONUSDT-1m-2026-02.csv
futures/um/monthly/klines/auctionusdt/1m/AUCTIONUSDT-1m-2026-03.csv
futures/um/monthly/klines/auctionusdt/1m/AUCTIONUSDT-1m-2026-04.csv
futures/um/monthly/klines/auctionusdt/1m/AUCTIONUSDT-1m-2026-05.csv
futures/um/monthly/klines/auctionusdt/1m/AUCTIONUSDT-1m-2026-06.csv
futures/um/monthly/klines/auctionusdt/1m/AUCTIONUSDT-1m-2026-07.csv
futures/um/monthly/klines/auctionusdt/1m/AUCTIONUSDT-1m-2026-08.csv
futures/um/monthly/klines/ausdt/1m/AUSDT-1m-2025-05.csv
futures/um/monthly/klines/ausdt/1m/AUSDT-1m-2025-06.csv
futures/um/monthly/klines/ausdt/1m/AUSDT-1m-2025-07.csv
futures/um/monthly/klines/ausdt/1m/AUSDT-1m-2025-08.csv
futures/um/monthly/klines/ausdt/1m/AUSDT-1m-2025-09.csv
futures/um/monthly/klines/ausdt/1m/AUSDT-1m-2025-10.csv
futures/um/monthly/klines/ausdt/1m/AUSDT-1m-2025-11.csv
futures/um/monthly/klines/ausdt/1m/AUSDT-1m-2025-12.csv
futures/um/monthly/klines/ausdt/1m/AUSDT-1m-2026-01.csv
futures/um/monthly/klines/ausdt/1m/AUSDT-1m-2026-02.csv
futures/um/monthly/klines/ausdt/1m/AUSDT-1m-2026-03.csv
futures/um/monthly/klines/ausdt/1m/AUSDT-1m-2026-04.csv
futures/um/monthly/klines/ausdt/1m/AUSDT-1m-2026-05.csv
futures/um/monthly/klines/ausdt/1m/AUSDT-1m-2026-06.csv
futures/um/monthly/klines/ausdt/1m/AUSDT-1m-2026-07.csv
futures/um/monthly/klines/ausdt/1m/AUSDT-1m-2026-08.csv
futures/um/monthly/klines/avaaiusdt/1m/AVAAIUSDT-1m-2025-01.csv
futures/um/monthly/klines/avaaiusdt/1m/AVAAIUSDT-1m-2025-02.csv
futures/um/monthly/klines/avaaiusdt/1m/AVAAIUSDT-1m-2025-03.csv
futures/um/monthly/klines/avaaiusdt/1m/AVAAIUSDT-1m-2025-04.csv
futures/um/monthly/klines/avaaiusdt/1m/AVAAIUSDT-1m-2025-05.csv
futures/um/monthly/klines/avaaiusdt/1m/AVAAIUSDT-1m-2025-06.csv
futures/um/monthly/klines/avaaiusdt/1m/AVAAIUSDT-1m-2025-07.csv
futures/um/monthly/klines/avaaiusdt/1m/AVAAIUSDT-1m-2025-08.csv
futures/um/monthly/klines/avaaiusdt/1m/AVAAIUSDT-1m-2025-09.csv
futures/um/monthly/klines/avaaiusdt/1m/AVAAIUSDT-1m-2025-10.csv
futures/um/monthly/klines/avaaiusdt/1m/AVAAIUSDT-1m-2025-11.csv
futures/um/monthly/klines/avaaiusdt/1m/AVAAIUSDT-1m-2025-12.csv
futures/um/monthly/klines/avaaiusdt/1m/AVAAIUSDT-1m-2026-01.csv
futures/um/monthly/klines/avaaiusdt/1m/AVAAIUSDT-1m-2026-02.csv
futures/um/monthly/klines/avaaiusdt/1m/AVAAIUSDT-1m-2026-03.csv
futures/um/monthly/klines/avaaiusdt/1m/AVAAIUSDT-1m-2026-04.csv
futures/um/monthly/klines/avaaiusdt/1m/AVAAIUSDT-1m-2026-05.csv
futures/um/monthly/klines/avaaiusdt/1m/AVAAIUSDT-1m-2026-06.csv
futures/um/monthly/klines/avaaiusdt/1m/AVAAIUSDT-1m-2026-07.csv
futures/um/monthly/klines/avaaiusdt/1m/AVAAIUSDT-1m-2026-08.csv
futures/um/monthly/klines/avausdt/1m/AVAUSDT-1m-2024-12.csv
futures/um/monthly/klines/avausdt/1m/AVAUSDT-1m-2025-01.csv
futures/um/monthly/klines/avausdt/1m/AVAUSDT-1m-2025-02.csv
futures/um/monthly/klines/avausdt/1m/AVAUSDT-1m-2025-03.csv
futures/um/monthly/klines/avausdt/1m/AVAUSDT-1m-2025-04.csv
futures/um/monthly/klines/avausdt/1m/AVAUSDT-1m-2025-05.csv
futures/um/monthly/klines/avausdt/1m/AVAUSDT-1m-2025-06.csv
futures/um/monthly/klines/avausdt/1m/AVAUSDT-1m-2025-07.csv
futures/um/monthly/klines/avausdt/1m/AVAUSDT-1m-2025-08.csv
futures/um/monthly/klines/avausdt/1m/AVAUSDT-1m-2025-09.csv
futures/um/monthly/klines/avausdt/1m/AVAUSDT-1m-2025-10.csv
futures/um/monthly/klines/avausdt/1m/AVAUSDT-1m-2025-11.csv
futures/um/monthly/klines/avausdt/1m/AVAUSDT-1m-2025-12.csv
futures/um/monthly/klines/avausdt/1m/AVAUSDT-1m-2026-01.csv
futures/um/monthly/klines/avausdt/1m/AVAUSDT-1m-2026-02.csv
futures/um/monthly/klines/avausdt/1m/AVAUSDT-1m-2026-03.csv
futures/um/monthly/klines/avausdt/1m/AVAUSDT-1m-2026-04.csv
futures/um/monthly/klines/avausdt/1m/AVAUSDT-1m-2026-05.csv
futures/um/monthly/klines/avausdt/1m/AVAUSDT-1m-2026-06.csv
futures/um/monthly/klines/avausdt/1m/AVAUSDT-1m-2026-07.csv
futures/um/monthly/klines/avausdt/1m/AVAUSDT-1m-2026-08.csv
futures/um/monthly/klines/avaxusdt/1m/AVAXUSDT-1m-2020-09.csv
futures/um/monthly/klines/avaxusdt/1m/AVAXUSDT-1m-2020-10.csv
futures/um/monthly/klines/avaxusdt/1m/AVAXUSDT-1m-2020-11.csv
futures/um/monthly/klines/avaxusdt/1m/AVAXUSDT-1m-2020-12.csv
futures/um/monthly/klines/avaxusdt/1m/AVAXUSDT-1m-2021-01.csv
futures/um/monthly/klines/avaxusdt/1m/AVAXUSDT-1m-2021-02.csv
futures/um/monthly/klines/avaxusdt/1m/AVAXUSDT-1m-2021-03.csv
futures/um/monthly/klines/avaxusdt/1m/AVAXUSDT-1m-2021-04.csv
futures/um/monthly/klines/avaxusdt/1m/AVAXUSDT-1m-2021-05.csv
futures/um/monthly/klines/avaxusdt/1m/AVAXUSDT-1m-2021-06.csv
futures/um/monthly/klines/avaxusdt/1m/AVAXUSDT-1m-2021-07.csv
futures/um/monthly/klines/avaxusdt/1m/AVAXUSDT-1m-2021-08.csv
futures/um/monthly/klines/avaxusdt/1m/AVAXUSDT-1m-2021-09.csv
futures/um/monthly/klines/avaxusdt/1m/AVAXUSDT-1m-2021-10.csv
futures/um/monthly/klines/avaxusdt/1m/AVAXUSDT-1m-2021-11.csv
futures/um/monthly/klines/avaxusdt/1m/AVAXUSDT-1m-2021-12.csv
futures/um/monthly/klines/avaxusdt/1m/AVAXUSDT-1m-2022-01.csv
futures/um/monthly/klines/avaxusdt/1m/AVAXUSDT-1m-2022-02.csv
futures/um/monthly/klines/avaxusdt/1m/AVAXUSDT-1m-2022-03.csv
futures/um/monthly/klines/avaxusdt/1m/AVAXUSDT-1m-2022-04.csv
futures/um/monthly/klines/avaxusdt/1m/AVAXUSDT-1m-2022-05.csv
futures/um/monthly/klines/avaxusdt/1m/AVAXUSDT-1m-2022-06.csv
futures/um/monthly/klines/avaxusdt/1m/AVAXUSDT-1m-2022-07.csv
futures/um/monthly/klines/avaxusdt/1m/AVAXUSDT-1m-2022-08.csv
futures/um/monthly/klines/avaxusdt/1m/AVAXUSDT-1m-2022-09.csv
futures/um/monthly/klines/avaxusdt/1m/AVAXUSDT-1m-2022-10.csv
futures/um/monthly/klines/avaxusdt/1m/AVAXUSDT-1m-2022-11.csv
futures/um/monthly/klines/avaxusdt/1m/AVAXUSDT-1m-2022-12.csv
futures/um/monthly/klines/avaxusdt/1m/AVAXUSDT-1m-2023-01.csv
futures/um/monthly/klines/avaxusdt/1m/AVAXUSDT-1m-2023-02.csv
futures/um/monthly/klines/avaxusdt/1m/AVAXUSDT-1m-2023-03.csv
futures/um/monthly/klines/avaxusdt/1m/AVAXUSDT-1m-2023-04.csv
futures/um/monthly/klines/avaxusdt/1m/AVAXUSDT-1m-2023-05.csv
futures/um/monthly/klines/avaxusdt/1m/AVAXUSDT-1m-2023-06.csv
futures/um/monthly/klines/avaxusdt/1m/AVAXUSDT-1m-2023-07.csv
futures/um/monthly/klines/avaxusdt/1m/AVAXUSDT-1m-2023-08.csv
futures/um/monthly/klines/avaxusdt/1m/AVAXUSDT-1m-2023-09.csv
futures/um/monthly/klines/avaxusdt/1m/AVAXUSDT-1m-2023-10.csv
futures/um/monthly/klines/avaxusdt/1m/AVAXUSDT-1m-2023-11.csv
futures/um/monthly/klines/avaxusdt/1m/AVAXUSDT-1m-2023-12.csv
futures/um/monthly/klines/avaxusdt/1m/AVAXUSDT-1m-2024-01.csv
futures/um/monthly/klines/avaxusdt/1m/AVAXUSDT-1m-2024-02.csv
futures/um/monthly/klines/avaxusdt/1m/AVAXUSDT-1m-2024-03.csv
futures/um/monthly/klines/avaxusdt/1m/AVAXUSDT-1m-2024-04.csv
futures/um/monthly/klines/avaxusdt/1m/AVAXUSDT-1m-2024-05.csv
futures/um/monthly/klines/avaxusdt/1m/AVAXUSDT-1m-2024-06.csv
futures/um/monthly/klines/avaxusdt/1m/AVAXUSDT-1m-2024-07.csv
futures/um/monthly/klines/avaxusdt/1m/AVAXUSDT-1m-2024-08.csv
futures/um/monthly/klines/avaxusdt/1m/AVAXUSDT-1m-2024-09.csv
futures/um/monthly/klines/avaxusdt/1m/AVAXUSDT-1m-2024-10.csv
futures/um/monthly/klines/avaxusdt/1m/AVAXUSDT-1m-2024-11.csv
futures/um/monthly/klines/avaxusdt/1m/AVAXUSDT-1m-2024-12.csv
futures/um/monthly/klines/avaxusdt/1m/AVAXUSDT-1m-2025-01.csv
futures/um/monthly/klines/avaxusdt/1m/AVAXUSDT-1m-2025-02.csv
futures/um/monthly/klines/avaxusdt/1m/AVAXUSDT-1m-2025-03.csv
futures/um/monthly/klines/avaxusdt/1m/AVAXUSDT-1m-2025-04.csv
futures/um/monthly/klines/avaxusdt/1m/AVAXUSDT-1m-2025-05.csv
futures/um/monthly/klines/avaxusdt/1m/AVAXUSDT-1m-2025-06.csv
futures/um/monthly/klines/avaxusdt/1m/AVAXUSDT-1m-2025-07.csv
futures/um/monthly/klines/avaxusdt/1m/AVAXUSDT-1m-2025-08.csv
futures/um/monthly/klines/avaxusdt/1m/AVAXUSDT-1m-2025-09.csv
futures/um/monthly/klines/avaxusdt/1m/AVAXUSDT-1m-2025-10.csv
futures/um/monthly/klines/avaxusdt/1m/AVAXUSDT-1m-2025-11.csv
futures/um/monthly/klines/avaxusdt/1m/AVAXUSDT-1m-2025-12.csv
futures/um/monthly/klines/avaxusdt/1m/AVAXUSDT-1m-2026-01.csv
futures/um/monthly/klines/avaxusdt/1m/AVAXUSDT-1m-2026-02.csv
futures/um/monthly/klines/avaxusdt/1m/AVAXUSDT-1m-2026-03.csv
futures/um/monthly/klines/avaxusdt/1m/AVAXUSDT-1m-2026-04.csv
futures/um/monthly/klines/avaxusdt/1m/AVAXUSDT-1m-2026-05.csv
futures/um/monthly/klines/avaxusdt/1m/AVAXUSDT-1m-2026-06.csv
futures/um/monthly/klines/avaxusdt/1m/AVAXUSDT-1m-2026-07.csv
futures/um/monthly/klines/avaxusdt/1m/AVAXUSDT-1m-2026-08.csv
futures/um/monthly/klines/avntusdt/1m/AVNTUSDT-1m-2025-09.csv
futures/um/monthly/klines/avntusdt/1m/AVNTUSDT-1m-2025-10.csv
futures/um/monthly/klines/avntusdt/1m/AVNTUSDT-1m-2025-11.csv
futures/um/monthly/klines/avntusdt/1m/AVNTUSDT-1m-2025-12.csv
futures/um/monthly/klines/avntusdt/1m/AVNTUSDT-1m-2026-01.csv
futures/um/monthly/klines/avntusdt/1m/AVNTUSDT-1m-2026-02.csv
futures/um/monthly/klines/avntusdt/1m/AVNTUSDT-1m-2026-03.csv
futures/um/monthly/klines/avntusdt/1m/AVNTUSDT-1m-2026-04.csv
futures/um/monthly/klines/avntusdt/1m/AVNTUSDT-1m-2026-05.csv
futures/um/monthly/klines/avntusdt/1m/AVNTUSDT-1m-2026-06.csv
futures/um/monthly/klines/avntusdt/1m/AVNTUSDT-1m-2026-07.csv
futures/um/monthly/klines/avntusdt/1m/AVNTUSDT-1m-2026-08.csv
futures/um/monthly/klines/aweusdt/1m/AWEUSDT-1m-2025-05.csv
futures/um/monthly/klines/aweusdt/1m/AWEUSDT-1m-2025-06.csv
futures/um/monthly/klines/aweusdt/1m/AWEUSDT-1m-2025-07.csv
futures/um/monthly/klines/aweusdt/1m/AWEUSDT-1m-2025-08.csv
futures/um/monthly/klines/aweusdt/1m/AWEUSDT-1m-2025-09.csv
futures/um/monthly/klines/aweusdt/1m/AWEUSDT-1m-2025-10.csv
futures/um/monthly/klines/aweusdt/1m/AWEUSDT-1m-2025-11.csv
futures/um/monthly/klines/aweusdt/1m/AWEUSDT-1m-2025-12.csv
futures/um/monthly/klines/aweusdt/1m/AWEUSDT-1m-2026-01.csv
futures/um/monthly/klines/aweusdt/1m/AWEUSDT-1m-2026-02.csv
futures/um/monthly/klines/aweusdt/1m/AWEUSDT-1m-2026-03.csv
futures/um/monthly/klines/aweusdt/1m/AWEUSDT-1m-2026-04.csv
futures/um/monthly/klines/aweusdt/1m/AWEUSDT-1m-2026-05.csv
futures/um/monthly/klines/aweusdt/1m/AWEUSDT-1m-2026-06.csv
futures/um/monthly/klines/aweusdt/1m/AWEUSDT-1m-2026-07.csv
futures/um/monthly/klines/aweusdt/1m/AWEUSDT-1m-2026-08.csv
futures/um/monthly/klines/axlusdt/1m/AXLUSDT-1m-2024-03.csv
futures/um/monthly/klines/axlusdt/1m/AXLUSDT-1m-2024-04.csv
futures/um/monthly/klines/axlusdt/1m/AXLUSDT-1m-2024-05.csv
futures/um/monthly/klines/axlusdt/1m/AXLUSDT-1m-2024-06.csv
futures/um/monthly/klines/axlusdt/1m/AXLUSDT-1m-2024-07.csv
futures/um/monthly/klines/axlusdt/1m/AXLUSDT-1m-2024-08.csv
futures/um/monthly/klines/axlusdt/1m/AXLUSDT-1m-2024-09.csv
futures/um/monthly/klines/axlusdt/1m/AXLUSDT-1m-2024-10.csv
futures/um/monthly/klines/axlusdt/1m/AXLUSDT-1m-2024-11.csv
futures/um/monthly/klines/axlusdt/1m/AXLUSDT-1m-2024-12.csv
futures/um/monthly/klines/axlusdt/1m/AXLUSDT-1m-2025-01.csv
futures/um/monthly/klines/axlusdt/1m/AXLUSDT-1m-2025-02.csv
futures/um/monthly/klines/axlusdt/1m/AXLUSDT-1m-2025-03.csv
futures/um/monthly/klines/axlusdt/1m/AXLUSDT-1m-2025-04.csv
futures/um/monthly/klines/axlusdt/1m/AXLUSDT-1m-2025-05.csv
futures/um/monthly/klines/axlusdt/1m/AXLUSDT-1m-2025-06.csv
futures/um/monthly/klines/axlusdt/1m/AXLUSDT-1m-2025-07.csv
futures/um/monthly/klines/axlusdt/1m/AXLUSDT-1m-2025-08.csv
futures/um/monthly/klines/axlusdt/1m/AXLUSDT-1m-2025-09.csv
futures/um/monthly/klines/axlusdt/1m/AXLUSDT-1m-2025-10.csv
futures/um/monthly/klines/axlusdt/1m/AXLUSDT-1m-2025-11.csv
futures/um/monthly/klines/axlusdt/1m/AXLUSDT-1m-2025-12.csv
futures/um/monthly/klines/axlusdt/1m/AXLUSDT-1m-2026-01.csv
futures/um/monthly/klines/axlusdt/1m/AXLUSDT-1m-2026-02.csv
futures/um/monthly/klines/axlusdt/1m/AXLUSDT-1m-2026-03.csv
futures/um/monthly/klines/axlusdt/1m/AXLUSDT-1m-2026-04.csv
futures/um/monthly/klines/axlusdt/1m/AXLUSDT-1m-2026-05.csv
futures/um/monthly/klines/axlusdt/1m/AXLUSDT-1m-2026-06.csv
futures/um/monthly/klines/axlusdt/1m/AXLUSDT-1m-2026-07.csv
futures/um/monthly/klines/axlusdt/1m/AXLUSDT-1m-2026-08.csv
futures/um/monthly/klines/axsusdt/1m/AXSUSDT-1m-2020-11.csv
futures/um/monthly/klines/axsusdt/1m/AXSUSDT-1m-2020-12.csv
futures/um/monthly/klines/axsusdt/1m/AXSUSDT-1m-2021-01.csv
futures/um/monthly/klines/axsusdt/1m/AXSUSDT-1m-2021-02.csv
futures/um/monthly/klines/axsusdt/1m/AXSUSDT-1m-2021-03.csv
futures/um/monthly/klines/axsusdt/1m/AXSUSDT-1m-2021-04.csv
futures/um/monthly/klines/axsusdt/1m/AXSUSDT-1m-2021-05.csv
futures/um/monthly/klines/axsusdt/1m/AXSUSDT-1m-2021-06.csv
futures/um/monthly/klines/axsusdt/1m/AXSUSDT-1m-2021-07.csv
futures/um/monthly/klines/axsusdt/1m/AXSUSDT-1m-2021-08.csv
futures/um/monthly/klines/axsusdt/1m/AXSUSDT-1m-2021-09.csv
futures/um/monthly/klines/axsusdt/1m/AXSUSDT-1m-2021-10.csv
futures/um/monthly/klines/axsusdt/1m/AXSUSDT-1m-2021-11.csv
futures/um/monthly/klines/axsusdt/1m/AXSUSDT-1m-2021-12.csv
futures/um/monthly/klines/axsusdt/1m/AXSUSDT-1m-2022-01.csv
futures/um/monthly/klines/axsusdt/1m/AXSUSDT-1m-2022-02.csv
futures/um/monthly/klines/axsusdt/1m/AXSUSDT-1m-2022-03.csv
futures/um/monthly/klines/axsusdt/1m/AXSUSDT-1m-2022-04.csv
futures/um/monthly/klines/axsusdt/1m/AXSUSDT-1m-2022-05.csv
futures/um/monthly/klines/axsusdt/1m/AXSUSDT-1m-2022-06.csv
futures/um/monthly/klines/axsusdt/1m/AXSUSDT-1m-2022-07.csv
futures/um/monthly/klines/axsusdt/1m/AXSUSDT-1m-2022-08.csv
futures/um/monthly/klines/axsusdt/1m/AXSUSDT-1m-2022-09.csv
futures/um/monthly/klines/axsusdt/1m/AXSUSDT-1m-2022-10.csv
futures/um/monthly/klines/axsusdt/1m/AXSUSDT-1m-2022-11.csv
futures/um/monthly/klines/axsusdt/1m/AXSUSDT-1m-2022-12.csv
futures/um/monthly/klines/axsusdt/1m/AXSUSDT-1m-2023-01.csv
futures/um/monthly/klines/axsusdt/1m/AXSUSDT-1m-2023-02.csv
futures/um/monthly/klines/axsusdt/1m/AXSUSDT-1m-2023-03.csv
futures/um/monthly/klines/axsusdt/1m/AXSUSDT-1m-2023-04.csv
futures/um/monthly/klines/axsusdt/1m/AXSUSDT-1m-2023-05.csv
futures/um/monthly/klines/axsusdt/1m/AXSUSDT-1m-2023-06.csv
futures/um/monthly/klines/axsusdt/1m/AXSUSDT-1m-2023-07.csv
futures/um/monthly/klines/axsusdt/1m/AXSUSDT-1m-2023-08.csv
futures/um/monthly/klines/axsusdt/1m/AXSUSDT-1m-2023-09.csv
futures/um/monthly/klines/axsusdt/1m/AXSUSDT-1m-2023-10.csv
futures/um/monthly/klines/axsusdt/1m/AXSUSDT-1m-2023-11.csv
futures/um/monthly/klines/axsusdt/1m/AXSUSDT-1m-2023-12.csv
futures/um/monthly/klines/axsusdt/1m/AXSUSDT-1m-2024-01.csv
futures/um/monthly/klines/axsusdt/1m/AXSUSDT-1m-2024-02.csv
futures/um/monthly/klines/axsusdt/1m/AXSUSDT-1m-2024-03.csv
futures/um/monthly/klines/axsusdt/1m/AXSUSDT-1m-2024-04.csv
futures/um/monthly/klines/axsusdt/1m/AXSUSDT-1m-2024-05.csv
futures/um/monthly/klines/axsusdt/1m/AXSUSDT-1m-2024-06.csv
futures/um/monthly/klines/axsusdt/1m/AXSUSDT-1m-2024-07.csv
futures/um/monthly/klines/axsusdt/1m/AXSUSDT-1m-2024-08.csv
futures/um/monthly/klines/axsusdt/1m/AXSUSDT-1m-2024-09.csv
futures/um/monthly/klines/axsusdt/1m/AXSUSDT-1m-2024-10.csv
futures/um/monthly/klines/axsusdt/1m/AXSUSDT-1m-2024-11.csv
futures/um/monthly/klines/axsusdt/1m/AXSUSDT-1m-2024-12.csv
futures/um/monthly/klines/axsusdt/1m/AXSUSDT-1m-2025-01.csv
futures/um/monthly/klines/axsusdt/1m/AXSUSDT-1m-2025-02.csv
futures/um/monthly/klines/axsusdt/1m/AXSUSDT-1m-2025-03.csv
futures/um/monthly/klines/axsusdt/1m/AXSUSDT-1m-2025-04.csv
futures/um/monthly/klines/axsusdt/1m/AXSUSDT-1m-2025-05.csv
futures/um/monthly/klines/axsusdt/1m/AXSUSDT-1m-2025-06.csv
futures/um/monthly/klines/axsusdt/1m/AXSUSDT-1m-2025-07.csv
futures/um/monthly/klines/axsusdt/1m/AXSUSDT-1m-2025-08.csv
futures/um/monthly/klines/axsusdt/1m/AXSUSDT-1m-2025-09.csv
futures/um/monthly/klines/axsusdt/1m/AXSUSDT-1m-2025-10.csv
futures/um/monthly/klines/axsusdt/1m/AXSUSDT-1m-2025-11.csv
futures/um/monthly/klines/axsusdt/1m/AXSUSDT-1m-2025-12.csv
futures/um/monthly/klines/axsusdt/1m/AXSUSDT-1m-2026-01.csv
futures/um/monthly/klines/axsusdt/1m/AXSUSDT-1m-2026-02.csv
futures/um/monthly/klines/axsusdt/1m/AXSUSDT-1m-2026-03.csv
futures/um/monthly/klines/axsusdt/1m/AXSUSDT-1m-2026-04.csv
futures/um/monthly/klines/axsusdt/1m/AXSUSDT-1m-2026-05.csv
futures/um/monthly/klines/axsusdt/1m/AXSUSDT-1m-2026-06.csv
futures/um/monthly/klines/axsusdt/1m/AXSUSDT-1m-2026-07.csv
futures/um/monthly/klines/axsusdt/1m/AXSUSDT-1m-2026-08.csv
futures/um/monthly/klines/aztecusdt/1m/AZTECUSDT-1m-2026-02.csv
futures/um/monthly/klines/aztecusdt/1m/AZTECUSDT-1m-2026-03.csv
futures/um/monthly/klines/aztecusdt/1m/AZTECUSDT-1m-2026-04.csv
futures/um/monthly/klines/aztecusdt/1m/AZTECUSDT-1m-2026-05.csv
futures/um/monthly/klines/aztecusdt/1m/AZTECUSDT-1m-2026-06.csv
futures/um/monthly/klines/aztecusdt/1m/AZTECUSDT-1m-2026-07.csv
futures/um/monthly/klines/aztecusdt/1m/AZTECUSDT-1m-2026-08.csv
futures/um/monthly/klines/b2usdt/1m/B2USDT-1m-2025-05.csv
futures/um/monthly/klines/b2usdt/1m/B2USDT-1m-2025-06.csv
futures/um/monthly/klines/b2usdt/1m/B2USDT-1m-2025-07.csv
futures/um/monthly/klines/b2usdt/1m/B2USDT-1m-2025-08.csv
futures/um/monthly/klines/b2usdt/1m/B2USDT-1m-2025-09.csv
futures/um/monthly/klines/b2usdt/1m/B2USDT-1m-2025-10.csv
futures/um/monthly/klines/b2usdt/1m/B2USDT-1m-2025-11.csv
futures/um/monthly/klines/b2usdt/1m/B2USDT-1m-2025-12.csv
futures/um/monthly/klines/b2usdt/1m/B2USDT-1m-2026-01.csv
futures/um/monthly/klines/b2usdt/1m/B2USDT-1m-2026-02.csv
futures/um/monthly/klines/b2usdt/1m/B2USDT-1m-2026-03.csv
futures/um/monthly/klines/b2usdt/1m/B2USDT-1m-2026-04.csv
futures/um/monthly/klines/b2usdt/1m/B2USDT-1m-2026-05.csv
futures/um/monthly/klines/b2usdt/1m/B2USDT-1m-2026-06.csv
futures/um/monthly/klines/b2usdt/1m/B2USDT-1m-2026-07.csv
futures/um/monthly/klines/b2usdt/1m/B2USDT-1m-2026-08.csv
futures/um/monthly/klines/babyusdt/1m/BABYUSDT-1m-2025-04.csv
futures/um/monthly/klines/babyusdt/1m/BABYUSDT-1m-2025-05.csv
futures/um/monthly/klines/babyusdt/1m/BABYUSDT-1m-2025-06.csv
futures/um/monthly/klines/babyusdt/1m/BABYUSDT-1m-2025-07.csv
futures/um/monthly/klines/babyusdt/1m/BABYUSDT-1m-2025-08.csv
futures/um/monthly/klines/babyusdt/1m/BABYUSDT-1m-2025-09.csv
futures/um/monthly/klines/babyusdt/1m/BABYUSDT-1m-2025-10.csv
futures/um/monthly/klines/babyusdt/1m/BABYUSDT-1m-2025-11.csv
futures/um/monthly/klines/babyusdt/1m/BABYUSDT-1m-2025-12.csv
futures/um/monthly/klines/babyusdt/1m/BABYUSDT-1m-2026-01.csv
futures/um/monthly/klines/babyusdt/1m/BABYUSDT-1m-2026-02.csv
futures/um/monthly/klines/babyusdt/1m/BABYUSDT-1m-2026-03.csv
futures/um/monthly/klines/babyusdt/1m/BABYUSDT-1m-2026-04.csv
futures/um/monthly/klines/babyusdt/1m/BABYUSDT-1m-2026-05.csv
futures/um/monthly/klines/babyusdt/1m/BABYUSDT-1m-2026-06.csv
futures/um/monthly/klines/babyusdt/1m/BABYUSDT-1m-2026-07.csv
futures/um/monthly/klines/babyusdt/1m/BABYUSDT-1m-2026-08.csv
futures/um/monthly/klines/bananas31usdt/1m/BANANAS31USDT-1m-2025-03.csv
futures/um/monthly/klines/bananas31usdt/1m/BANANAS31USDT-1m-2025-04.csv
futures/um/monthly/klines/bananas31usdt/1m/BANANAS31USDT-1m-2025-05.csv
futures/um/monthly/klines/bananas31usdt/1m/BANANAS31USDT-1m-2025-06.csv
futures/um/monthly/klines/bananas31usdt/1m/BANANAS31USDT-1m-2025-07.csv
futures/um/monthly/klines/bananas31usdt/1m/BANANAS31USDT-1m-2025-08.csv
futures/um/monthly/klines/bananas31usdt/1m/BANANAS31USDT-1m-2025-09.csv
futures/um/monthly/klines/bananas31usdt/1m/BANANAS31USDT-1m-2025-10.csv
futures/um/monthly/klines/bananas31usdt/1m/BANANAS31USDT-1m-2025-11.csv
futures/um/monthly/klines/bananas31usdt/1m/BANANAS31USDT-1m-2025-12.csv
futures/um/monthly/klines/bananas31usdt/1m/BANANAS31USDT-1m-2026-01.csv
futures/um/monthly/klines/bananas31usdt/1m/BANANAS31USDT-1m-2026-02.csv
futures/um/monthly/klines/bananas31usdt/1m/BANANAS31USDT-1m-2026-03.csv
futures/um/monthly/klines/bananas31usdt/1m/BANANAS31USDT-1m-2026-04.csv
futures/um/monthly/klines/bananas31usdt/1m/BANANAS31USDT-1m-2026-05.csv
futures/um/monthly/klines/bananas31usdt/1m/BANANAS31USDT-1m-2026-06.csv
futures/um/monthly/klines/bananas31usdt/1m/BANANAS31USDT-1m-2026-07.csv
futures/um/monthly/klines/bananas31usdt/1m/BANANAS31USDT-1m-2026-08.csv
futures/um/monthly/klines/bananausdt/1m/BANANAUSDT-1m-2024-08.csv
futures/um/monthly/klines/bananausdt/1m/BANANAUSDT-1m-2024-09.csv
futures/um/monthly/klines/bananausdt/1m/BANANAUSDT-1m-2024-10.csv
futures/um/monthly/klines/bananausdt/1m/BANANAUSDT-1m-2024-11.csv
futures/um/monthly/klines/bananausdt/1m/BANANAUSDT-1m-2024-12.csv
futures/um/monthly/klines/bananausdt/1m/BANANAUSDT-1m-2025-01.csv
futures/um/monthly/klines/bananausdt/1m/BANANAUSDT-1m-2025-02.csv
futures/um/monthly/klines/bananausdt/1m/BANANAUSDT-1m-2025-03.csv
futures/um/monthly/klines/bananausdt/1m/BANANAUSDT-1m-2025-04.csv
futures/um/monthly/klines/bananausdt/1m/BANANAUSDT-1m-2025-05.csv
futures/um/monthly/klines/bananausdt/1m/BANANAUSDT-1m-2025-06.csv
futures/um/monthly/klines/bananausdt/1m/BANANAUSDT-1m-2025-07.csv
futures/um/monthly/klines/bananausdt/1m/BANANAUSDT-1m-2025-08.csv
futures/um/monthly/klines/bananausdt/1m/BANANAUSDT-1m-2025-09.csv
futures/um/monthly/klines/bananausdt/1m/BANANAUSDT-1m-2025-10.csv
futures/um/monthly/klines/bananausdt/1m/BANANAUSDT-1m-2025-11.csv
futures/um/monthly/klines/bananausdt/1m/BANANAUSDT-1m-2025-12.csv
futures/um/monthly/klines/bananausdt/1m/BANANAUSDT-1m-2026-01.csv
futures/um/monthly/klines/bananausdt/1m/BANANAUSDT-1m-2026-02.csv
futures/um/monthly/klines/bananausdt/1m/BANANAUSDT-1m-2026-03.csv
futures/um/monthly/klines/bananausdt/1m/BANANAUSDT-1m-2026-04.csv
futures/um/monthly/klines/bananausdt/1m/BANANAUSDT-1m-2026-05.csv
futures/um/monthly/klines/bananausdt/1m/BANANAUSDT-1m-2026-06.csv
futures/um/monthly/klines/bananausdt/1m/BANANAUSDT-1m-2026-07.csv
futures/um/monthly/klines/bananausdt/1m/BANANAUSDT-1m-2026-08.csv
futures/um/monthly/klines/bandusdt/1m/BANDUSDT-1m-2020-07.csv
futures/um/monthly/klines/bandusdt/1m/BANDUSDT-1m-2020-08.csv
futures/um/monthly/klines/bandusdt/1m/BANDUSDT-1m-2020-09.csv
futures/um/monthly/klines/bandusdt/1m/BANDUSDT-1m-2020-10.csv
futures/um/monthly/klines/bandusdt/1m/BANDUSDT-1m-2020-11.csv
futures/um/monthly/klines/bandusdt/1m/BANDUSDT-1m-2020-12.csv
futures/um/monthly/klines/bandusdt/1m/BANDUSDT-1m-2021-01.csv
futures/um/monthly/klines/bandusdt/1m/BANDUSDT-1m-2021-02.csv
futures/um/monthly/klines/bandusdt/1m/BANDUSDT-1m-2021-03.csv
futures/um/monthly/klines/bandusdt/1m/BANDUSDT-1m-2021-04.csv
futures/um/monthly/klines/bandusdt/1m/BANDUSDT-1m-2021-05.csv
futures/um/monthly/klines/bandusdt/1m/BANDUSDT-1m-2021-06.csv
futures/um/monthly/klines/bandusdt/1m/BANDUSDT-1m-2021-07.csv
futures/um/monthly/klines/bandusdt/1m/BANDUSDT-1m-2021-08.csv
futures/um/monthly/klines/bandusdt/1m/BANDUSDT-1m-2021-09.csv
futures/um/monthly/klines/bandusdt/1m/BANDUSDT-1m-2021-10.csv
futures/um/monthly/klines/bandusdt/1m/BANDUSDT-1m-2021-11.csv
futures/um/monthly/klines/bandusdt/1m/BANDUSDT-1m-2021-12.csv
futures/um/monthly/klines/bandusdt/1m/BANDUSDT-1m-2022-01.csv
futures/um/monthly/klines/bandusdt/1m/BANDUSDT-1m-2022-02.csv
futures/um/monthly/klines/bandusdt/1m/BANDUSDT-1m-2022-03.csv
futures/um/monthly/klines/bandusdt/1m/BANDUSDT-1m-2022-04.csv
futures/um/monthly/klines/bandusdt/1m/BANDUSDT-1m-2022-05.csv
futures/um/monthly/klines/bandusdt/1m/BANDUSDT-1m-2022-06.csv
futures/um/monthly/klines/bandusdt/1m/BANDUSDT-1m-2022-07.csv
futures/um/monthly/klines/bandusdt/1m/BANDUSDT-1m-2022-08.csv
futures/um/monthly/klines/bandusdt/1m/BANDUSDT-1m-2022-09.csv
futures/um/monthly/klines/bandusdt/1m/BANDUSDT-1m-2022-10.csv
futures/um/monthly/klines/bandusdt/1m/BANDUSDT-1m-2022-11.csv
futures/um/monthly/klines/bandusdt/1m/BANDUSDT-1m-2022-12.csv
futures/um/monthly/klines/bandusdt/1m/BANDUSDT-1m-2023-01.csv
futures/um/monthly/klines/bandusdt/1m/BANDUSDT-1m-2023-02.csv
futures/um/monthly/klines/bandusdt/1m/BANDUSDT-1m-2023-03.csv
futures/um/monthly/klines/bandusdt/1m/BANDUSDT-1m-2023-04.csv
futures/um/monthly/klines/bandusdt/1m/BANDUSDT-1m-2023-05.csv
futures/um/monthly/klines/bandusdt/1m/BANDUSDT-1m-2023-06.csv
futures/um/monthly/klines/bandusdt/1m/BANDUSDT-1m-2023-07.csv
futures/um/monthly/klines/bandusdt/1m/BANDUSDT-1m-2023-08.csv
futures/um/monthly/klines/bandusdt/1m/BANDUSDT-1m-2023-09.csv
futures/um/monthly/klines/bandusdt/1m/BANDUSDT-1m-2023-10.csv
futures/um/monthly/klines/bandusdt/1m/BANDUSDT-1m-2023-11.csv
futures/um/monthly/klines/bandusdt/1m/BANDUSDT-1m-2023-12.csv
futures/um/monthly/klines/bandusdt/1m/BANDUSDT-1m-2024-01.csv
futures/um/monthly/klines/bandusdt/1m/BANDUSDT-1m-2024-02.csv
futures/um/monthly/klines/bandusdt/1m/BANDUSDT-1m-2024-03.csv
futures/um/monthly/klines/bandusdt/1m/BANDUSDT-1m-2024-04.csv
futures/um/monthly/klines/bandusdt/1m/BANDUSDT-1m-2024-05.csv
futures/um/monthly/klines/bandusdt/1m/BANDUSDT-1m-2024-06.csv
futures/um/monthly/klines/bandusdt/1m/BANDUSDT-1m-2024-07.csv
futures/um/monthly/klines/bandusdt/1m/BANDUSDT-1m-2024-08.csv
futures/um/monthly/klines/bandusdt/1m/BANDUSDT-1m-2024-09.csv
futures/um/monthly/klines/bandusdt/1m/BANDUSDT-1m-2024-10.csv
futures/um/monthly/klines/bandusdt/1m/BANDUSDT-1m-2024-11.csv
futures/um/monthly/klines/bandusdt/1m/BANDUSDT-1m-2024-12.csv
futures/um/monthly/klines/bandusdt/1m/BANDUSDT-1m-2025-01.csv
futures/um/monthly/klines/bandusdt/1m/BANDUSDT-1m-2025-02.csv
futures/um/monthly/klines/bandusdt/1m/BANDUSDT-1m-2025-03.csv
futures/um/monthly/klines/bandusdt/1m/BANDUSDT-1m-2025-04.csv
futures/um/monthly/klines/bandusdt/1m/BANDUSDT-1m-2025-05.csv
futures/um/monthly/klines/bandusdt/1m/BANDUSDT-1m-2025-06.csv
futures/um/monthly/klines/bandusdt/1m/BANDUSDT-1m-2025-07.csv
futures/um/monthly/klines/bandusdt/1m/BANDUSDT-1m-2025-08.csv
futures/um/monthly/klines/bandusdt/1m/BANDUSDT-1m-2025-09.csv
futures/um/monthly/klines/bandusdt/1m/BANDUSDT-1m-2025-10.csv
futures/um/monthly/klines/bandusdt/1m/BANDUSDT-1m-2025-11.csv
futures/um/monthly/klines/bandusdt/1m/BANDUSDT-1m-2025-12.csv
futures/um/monthly/klines/bandusdt/1m/BANDUSDT-1m-2026-01.csv
futures/um/monthly/klines/bandusdt/1m/BANDUSDT-1m-2026-02.csv
futures/um/monthly/klines/bandusdt/1m/BANDUSDT-1m-2026-03.csv
futures/um/monthly/klines/bandusdt/1m/BANDUSDT-1m-2026-04.csv
futures/um/monthly/klines/bandusdt/1m/BANDUSDT-1m-2026-05.csv
futures/um/monthly/klines/bandusdt/1m/BANDUSDT-1m-2026-06.csv
futures/um/monthly/klines/bandusdt/1m/BANDUSDT-1m-2026-07.csv
futures/um/monthly/klines/bandusdt/1m/BANDUSDT-1m-2026-08.csv
futures/um/monthly/klines/bankusdt/1m/BANKUSDT-1m-2025-04.csv
futures/um/monthly/klines/bankusdt/1m/BANKUSDT-1m-2025-05.csv
futures/um/monthly/klines/bankusdt/1m/BANKUSDT-1m-2025-06.csv
futures/um/monthly/klines/bankusdt/1m/BANKUSDT-1m-2025-07.csv
futures/um/monthly/klines/bankusdt/1m/BANKUSDT-1m-2025-08.csv
futures/um/monthly/klines/bankusdt/1m/BANKUSDT-1m-2025-09.csv
futures/um/monthly/klines/bankusdt/1m/BANKUSDT-1m-2025-10.csv
futures/um/monthly/klines/bankusdt/1m/BANKUSDT-1m-2025-11.csv
futures/um/monthly/klines/bankusdt/1m/BANKUSDT-1m-2025-12.csv
futures/um/monthly/klines/bankusdt/1m/BANKUSDT-1m-2026-01.csv
futures/um/monthly/klines/bankusdt/1m/BANKUSDT-1m-2026-02.csv
futures/um/monthly/klines/bankusdt/1m/BANKUSDT-1m-2026-03.csv
futures/um/monthly/klines/bankusdt/1m/BANKUSDT-1m-2026-04.csv
futures/um/monthly/klines/bankusdt/1m/BANKUSDT-1m-2026-05.csv
futures/um/monthly/klines/bankusdt/1m/BANKUSDT-1m-2026-06.csv
futures/um/monthly/klines/bankusdt/1m/BANKUSDT-1m-2026-07.csv
futures/um/monthly/klines/bankusdt/1m/BANKUSDT-1m-2026-08.csv
futures/um/monthly/klines/banusdt/1m/BANUSDT-1m-2024-11.csv
futures/um/monthly/klines/banusdt/1m/BANUSDT-1m-2024-12.csv
futures/um/monthly/klines/banusdt/1m/BANUSDT-1m-2025-01.csv
futures/um/monthly/klines/banusdt/1m/BANUSDT-1m-2025-02.csv
futures/um/monthly/klines/banusdt/1m/BANUSDT-1m-2025-03.csv
futures/um/monthly/klines/banusdt/1m/BANUSDT-1m-2025-04.csv
futures/um/monthly/klines/banusdt/1m/BANUSDT-1m-2025-05.csv
futures/um/monthly/klines/banusdt/1m/BANUSDT-1m-2025-06.csv
futures/um/monthly/klines/banusdt/1m/BANUSDT-1m-2025-07.csv
futures/um/monthly/klines/banusdt/1m/BANUSDT-1m-2025-08.csv
futures/um/monthly/klines/banusdt/1m/BANUSDT-1m-2025-09.csv
futures/um/monthly/klines/banusdt/1m/BANUSDT-1m-2025-10.csv
futures/um/monthly/klines/banusdt/1m/BANUSDT-1m-2025-11.csv
futures/um/monthly/klines/banusdt/1m/BANUSDT-1m-2025-12.csv
futures/um/monthly/klines/banusdt/1m/BANUSDT-1m-2026-01.csv
futures/um/monthly/klines/banusdt/1m/BANUSDT-1m-2026-02.csv
futures/um/monthly/klines/banusdt/1m/BANUSDT-1m-2026-03.csv
futures/um/monthly/klines/banusdt/1m/BANUSDT-1m-2026-04.csv
futures/um/monthly/klines/banusdt/1m/BANUSDT-1m-2026-05.csv
futures/um/monthly/klines/banusdt/1m/BANUSDT-1m-2026-06.csv
futures/um/monthly/klines/banusdt/1m/BANUSDT-1m-2026-07.csv
futures/um/monthly/klines/banusdt/1m/BANUSDT-1m-2026-08.csv
futures/um/monthly/klines/bardusdt/1m/BARDUSDT-1m-2025-09.csv
futures/um/monthly/klines/bardusdt/1m/BARDUSDT-1m-2025-10.csv
futures/um/monthly/klines/bardusdt/1m/BARDUSDT-1m-2025-11.csv
futures/um/monthly/klines/bardusdt/1m/BARDUSDT-1m-2025-12.csv
futures/um/monthly/klines/bardusdt/1m/BARDUSDT-1m-2026-01.csv
futures/um/monthly/klines/bardusdt/1m/BARDUSDT-1m-2026-02.csv
futures/um/monthly/klines/bardusdt/1m/BARDUSDT-1m-2026-03.csv
futures/um/monthly/klines/bardusdt/1m/BARDUSDT-1m-2026-04.csv
futures/um/monthly/klines/bardusdt/1m/BARDUSDT-1m-2026-05.csv
futures/um/monthly/klines/bardusdt/1m/BARDUSDT-1m-2026-06.csv
futures/um/monthly/klines/bardusdt/1m/BARDUSDT-1m-2026-07.csv
futures/um/monthly/klines/bardusdt/1m/BARDUSDT-1m-2026-08.csv
futures/um/monthly/klines/basedusdt/1m/BASEDUSDT-1m-2026-03.csv
futures/um/monthly/klines/basedusdt/1m/BASEDUSDT-1m-2026-04.csv
futures/um/monthly/klines/basedusdt/1m/BASEDUSDT-1m-2026-05.csv
futures/um/monthly/klines/basedusdt/1m/BASEDUSDT-1m-2026-06.csv
futures/um/monthly/klines/basedusdt/1m/BASEDUSDT-1m-2026-07.csv
futures/um/monthly/klines/basedusdt/1m/BASEDUSDT-1m-2026-08.csv
futures/um/monthly/klines/basusdt/1m/BASUSDT-1m-2025-08.csv
futures/um/monthly/klines/basusdt/1m/BASUSDT-1m-2025-09.csv
futures/um/monthly/klines/basusdt/1m/BASUSDT-1m-2025-10.csv
futures/um/monthly/klines/basusdt/1m/BASUSDT-1m-2025-11.csv
futures/um/monthly/klines/basusdt/1m/BASUSDT-1m-2025-12.csv
futures/um/monthly/klines/basusdt/1m/BASUSDT-1m-2026-01.csv
futures/um/monthly/klines/basusdt/1m/BASUSDT-1m-2026-02.csv
futures/um/monthly/klines/basusdt/1m/BASUSDT-1m-2026-03.csv
futures/um/monthly/klines/basusdt/1m/BASUSDT-1m-2026-04.csv
futures/um/monthly/klines/basusdt/1m/BASUSDT-1m-2026-05.csv
futures/um/monthly/klines/basusdt/1m/BASUSDT-1m-2026-06.csv
futures/um/monthly/klines/basusdt/1m/BASUSDT-1m-2026-07.csv
futures/um/monthly/klines/basusdt/1m/BASUSDT-1m-2026-08.csv
futures/um/monthly/klines/batusdt/1m/BATUSDT-1m-2020-02.csv
futures/um/monthly/klines/batusdt/1m/BATUSDT-1m-2020-03.csv
futures/um/monthly/klines/batusdt/1m/BATUSDT-1m-2020-04.csv
futures/um/monthly/klines/batusdt/1m/BATUSDT-1m-2020-05.csv
futures/um/monthly/klines/batusdt/1m/BATUSDT-1m-2020-06.csv
futures/um/monthly/klines/batusdt/1m/BATUSDT-1m-2020-07.csv
futures/um/monthly/klines/batusdt/1m/BATUSDT-1m-2020-08.csv
futures/um/monthly/klines/batusdt/1m/BATUSDT-1m-2020-09.csv
futures/um/monthly/klines/batusdt/1m/BATUSDT-1m-2020-10.csv
futures/um/monthly/klines/batusdt/1m/BATUSDT-1m-2020-11.csv
futures/um/monthly/klines/batusdt/1m/BATUSDT-1m-2020-12.csv
futures/um/monthly/klines/batusdt/1m/BATUSDT-1m-2021-01.csv
futures/um/monthly/klines/batusdt/1m/BATUSDT-1m-2021-02.csv
futures/um/monthly/klines/batusdt/1m/BATUSDT-1m-2021-03.csv
futures/um/monthly/klines/batusdt/1m/BATUSDT-1m-2021-04.csv
futures/um/monthly/klines/batusdt/1m/BATUSDT-1m-2021-05.csv
futures/um/monthly/klines/batusdt/1m/BATUSDT-1m-2021-06.csv
futures/um/monthly/klines/batusdt/1m/BATUSDT-1m-2021-07.csv
futures/um/monthly/klines/batusdt/1m/BATUSDT-1m-2021-08.csv
futures/um/monthly/klines/batusdt/1m/BATUSDT-1m-2021-09.csv
futures/um/monthly/klines/batusdt/1m/BATUSDT-1m-2021-10.csv
futures/um/monthly/klines/batusdt/1m/BATUSDT-1m-2021-11.csv
futures/um/monthly/klines/batusdt/1m/BATUSDT-1m-2021-12.csv
futures/um/monthly/klines/batusdt/1m/BATUSDT-1m-2022-01.csv
futures/um/monthly/klines/batusdt/1m/BATUSDT-1m-2022-02.csv
futures/um/monthly/klines/batusdt/1m/BATUSDT-1m-2022-03.csv
futures/um/monthly/klines/batusdt/1m/BATUSDT-1m-2022-04.csv
futures/um/monthly/klines/batusdt/1m/BATUSDT-1m-2022-05.csv
futures/um/monthly/klines/batusdt/1m/BATUSDT-1m-2022-06.csv
futures/um/monthly/klines/batusdt/1m/BATUSDT-1m-2022-07.csv
futures/um/monthly/klines/batusdt/1m/BATUSDT-1m-2022-08.csv
futures/um/monthly/klines/batusdt/1m/BATUSDT-1m-2022-09.csv
futures/um/monthly/klines/batusdt/1m/BATUSDT-1m-2022-10.csv
futures/um/monthly/klines/batusdt/1m/BATUSDT-1m-2022-11.csv
futures/um/monthly/klines/batusdt/1m/BATUSDT-1m-2022-12.csv
futures/um/monthly/klines/batusdt/1m/BATUSDT-1m-2023-01.csv
futures/um/monthly/klines/batusdt/1m/BATUSDT-1m-2023-02.csv
futures/um/monthly/klines/batusdt/1m/BATUSDT-1m-2023-03.csv
futures/um/monthly/klines/batusdt/1m/BATUSDT-1m-2023-04.csv
futures/um/monthly/klines/batusdt/1m/BATUSDT-1m-2023-05.csv
futures/um/monthly/klines/batusdt/1m/BATUSDT-1m-2023-06.csv
futures/um/monthly/klines/batusdt/1m/BATUSDT-1m-2023-07.csv
futures/um/monthly/klines/batusdt/1m/BATUSDT-1m-2023-08.csv
futures/um/monthly/klines/batusdt/1m/BATUSDT-1m-2023-09.csv
futures/um/monthly/klines/batusdt/1m/BATUSDT-1m-2023-10.csv
futures/um/monthly/klines/batusdt/1m/BATUSDT-1m-2023-11.csv
futures/um/monthly/klines/batusdt/1m/BATUSDT-1m-2023-12.csv
futures/um/monthly/klines/batusdt/1m/BATUSDT-1m-2024-01.csv
futures/um/monthly/klines/batusdt/1m/BATUSDT-1m-2024-02.csv
futures/um/monthly/klines/batusdt/1m/BATUSDT-1m-2024-03.csv
futures/um/monthly/klines/batusdt/1m/BATUSDT-1m-2024-04.csv
futures/um/monthly/klines/batusdt/1m/BATUSDT-1m-2024-05.csv
futures/um/monthly/klines/batusdt/1m/BATUSDT-1m-2024-06.csv
futures/um/monthly/klines/batusdt/1m/BATUSDT-1m-2024-07.csv
futures/um/monthly/klines/batusdt/1m/BATUSDT-1m-2024-08.csv
futures/um/monthly/klines/batusdt/1m/BATUSDT-1m-2024-09.csv
futures/um/monthly/klines/batusdt/1m/BATUSDT-1m-2024-10.csv
futures/um/monthly/klines/batusdt/1m/BATUSDT-1m-2024-11.csv
futures/um/monthly/klines/batusdt/1m/BATUSDT-1m-2024-12.csv
futures/um/monthly/klines/batusdt/1m/BATUSDT-1m-2025-01.csv
futures/um/monthly/klines/batusdt/1m/BATUSDT-1m-2025-02.csv
futures/um/monthly/klines/batusdt/1m/BATUSDT-1m-2025-03.csv
futures/um/monthly/klines/batusdt/1m/BATUSDT-1m-2025-04.csv
futures/um/monthly/klines/batusdt/1m/BATUSDT-1m-2025-05.csv
futures/um/monthly/klines/batusdt/1m/BATUSDT-1m-2025-06.csv
futures/um/monthly/klines/batusdt/1m/BATUSDT-1m-2025-07.csv
futures/um/monthly/klines/batusdt/1m/BATUSDT-1m-2025-08.csv
futures/um/monthly/klines/batusdt/1m/BATUSDT-1m-2025-09.csv
futures/um/monthly/klines/batusdt/1m/BATUSDT-1m-2025-10.csv
futures/um/monthly/klines/batusdt/1m/BATUSDT-1m-2025-11.csv
futures/um/monthly/klines/batusdt/1m/BATUSDT-1m-2025-12.csv
futures/um/monthly/klines/batusdt/1m/BATUSDT-1m-2026-01.csv
futures/um/monthly/klines/batusdt/1m/BATUSDT-1m-2026-02.csv
futures/um/monthly/klines/batusdt/1m/BATUSDT-1m-2026-03.csv
futures/um/monthly/klines/batusdt/1m/BATUSDT-1m-2026-04.csv
futures/um/monthly/klines/batusdt/1m/BATUSDT-1m-2026-05.csv
futures/um/monthly/klines/batusdt/1m/BATUSDT-1m-2026-06.csv
futures/um/monthly/klines/batusdt/1m/BATUSDT-1m-2026-07.csv
futures/um/monthly/klines/batusdt/1m/BATUSDT-1m-2026-08.csv
futures/um/monthly/klines/bbusdt/1m/BBUSDT-1m-2024-05.csv
futures/um/monthly/klines/bbusdt/1m/BBUSDT-1m-2024-06.csv
futures/um/monthly/klines/bbusdt/1m/BBUSDT-1m-2024-07.csv
futures/um/monthly/klines/bbusdt/1m/BBUSDT-1m-2024-08.csv
futures/um/monthly/klines/bbusdt/1m/BBUSDT-1m-2024-09.csv
futures/um/monthly/klines/bbusdt/1m/BBUSDT-1m-2024-10.csv
futures/um/monthly/klines/bbusdt/1m/BBUSDT-1m-2024-11.csv
futures/um/monthly/klines/bbusdt/1m/BBUSDT-1m-2024-12.csv
futures/um/monthly/klines/bbusdt/1m/BBUSDT-1m-2025-01.csv
futures/um/monthly/klines/bbusdt/1m/BBUSDT-1m-2025-02.csv
futures/um/monthly/klines/bbusdt/1m/BBUSDT-1m-2025-03.csv
futures/um/monthly/klines/bbusdt/1m/BBUSDT-1m-2025-04.csv
futures/um/monthly/klines/bbusdt/1m/BBUSDT-1m-2025-05.csv
futures/um/monthly/klines/bbusdt/1m/BBUSDT-1m-2025-06.csv
futures/um/monthly/klines/bbusdt/1m/BBUSDT-1m-2025-07.csv
futures/um/monthly/klines/bbusdt/1m/BBUSDT-1m-2025-08.csv
futures/um/monthly/klines/bbusdt/1m/BBUSDT-1m-2025-09.csv
futures/um/monthly/klines/bbusdt/1m/BBUSDT-1m-2025-10.csv
futures/um/monthly/klines/bbusdt/1m/BBUSDT-1m-2025-11.csv
futures/um/monthly/klines/bbusdt/1m/BBUSDT-1m-2025-12.csv
futures/um/monthly/klines/bbusdt/1m/BBUSDT-1m-2026-01.csv
futures/um/monthly/klines/bbusdt/1m/BBUSDT-1m-2026-02.csv
futures/um/monthly/klines/bbusdt/1m/BBUSDT-1m-2026-03.csv
futures/um/monthly/klines/bbusdt/1m/BBUSDT-1m-2026-04.csv
futures/um/monthly/klines/bbusdt/1m/BBUSDT-1m-2026-05.csv
futures/um/monthly/klines/bbusdt/1m/BBUSDT-1m-2026-06.csv
futures/um/monthly/klines/bbusdt/1m/BBUSDT-1m-2026-07.csv
futures/um/monthly/klines/bbusdt/1m/BBUSDT-1m-2026-08.csv
futures/um/monthly/klines/bchusdt/1m/BCHUSDT-1m-2020-01.csv
futures/um/monthly/klines/bchusdt/1m/BCHUSDT-1m-2020-02.csv
futures/um/monthly/klines/bchusdt/1m/BCHUSDT-1m-2020-03.csv
futures/um/monthly/klines/bchusdt/1m/BCHUSDT-1m-2020-04.csv
futures/um/monthly/klines/bchusdt/1m/BCHUSDT-1m-2020-05.csv
futures/um/monthly/klines/bchusdt/1m/BCHUSDT-1m-2020-06.csv
futures/um/monthly/klines/bchusdt/1m/BCHUSDT-1m-2020-07.csv
futures/um/monthly/klines/bchusdt/1m/BCHUSDT-1m-2020-08.csv
futures/um/monthly/klines/bchusdt/1m/BCHUSDT-1m-2020-09.csv
futures/um/monthly/klines/bchusdt/1m/BCHUSDT-1m-2020-10.csv
futures/um/monthly/klines/bchusdt/1m/BCHUSDT-1m-2020-11.csv
futures/um/monthly/klines/bchusdt/1m/BCHUSDT-1m-2020-12.csv
futures/um/monthly/klines/bchusdt/1m/BCHUSDT-1m-2021-01.csv
futures/um/monthly/klines/bchusdt/1m/BCHUSDT-1m-2021-02.csv
futures/um/monthly/klines/bchusdt/1m/BCHUSDT-1m-2021-03.csv
futures/um/monthly/klines/bchusdt/1m/BCHUSDT-1m-2021-04.csv
futures/um/monthly/klines/bchusdt/1m/BCHUSDT-1m-2021-05.csv
futures/um/monthly/klines/bchusdt/1m/BCHUSDT-1m-2021-06.csv
futures/um/monthly/klines/bchusdt/1m/BCHUSDT-1m-2021-07.csv
futures/um/monthly/klines/bchusdt/1m/BCHUSDT-1m-2021-08.csv
futures/um/monthly/klines/bchusdt/1m/BCHUSDT-1m-2021-09.csv
futures/um/monthly/klines/bchusdt/1m/BCHUSDT-1m-2021-10.csv
futures/um/monthly/klines/bchusdt/1m/BCHUSDT-1m-2021-11.csv
futures/um/monthly/klines/bchusdt/1m/BCHUSDT-1m-2021-12.csv
futures/um/monthly/klines/bchusdt/1m/BCHUSDT-1m-2022-01.csv
futures/um/monthly/klines/bchusdt/1m/BCHUSDT-1m-2022-02.csv
futures/um/monthly/klines/bchusdt/1m/BCHUSDT-1m-2022-03.csv
futures/um/monthly/klines/bchusdt/1m/BCHUSDT-1m-2022-04.csv
futures/um/monthly/klines/bchusdt/1m/BCHUSDT-1m-2022-05.csv
futures/um/monthly/klines/bchusdt/1m/BCHUSDT-1m-2022-06.csv
futures/um/monthly/klines/bchusdt/1m/BCHUSDT-1m-2022-07.csv
futures/um/monthly/klines/bchusdt/1m/BCHUSDT-1m-2022-08.csv
futures/um/monthly/klines/bchusdt/1m/BCHUSDT-1m-2022-09.csv
futures/um/monthly/klines/bchusdt/1m/BCHUSDT-1m-2022-10.csv
futures/um/monthly/klines/bchusdt/1m/BCHUSDT-1m-2022-11.csv
futures/um/monthly/klines/bchusdt/1m/BCHUSDT-1m-2022-12.csv
futures/um/monthly/klines/bchusdt/1m/BCHUSDT-1m-2023-01.csv
futures/um/monthly/klines/bchusdt/1m/BCHUSDT-1m-2023-02.csv
futures/um/monthly/klines/bchusdt/1m/BCHUSDT-1m-2023-03.csv
futures/um/monthly/klines/bchusdt/1m/BCHUSDT-1m-2023-04.csv
futures/um/monthly/klines/bchusdt/1m/BCHUSDT-1m-2023-05.csv
futures/um/monthly/klines/bchusdt/1m/BCHUSDT-1m-2023-06.csv
futures/um/monthly/klines/bchusdt/1m/BCHUSDT-1m-2023-07.csv
futures/um/monthly/klines/bchusdt/1m/BCHUSDT-1m-2023-08.csv
futures/um/monthly/klines/bchusdt/1m/BCHUSDT-1m-2023-09.csv
futures/um/monthly/klines/bchusdt/1m/BCHUSDT-1m-2023-10.csv
futures/um/monthly/klines/bchusdt/1m/BCHUSDT-1m-2023-11.csv
futures/um/monthly/klines/bchusdt/1m/BCHUSDT-1m-2023-12.csv
futures/um/monthly/klines/bchusdt/1m/BCHUSDT-1m-2024-01.csv
futures/um/monthly/klines/bchusdt/1m/BCHUSDT-1m-2024-02.csv
futures/um/monthly/klines/bchusdt/1m/BCHUSDT-1m-2024-03.csv
futures/um/monthly/klines/bchusdt/1m/BCHUSDT-1m-2024-04.csv
futures/um/monthly/klines/bchusdt/1m/BCHUSDT-1m-2024-05.csv
futures/um/monthly/klines/bchusdt/1m/BCHUSDT-1m-2024-06.csv
futures/um/monthly/klines/bchusdt/1m/BCHUSDT-1m-2024-07.csv
futures/um/monthly/klines/bchusdt/1m/BCHUSDT-1m-2024-08.csv
futures/um/monthly/klines/bchusdt/1m/BCHUSDT-1m-2024-09.csv
futures/um/monthly/klines/bchusdt/1m/BCHUSDT-1m-2024-10.csv
futures/um/monthly/klines/bchusdt/1m/BCHUSDT-1m-2024-11.csv
futures/um/monthly/klines/bchusdt/1m/BCHUSDT-1m-2024-12.csv
futures/um/monthly/klines/bchusdt/1m/BCHUSDT-1m-2025-01.csv
futures/um/monthly/klines/bchusdt/1m/BCHUSDT-1m-2025-02.csv
futures/um/monthly/klines/bchusdt/1m/BCHUSDT-1m-2025-03.csv
futures/um/monthly/klines/bchusdt/1m/BCHUSDT-1m-2025-04.csv
futures/um/monthly/klines/bchusdt/1m/BCHUSDT-1m-2025-05.csv
futures/um/monthly/klines/bchusdt/1m/BCHUSDT-1m-2025-06.csv
futures/um/monthly/klines/bchusdt/1m/BCHUSDT-1m-2025-07.csv
futures/um/monthly/klines/bchusdt/1m/BCHUSDT-1m-2025-08.csv
futures/um/monthly/klines/bchusdt/1m/BCHUSDT-1m-2025-09.csv
futures/um/monthly/klines/bchusdt/1m/BCHUSDT-1m-2025-10.csv
futures/um/monthly/klines/bchusdt/1m/BCHUSDT-1m-2025-11.csv
futures/um/monthly/klines/bchusdt/1m/BCHUSDT-1m-2025-12.csv
futures/um/monthly/klines/bchusdt/1m/BCHUSDT-1m-2026-01.csv
futures/um/monthly/klines/bchusdt/1m/BCHUSDT-1m-2026-02.csv
futures/um/monthly/klines/bchusdt/1m/BCHUSDT-1m-2026-03.csv
futures/um/monthly/klines/bchusdt/1m/BCHUSDT-1m-2026-04.csv
futures/um/monthly/klines/bchusdt/1m/BCHUSDT-1m-2026-05.csv
futures/um/monthly/klines/bchusdt/1m/BCHUSDT-1m-2026-06.csv
futures/um/monthly/klines/bchusdt/1m/BCHUSDT-1m-2026-07.csv
futures/um/monthly/klines/bchusdt/1m/BCHUSDT-1m-2026-08.csv
futures/um/monthly/klines/beamxusdt/1m/BEAMXUSDT-1m-2023-11.csv
futures/um/monthly/klines/beamxusdt/1m/BEAMXUSDT-1m-2023-12.csv
futures/um/monthly/klines/beamxusdt/1m/BEAMXUSDT-1m-2024-01.csv
futures/um/monthly/klines/beamxusdt/1m/BEAMXUSDT-1m-2024-02.csv
futures/um/monthly/klines/beamxusdt/1m/BEAMXUSDT-1m-2024-03.csv
futures/um/monthly/klines/beamxusdt/1m/BEAMXUSDT-1m-2024-04.csv
futures/um/monthly/klines/beamxusdt/1m/BEAMXUSDT-1m-2024-05.csv
futures/um/monthly/klines/beamxusdt/1m/BEAMXUSDT-1m-2024-06.csv
futures/um/monthly/klines/beamxusdt/1m/BEAMXUSDT-1m-2024-07.csv
futures/um/monthly/klines/beamxusdt/1m/BEAMXUSDT-1m-2024-08.csv
futures/um/monthly/klines/beamxusdt/1m/BEAMXUSDT-1m-2024-09.csv
futures/um/monthly/klines/beamxusdt/1m/BEAMXUSDT-1m-2024-10.csv
futures/um/monthly/klines/beamxusdt/1m/BEAMXUSDT-1m-2024-11.csv
futures/um/monthly/klines/beamxusdt/1m/BEAMXUSDT-1m-2024-12.csv
futures/um/monthly/klines/beamxusdt/1m/BEAMXUSDT-1m-2025-01.csv
futures/um/monthly/klines/beamxusdt/1m/BEAMXUSDT-1m-2025-02.csv
futures/um/monthly/klines/beamxusdt/1m/BEAMXUSDT-1m-2025-03.csv
futures/um/monthly/klines/beamxusdt/1m/BEAMXUSDT-1m-2025-04.csv
futures/um/monthly/klines/beamxusdt/1m/BEAMXUSDT-1m-2025-05.csv
futures/um/monthly/klines/beamxusdt/1m/BEAMXUSDT-1m-2025-06.csv
futures/um/monthly/klines/beamxusdt/1m/BEAMXUSDT-1m-2025-07.csv
futures/um/monthly/klines/beamxusdt/1m/BEAMXUSDT-1m-2025-08.csv
futures/um/monthly/klines/beamxusdt/1m/BEAMXUSDT-1m-2025-09.csv
futures/um/monthly/klines/beamxusdt/1m/BEAMXUSDT-1m-2025-10.csv
futures/um/monthly/klines/beamxusdt/1m/BEAMXUSDT-1m-2025-11.csv
futures/um/monthly/klines/beamxusdt/1m/BEAMXUSDT-1m-2025-12.csv
futures/um/monthly/klines/beamxusdt/1m/BEAMXUSDT-1m-2026-01.csv
futures/um/monthly/klines/beamxusdt/1m/BEAMXUSDT-1m-2026-02.csv
futures/um/monthly/klines/beamxusdt/1m/BEAMXUSDT-1m-2026-03.csv
futures/um/monthly/klines/beamxusdt/1m/BEAMXUSDT-1m-2026-04.csv
futures/um/monthly/klines/beamxusdt/1m/BEAMXUSDT-1m-2026-05.csv
futures/um/monthly/klines/beamxusdt/1m/BEAMXUSDT-1m-2026-06.csv
futures/um/monthly/klines/beamxusdt/1m/BEAMXUSDT-1m-2026-07.csv
futures/um/monthly/klines/beamxusdt/1m/BEAMXUSDT-1m-2026-08.csv
futures/um/monthly/klines/beatusdt/1m/BEATUSDT-1m-2025-11.csv
futures/um/monthly/klines/beatusdt/1m/BEATUSDT-1m-2025-12.csv
futures/um/monthly/klines/beatusdt/1m/BEATUSDT-1m-2026-01.csv
futures/um/monthly/klines/beatusdt/1m/BEATUSDT-1m-2026-02.csv
futures/um/monthly/klines/beatusdt/1m/BEATUSDT-1m-2026-03.csv
futures/um/monthly/klines/beatusdt/1m/BEATUSDT-1m-2026-04.csv
futures/um/monthly/klines/beatusdt/1m/BEATUSDT-1m-2026-05.csv
futures/um/monthly/klines/beatusdt/1m/BEATUSDT-1m-2026-06.csv
futures/um/monthly/klines/beatusdt/1m/BEATUSDT-1m-2026-07.csv
futures/um/monthly/klines/beatusdt/1m/BEATUSDT-1m-2026-08.csv
futures/um/monthly/klines/belusdt/1m/BELUSDT-1m-2020-11.csv
futures/um/monthly/klines/belusdt/1m/BELUSDT-1m-2020-12.csv
futures/um/monthly/klines/belusdt/1m/BELUSDT-1m-2021-01.csv
futures/um/monthly/klines/belusdt/1m/BELUSDT-1m-2021-02.csv
futures/um/monthly/klines/belusdt/1m/BELUSDT-1m-2021-03.csv
futures/um/monthly/klines/belusdt/1m/BELUSDT-1m-2021-04.csv
futures/um/monthly/klines/belusdt/1m/BELUSDT-1m-2021-05.csv
futures/um/monthly/klines/belusdt/1m/BELUSDT-1m-2021-06.csv
futures/um/monthly/klines/belusdt/1m/BELUSDT-1m-2021-07.csv
futures/um/monthly/klines/belusdt/1m/BELUSDT-1m-2021-08.csv
futures/um/monthly/klines/belusdt/1m/BELUSDT-1m-2021-09.csv
futures/um/monthly/klines/belusdt/1m/BELUSDT-1m-2021-10.csv
futures/um/monthly/klines/belusdt/1m/BELUSDT-1m-2021-11.csv
futures/um/monthly/klines/belusdt/1m/BELUSDT-1m-2021-12.csv
futures/um/monthly/klines/belusdt/1m/BELUSDT-1m-2022-01.csv
futures/um/monthly/klines/belusdt/1m/BELUSDT-1m-2022-02.csv
futures/um/monthly/klines/belusdt/1m/BELUSDT-1m-2022-03.csv
futures/um/monthly/klines/belusdt/1m/BELUSDT-1m-2022-04.csv
futures/um/monthly/klines/belusdt/1m/BELUSDT-1m-2022-05.csv
futures/um/monthly/klines/belusdt/1m/BELUSDT-1m-2022-06.csv
futures/um/monthly/klines/belusdt/1m/BELUSDT-1m-2022-07.csv
futures/um/monthly/klines/belusdt/1m/BELUSDT-1m-2022-08.csv
futures/um/monthly/klines/belusdt/1m/BELUSDT-1m-2022-09.csv
futures/um/monthly/klines/belusdt/1m/BELUSDT-1m-2022-10.csv
futures/um/monthly/klines/belusdt/1m/BELUSDT-1m-2022-11.csv
futures/um/monthly/klines/belusdt/1m/BELUSDT-1m-2022-12.csv
futures/um/monthly/klines/belusdt/1m/BELUSDT-1m-2023-01.csv
futures/um/monthly/klines/belusdt/1m/BELUSDT-1m-2023-02.csv
futures/um/monthly/klines/belusdt/1m/BELUSDT-1m-2023-03.csv
futures/um/monthly/klines/belusdt/1m/BELUSDT-1m-2023-04.csv
futures/um/monthly/klines/belusdt/1m/BELUSDT-1m-2023-05.csv
futures/um/monthly/klines/belusdt/1m/BELUSDT-1m-2023-06.csv
futures/um/monthly/klines/belusdt/1m/BELUSDT-1m-2023-07.csv
futures/um/monthly/klines/belusdt/1m/BELUSDT-1m-2023-08.csv
futures/um/monthly/klines/belusdt/1m/BELUSDT-1m-2023-09.csv
futures/um/monthly/klines/belusdt/1m/BELUSDT-1m-2023-10.csv
futures/um/monthly/klines/belusdt/1m/BELUSDT-1m-2023-11.csv
futures/um/monthly/klines/belusdt/1m/BELUSDT-1m-2023-12.csv
futures/um/monthly/klines/belusdt/1m/BELUSDT-1m-2024-01.csv
futures/um/monthly/klines/belusdt/1m/BELUSDT-1m-2024-02.csv
futures/um/monthly/klines/belusdt/1m/BELUSDT-1m-2024-03.csv
futures/um/monthly/klines/belusdt/1m/BELUSDT-1m-2024-04.csv
futures/um/monthly/klines/belusdt/1m/BELUSDT-1m-2024-05.csv
futures/um/monthly/klines/belusdt/1m/BELUSDT-1m-2024-06.csv
futures/um/monthly/klines/belusdt/1m/BELUSDT-1m-2024-07.csv
futures/um/monthly/klines/belusdt/1m/BELUSDT-1m-2024-08.csv
futures/um/monthly/klines/belusdt/1m/BELUSDT-1m-2024-09.csv
futures/um/monthly/klines/belusdt/1m/BELUSDT-1m-2024-10.csv
futures/um/monthly/klines/belusdt/1m/BELUSDT-1m-2024-11.csv
futures/um/monthly/klines/belusdt/1m/BELUSDT-1m-2024-12.csv
futures/um/monthly/klines/belusdt/1m/BELUSDT-1m-2025-01.csv
futures/um/monthly/klines/belusdt/1m/BELUSDT-1m-2025-02.csv
futures/um/monthly/klines/belusdt/1m/BELUSDT-1m-2025-03.csv
futures/um/monthly/klines/belusdt/1m/BELUSDT-1m-2025-04.csv
futures/um/monthly/klines/belusdt/1m/BELUSDT-1m-2025-05.csv
futures/um/monthly/klines/belusdt/1m/BELUSDT-1m-2025-06.csv
futures/um/monthly/klines/belusdt/1m/BELUSDT-1m-2025-07.csv
futures/um/monthly/klines/belusdt/1m/BELUSDT-1m-2025-08.csv
futures/um/monthly/klines/belusdt/1m/BELUSDT-1m-2025-09.csv
futures/um/monthly/klines/belusdt/1m/BELUSDT-1m-2025-10.csv
futures/um/monthly/klines/belusdt/1m/BELUSDT-1m-2025-11.csv
futures/um/monthly/klines/belusdt/1m/BELUSDT-1m-2025-12.csv
futures/um/monthly/klines/belusdt/1m/BELUSDT-1m-2026-01.csv
futures/um/monthly/klines/belusdt/1m/BELUSDT-1m-2026-02.csv
futures/um/monthly/klines/belusdt/1m/BELUSDT-1m-2026-03.csv
futures/um/monthly/klines/belusdt/1m/BELUSDT-1m-2026-04.csv
futures/um/monthly/klines/belusdt/1m/BELUSDT-1m-2026-05.csv
futures/um/monthly/klines/belusdt/1m/BELUSDT-1m-2026-06.csv
futures/um/monthly/klines/belusdt/1m/BELUSDT-1m-2026-07.csv
futures/um/monthly/klines/belusdt/1m/BELUSDT-1m-2026-08.csv
futures/um/monthly/klines/berausdt/1m/BERAUSDT-1m-2025-02.csv
futures/um/monthly/klines/berausdt/1m/BERAUSDT-1m-2025-03.csv
futures/um/monthly/klines/berausdt/1m/BERAUSDT-1m-2025-04.csv
futures/um/monthly/klines/berausdt/1m/BERAUSDT-1m-2025-05.csv
futures/um/monthly/klines/berausdt/1m/BERAUSDT-1m-2025-06.csv
futures/um/monthly/klines/berausdt/1m/BERAUSDT-1m-2025-07.csv
futures/um/monthly/klines/berausdt/1m/BERAUSDT-1m-2025-08.csv
futures/um/monthly/klines/berausdt/1m/BERAUSDT-1m-2025-09.csv
futures/um/monthly/klines/berausdt/1m/BERAUSDT-1m-2025-10.csv
futures/um/monthly/klines/berausdt/1m/BERAUSDT-1m-2025-11.csv
futures/um/monthly/klines/berausdt/1m/BERAUSDT-1m-2025-12.csv
futures/um/monthly/klines/berausdt/1m/BERAUSDT-1m-2026-01.csv
futures/um/monthly/klines/berausdt/1m/BERAUSDT-1m-2026-02.csv
futures/um/monthly/klines/berausdt/1m/BERAUSDT-1m-2026-03.csv
futures/um/monthly/klines/berausdt/1m/BERAUSDT-1m-2026-04.csv
futures/um/monthly/klines/berausdt/1m/BERAUSDT-1m-2026-05.csv
futures/um/monthly/klines/berausdt/1m/BERAUSDT-1m-2026-06.csv
futures/um/monthly/klines/berausdt/1m/BERAUSDT-1m-2026-07.csv
futures/um/monthly/klines/berausdt/1m/BERAUSDT-1m-2026-08.csv
futures/um/monthly/klines/bicousdt/1m/BICOUSDT-1m-2023-09.csv
futures/um/monthly/klines/bicousdt/1m/BICOUSDT-1m-2023-10.csv
futures/um/monthly/klines/bicousdt/1m/BICOUSDT-1m-2023-11.csv
futures/um/monthly/klines/bicousdt/1m/BICOUSDT-1m-2023-12.csv
futures/um/monthly/klines/bicousdt/1m/BICOUSDT-1m-2024-01.csv
futures/um/monthly/klines/bicousdt/1m/BICOUSDT-1m-2024-02.csv
futures/um/monthly/klines/bicousdt/1m/BICOUSDT-1m-2024-03.csv
futures/um/monthly/klines/bicousdt/1m/BICOUSDT-1m-2024-04.csv
futures/um/monthly/klines/bicousdt/1m/BICOUSDT-1m-2024-05.csv
futures/um/monthly/klines/bicousdt/1m/BICOUSDT-1m-2024-06.csv
futures/um/monthly/klines/bicousdt/1m/BICOUSDT-1m-2024-07.csv
futures/um/monthly/klines/bicousdt/1m/BICOUSDT-1m-2024-08.csv
futures/um/monthly/klines/bicousdt/1m/BICOUSDT-1m-2024-09.csv
futures/um/monthly/klines/bicousdt/1m/BICOUSDT-1m-2024-10.csv
futures/um/monthly/klines/bicousdt/1m/BICOUSDT-1m-2024-11.csv
futures/um/monthly/klines/bicousdt/1m/BICOUSDT-1m-2024-12.csv
futures/um/monthly/klines/bicousdt/1m/BICOUSDT-1m-2025-01.csv
futures/um/monthly/klines/bicousdt/1m/BICOUSDT-1m-2025-02.csv
futures/um/monthly/klines/bicousdt/1m/BICOUSDT-1m-2025-03.csv
futures/um/monthly/klines/bicousdt/1m/BICOUSDT-1m-2025-04.csv
futures/um/monthly/klines/bicousdt/1m/BICOUSDT-1m-2025-05.csv
futures/um/monthly/klines/bicousdt/1m/BICOUSDT-1m-2025-06.csv
futures/um/monthly/klines/bicousdt/1m/BICOUSDT-1m-2025-07.csv
futures/um/monthly/klines/bicousdt/1m/BICOUSDT-1m-2025-08.csv
futures/um/monthly/klines/bicousdt/1m/BICOUSDT-1m-2025-09.csv
futures/um/monthly/klines/bicousdt/1m/BICOUSDT-1m-2025-10.csv
futures/um/monthly/klines/bicousdt/1m/BICOUSDT-1m-2025-11.csv
futures/um/monthly/klines/bicousdt/1m/BICOUSDT-1m-2025-12.csv
futures/um/monthly/klines/bicousdt/1m/BICOUSDT-1m-2026-01.csv
futures/um/monthly/klines/bicousdt/1m/BICOUSDT-1m-2026-02.csv
futures/um/monthly/klines/bicousdt/1m/BICOUSDT-1m-2026-03.csv
futures/um/monthly/klines/bicousdt/1m/BICOUSDT-1m-2026-04.csv
futures/um/monthly/klines/bicousdt/1m/BICOUSDT-1m-2026-05.csv
futures/um/monthly/klines/bicousdt/1m/BICOUSDT-1m-2026-06.csv
futures/um/monthly/klines/bicousdt/1m/BICOUSDT-1m-2026-07.csv
futures/um/monthly/klines/bicousdt/1m/BICOUSDT-1m-2026-08.csv
futures/um/monthly/klines/bigtimeusdt/1m/BIGTIMEUSDT-1m-2023-10.csv
futures/um/monthly/klines/bigtimeusdt/1m/BIGTIMEUSDT-1m-2023-11.csv
futures/um/monthly/klines/bigtimeusdt/1m/BIGTIMEUSDT-1m-2023-12.csv
futures/um/monthly/klines/bigtimeusdt/1m/BIGTIMEUSDT-1m-2024-01.csv
futures/um/monthly/klines/bigtimeusdt/1m/BIGTIMEUSDT-1m-2024-02.csv
futures/um/monthly/klines/bigtimeusdt/1m/BIGTIMEUSDT-1m-2024-03.csv
futures/um/monthly/klines/bigtimeusdt/1m/BIGTIMEUSDT-1m-2024-04.csv
futures/um/monthly/klines/bigtimeusdt/1m/BIGTIMEUSDT-1m-2024-05.csv
futures/um/monthly/klines/bigtimeusdt/1m/BIGTIMEUSDT-1m-2024-06.csv
futures/um/monthly/klines/bigtimeusdt/1m/BIGTIMEUSDT-1m-2024-07.csv
futures/um/monthly/klines/bigtimeusdt/1m/BIGTIMEUSDT-1m-2024-08.csv
futures/um/monthly/klines/bigtimeusdt/1m/BIGTIMEUSDT-1m-2024-09.csv
futures/um/monthly/klines/bigtimeusdt/1m/BIGTIMEUSDT-1m-2024-10.csv
futures/um/monthly/klines/bigtimeusdt/1m/BIGTIMEUSDT-1m-2024-11.csv
futures/um/monthly/klines/bigtimeusdt/1m/BIGTIMEUSDT-1m-2024-12.csv
futures/um/monthly/klines/bigtimeusdt/1m/BIGTIMEUSDT-1m-2025-01.csv
futures/um/monthly/klines/bigtimeusdt/1m/BIGTIMEUSDT-1m-2025-02.csv
futures/um/monthly/klines/bigtimeusdt/1m/BIGTIMEUSDT-1m-2025-03.csv
futures/um/monthly/klines/bigtimeusdt/1m/BIGTIMEUSDT-1m-2025-04.csv
futures/um/monthly/klines/bigtimeusdt/1m/BIGTIMEUSDT-1m-2025-05.csv
futures/um/monthly/klines/bigtimeusdt/1m/BIGTIMEUSDT-1m-2025-06.csv
futures/um/monthly/klines/bigtimeusdt/1m/BIGTIMEUSDT-1m-2025-07.csv
futures/um/monthly/klines/bigtimeusdt/1m/BIGTIMEUSDT-1m-2025-08.csv
futures/um/monthly/klines/bigtimeusdt/1m/BIGTIMEUSDT-1m-2025-09.csv
futures/um/monthly/klines/bigtimeusdt/1m/BIGTIMEUSDT-1m-2025-10.csv
futures/um/monthly/klines/bigtimeusdt/1m/BIGTIMEUSDT-1m-2025-11.csv
futures/um/monthly/klines/bigtimeusdt/1m/BIGTIMEUSDT-1m-2025-12.csv
futures/um/monthly/klines/bigtimeusdt/1m/BIGTIMEUSDT-1m-2026-01.csv
futures/um/monthly/klines/bigtimeusdt/1m/BIGTIMEUSDT-1m-2026-02.csv
futures/um/monthly/klines/bigtimeusdt/1m/BIGTIMEUSDT-1m-2026-03.csv
futures/um/monthly/klines/bigtimeusdt/1m/BIGTIMEUSDT-1m-2026-04.csv
futures/um/monthly/klines/bigtimeusdt/1m/BIGTIMEUSDT-1m-2026-05.csv
futures/um/monthly/klines/bigtimeusdt/1m/BIGTIMEUSDT-1m-2026-06.csv
futures/um/monthly/klines/bigtimeusdt/1m/BIGTIMEUSDT-1m-2026-07.csv
futures/um/monthly/klines/bigtimeusdt/1m/BIGTIMEUSDT-1m-2026-08.csv
futures/um/monthly/klines/billusdt/1m/BILLUSDT-1m-2026-05.csv
futures/um/monthly/klines/billusdt/1m/BILLUSDT-1m-2026-06.csv
futures/um/monthly/klines/billusdt/1m/BILLUSDT-1m-2026-07.csv
futures/um/monthly/klines/billusdt/1m/BILLUSDT-1m-2026-08.csv
futures/um/monthly/klines/biousdt/1m/BIOUSDT-1m-2025-01.csv
futures/um/monthly/klines/biousdt/1m/BIOUSDT-1m-2025-02.csv
futures/um/monthly/klines/biousdt/1m/BIOUSDT-1m-2025-03.csv
futures/um/monthly/klines/biousdt/1m/BIOUSDT-1m-2025-04.csv
futures/um/monthly/klines/biousdt/1m/BIOUSDT-1m-2025-05.csv
futures/um/monthly/klines/biousdt/1m/BIOUSDT-1m-2025-06.csv
futures/um/monthly/klines/biousdt/1m/BIOUSDT-1m-2025-07.csv
futures/um/monthly/klines/biousdt/1m/BIOUSDT-1m-2025-08.csv
futures/um/monthly/klines/biousdt/1m/BIOUSDT-1m-2025-09.csv
futures/um/monthly/klines/biousdt/1m/BIOUSDT-1m-2025-10.csv
futures/um/monthly/klines/biousdt/1m/BIOUSDT-1m-2025-11.csv
futures/um/monthly/klines/biousdt/1m/BIOUSDT-1m-2025-12.csv
futures/um/monthly/klines/biousdt/1m/BIOUSDT-1m-2026-01.csv
futures/um/monthly/klines/biousdt/1m/BIOUSDT-1m-2026-02.csv
futures/um/monthly/klines/biousdt/1m/BIOUSDT-1m-2026-03.csv
futures/um/monthly/klines/biousdt/1m/BIOUSDT-1m-2026-04.csv
futures/um/monthly/klines/biousdt/1m/BIOUSDT-1m-2026-05.csv
futures/um/monthly/klines/biousdt/1m/BIOUSDT-1m-2026-06.csv
futures/um/monthly/klines/biousdt/1m/BIOUSDT-1m-2026-07.csv
futures/um/monthly/klines/biousdt/1m/BIOUSDT-1m-2026-08.csv
futures/um/monthly/klines/birbusdt/1m/BIRBUSDT-1m-2026-01.csv
futures/um/monthly/klines/birbusdt/1m/BIRBUSDT-1m-2026-02.csv
futures/um/monthly/klines/birbusdt/1m/BIRBUSDT-1m-2026-03.csv
futures/um/monthly/klines/birbusdt/1m/BIRBUSDT-1m-2026-04.csv
futures/um/monthly/klines/birbusdt/1m/BIRBUSDT-1m-2026-05.csv
futures/um/monthly/klines/birbusdt/1m/BIRBUSDT-1m-2026-06.csv
futures/um/monthly/klines/birbusdt/1m/BIRBUSDT-1m-2026-07.csv
futures/um/monthly/klines/birbusdt/1m/BIRBUSDT-1m-2026-08.csv
futures/um/monthly/klines/blessusdt/1m/BLESSUSDT-1m-2025-09.csv
futures/um/monthly/klines/blessusdt/1m/BLESSUSDT-1m-2025-10.csv
futures/um/monthly/klines/blessusdt/1m/BLESSUSDT-1m-2025-11.csv
futures/um/monthly/klines/blessusdt/1m/BLESSUSDT-1m-2025-12.csv
futures/um/monthly/klines/blessusdt/1m/BLESSUSDT-1m-2026-01.csv
futures/um/monthly/klines/blessusdt/1m/BLESSUSDT-1m-2026-02.csv
futures/um/monthly/klines/blessusdt/1m/BLESSUSDT-1m-2026-03.csv
futures/um/monthly/klines/blessusdt/1m/BLESSUSDT-1m-2026-04.csv
futures/um/monthly/klines/blessusdt/1m/BLESSUSDT-1m-2026-05.csv
futures/um/monthly/klines/blessusdt/1m/BLESSUSDT-1m-2026-06.csv
futures/um/monthly/klines/blessusdt/1m/BLESSUSDT-1m-2026-07.csv
futures/um/monthly/klines/blessusdt/1m/BLESSUSDT-1m-2026-08.csv
futures/um/monthly/klines/bluaiusdt/1m/BLUAIUSDT-1m-2025-10.csv
futures/um/monthly/klines/bluaiusdt/1m/BLUAIUSDT-1m-2025-11.csv
futures/um/monthly/klines/bluaiusdt/1m/BLUAIUSDT-1m-2025-12.csv
futures/um/monthly/klines/bluaiusdt/1m/BLUAIUSDT-1m-2026-01.csv
futures/um/monthly/klines/bluaiusdt/1m/BLUAIUSDT-1m-2026-02.csv
futures/um/monthly/klines/bluaiusdt/1m/BLUAIUSDT-1m-2026-03.csv
futures/um/monthly/klines/bluaiusdt/1m/BLUAIUSDT-1m-2026-04.csv
futures/um/monthly/klines/bluaiusdt/1m/BLUAIUSDT-1m-2026-05.csv
futures/um/monthly/klines/bluaiusdt/1m/BLUAIUSDT-1m-2026-06.csv
futures/um/monthly/klines/bluaiusdt/1m/BLUAIUSDT-1m-2026-07.csv
futures/um/monthly/klines/bluaiusdt/1m/BLUAIUSDT-1m-2026-08.csv
futures/um/monthly/klines/blurusdt/1m/BLURUSDT-1m-2023-04.csv
futures/um/monthly/klines/blurusdt/1m/BLURUSDT-1m-2023-05.csv
futures/um/monthly/klines/blurusdt/1m/BLURUSDT-1m-2023-06.csv
futures/um/monthly/klines/blurusdt/1m/BLURUSDT-1m-2023-07.csv
futures/um/monthly/klines/blurusdt/1m/BLURUSDT-1m-2023-08.csv
futures/um/monthly/klines/blurusdt/1m/BLURUSDT-1m-2023-09.csv
futures/um/monthly/klines/blurusdt/1m/BLURUSDT-1m-2023-10.csv
futures/um/monthly/klines/blurusdt/1m/BLURUSDT-1m-2023-11.csv
futures/um/monthly/klines/blurusdt/1m/BLURUSDT-1m-2023-12.csv
futures/um/monthly/klines/blurusdt/1m/BLURUSDT-1m-2024-01.csv
futures/um/monthly/klines/blurusdt/1m/BLURUSDT-1m-2024-02.csv
futures/um/monthly/klines/blurusdt/1m/BLURUSDT-1m-2024-03.csv
futures/um/monthly/klines/blurusdt/1m/BLURUSDT-1m-2024-04.csv
futures/um/monthly/klines/blurusdt/1m/BLURUSDT-1m-2024-05.csv
futures/um/monthly/klines/blurusdt/1m/BLURUSDT-1m-2024-06.csv
futures/um/monthly/klines/blurusdt/1m/BLURUSDT-1m-2024-07.csv
futures/um/monthly/klines/blurusdt/1m/BLURUSDT-1m-2024-08.csv
futures/um/monthly/klines/blurusdt/1m/BLURUSDT-1m-2024-09.csv
futures/um/monthly/klines/blurusdt/1m/BLURUSDT-1m-2024-10.csv
futures/um/monthly/klines/blurusdt/1m/BLURUSDT-1m-2024-11.csv
futures/um/monthly/klines/blurusdt/1m/BLURUSDT-1m-2024-12.csv
futures/um/monthly/klines/blurusdt/1m/BLURUSDT-1m-2025-01.csv
futures/um/monthly/klines/blurusdt/1m/BLURUSDT-1m-2025-02.csv
futures/um/monthly/klines/blurusdt/1m/BLURUSDT-1m-2025-03.csv
futures/um/monthly/klines/blurusdt/1m/BLURUSDT-1m-2025-04.csv
futures/um/monthly/klines/blurusdt/1m/BLURUSDT-1m-2025-05.csv
futures/um/monthly/klines/blurusdt/1m/BLURUSDT-1m-2025-06.csv
futures/um/monthly/klines/blurusdt/1m/BLURUSDT-1m-2025-07.csv
futures/um/monthly/klines/blurusdt/1m/BLURUSDT-1m-2025-08.csv
futures/um/monthly/klines/blurusdt/1m/BLURUSDT-1m-2025-09.csv
futures/um/monthly/klines/blurusdt/1m/BLURUSDT-1m-2025-10.csv
futures/um/monthly/klines/blurusdt/1m/BLURUSDT-1m-2025-11.csv
futures/um/monthly/klines/blurusdt/1m/BLURUSDT-1m-2025-12.csv
futures/um/monthly/klines/blurusdt/1m/BLURUSDT-1m-2026-01.csv
futures/um/monthly/klines/blurusdt/1m/BLURUSDT-1m-2026-02.csv
futures/um/monthly/klines/blurusdt/1m/BLURUSDT-1m-2026-03.csv
futures/um/monthly/klines/blurusdt/1m/BLURUSDT-1m-2026-04.csv
futures/um/monthly/klines/blurusdt/1m/BLURUSDT-1m-2026-05.csv
futures/um/monthly/klines/blurusdt/1m/BLURUSDT-1m-2026-06.csv
futures/um/monthly/klines/blurusdt/1m/BLURUSDT-1m-2026-07.csv
futures/um/monthly/klines/blurusdt/1m/BLURUSDT-1m-2026-08.csv
futures/um/monthly/klines/bmtusdt/1m/BMTUSDT-1m-2025-03.csv
futures/um/monthly/klines/bmtusdt/1m/BMTUSDT-1m-2025-04.csv
futures/um/monthly/klines/bmtusdt/1m/BMTUSDT-1m-2025-05.csv
futures/um/monthly/klines/bmtusdt/1m/BMTUSDT-1m-2025-06.csv
futures/um/monthly/klines/bmtusdt/1m/BMTUSDT-1m-2025-07.csv
futures/um/monthly/klines/bmtusdt/1m/BMTUSDT-1m-2025-08.csv
futures/um/monthly/klines/bmtusdt/1m/BMTUSDT-1m-2025-09.csv
futures/um/monthly/klines/bmtusdt/1m/BMTUSDT-1m-2025-10.csv
futures/um/monthly/klines/bmtusdt/1m/BMTUSDT-1m-2025-11.csv
futures/um/monthly/klines/bmtusdt/1m/BMTUSDT-1m-2025-12.csv
futures/um/monthly/klines/bmtusdt/1m/BMTUSDT-1m-2026-01.csv
futures/um/monthly/klines/bmtusdt/1m/BMTUSDT-1m-2026-02.csv
futures/um/monthly/klines/bmtusdt/1m/BMTUSDT-1m-2026-03.csv
futures/um/monthly/klines/bmtusdt/1m/BMTUSDT-1m-2026-04.csv
futures/um/monthly/klines/bmtusdt/1m/BMTUSDT-1m-2026-05.csv
futures/um/monthly/klines/bmtusdt/1m/BMTUSDT-1m-2026-06.csv
futures/um/monthly/klines/bmtusdt/1m/BMTUSDT-1m-2026-07.csv
futures/um/monthly/klines/bmtusdt/1m/BMTUSDT-1m-2026-08.csv
futures/um/monthly/klines/bnbusdt/1m/BNBUSDT-1m-2020-02.csv
futures/um/monthly/klines/bnbusdt/1m/BNBUSDT-1m-2020-03.csv
futures/um/monthly/klines/bnbusdt/1m/BNBUSDT-1m-2020-04.csv
futures/um/monthly/klines/bnbusdt/1m/BNBUSDT-1m-2020-05.csv
futures/um/monthly/klines/bnbusdt/1m/BNBUSDT-1m-2020-06.csv
futures/um/monthly/klines/bnbusdt/1m/BNBUSDT-1m-2020-07.csv
futures/um/monthly/klines/bnbusdt/1m/BNBUSDT-1m-2020-08.csv
futures/um/monthly/klines/bnbusdt/1m/BNBUSDT-1m-2020-09.csv
futures/um/monthly/klines/bnbusdt/1m/BNBUSDT-1m-2020-10.csv
futures/um/monthly/klines/bnbusdt/1m/BNBUSDT-1m-2020-11.csv
futures/um/monthly/klines/bnbusdt/1m/BNBUSDT-1m-2020-12.csv
futures/um/monthly/klines/bnbusdt/1m/BNBUSDT-1m-2021-01.csv
futures/um/monthly/klines/bnbusdt/1m/BNBUSDT-1m-2021-02.csv
futures/um/monthly/klines/bnbusdt/1m/BNBUSDT-1m-2021-03.csv
futures/um/monthly/klines/bnbusdt/1m/BNBUSDT-1m-2021-04.csv
futures/um/monthly/klines/bnbusdt/1m/BNBUSDT-1m-2021-05.csv
futures/um/monthly/klines/bnbusdt/1m/BNBUSDT-1m-2021-06.csv
futures/um/monthly/klines/bnbusdt/1m/BNBUSDT-1m-2021-07.csv
futures/um/monthly/klines/bnbusdt/1m/BNBUSDT-1m-2021-08.csv
futures/um/monthly/klines/bnbusdt/1m/BNBUSDT-1m-2021-09.csv
futures/um/monthly/klines/bnbusdt/1m/BNBUSDT-1m-2021-10.csv
futures/um/monthly/klines/bnbusdt/1m/BNBUSDT-1m-2021-11.csv
futures/um/monthly/klines/bnbusdt/1m/BNBUSDT-1m-2021-12.csv
futures/um/monthly/klines/bnbusdt/1m/BNBUSDT-1m-2022-01.csv
futures/um/monthly/klines/bnbusdt/1m/BNBUSDT-1m-2022-02.csv
futures/um/monthly/klines/bnbusdt/1m/BNBUSDT-1m-2022-03.csv
futures/um/monthly/klines/bnbusdt/1m/BNBUSDT-1m-2022-04.csv
futures/um/monthly/klines/bnbusdt/1m/BNBUSDT-1m-2022-05.csv
futures/um/monthly/klines/bnbusdt/1m/BNBUSDT-1m-2022-06.csv
futures/um/monthly/klines/bnbusdt/1m/BNBUSDT-1m-2022-07.csv
futures/um/monthly/klines/bnbusdt/1m/BNBUSDT-1m-2022-08.csv
futures/um/monthly/klines/bnbusdt/1m/BNBUSDT-1m-2022-09.csv
futures/um/monthly/klines/bnbusdt/1m/BNBUSDT-1m-2022-10.csv
futures/um/monthly/klines/bnbusdt/1m/BNBUSDT-1m-2022-11.csv
futures/um/monthly/klines/bnbusdt/1m/BNBUSDT-1m-2022-12.csv
futures/um/monthly/klines/bnbusdt/1m/BNBUSDT-1m-2023-01.csv
futures/um/monthly/klines/bnbusdt/1m/BNBUSDT-1m-2023-02.csv
futures/um/monthly/klines/bnbusdt/1m/BNBUSDT-1m-2023-03.csv
futures/um/monthly/klines/bnbusdt/1m/BNBUSDT-1m-2023-04.csv
futures/um/monthly/klines/bnbusdt/1m/BNBUSDT-1m-2023-05.csv
futures/um/monthly/klines/bnbusdt/1m/BNBUSDT-1m-2023-06.csv
futures/um/monthly/klines/bnbusdt/1m/BNBUSDT-1m-2023-07.csv
futures/um/monthly/klines/bnbusdt/1m/BNBUSDT-1m-2023-08.csv
futures/um/monthly/klines/bnbusdt/1m/BNBUSDT-1m-2023-09.csv
futures/um/monthly/klines/bnbusdt/1m/BNBUSDT-1m-2023-10.csv
futures/um/monthly/klines/bnbusdt/1m/BNBUSDT-1m-2023-11.csv
futures/um/monthly/klines/bnbusdt/1m/BNBUSDT-1m-2023-12.csv
futures/um/monthly/klines/bnbusdt/1m/BNBUSDT-1m-2024-01.csv
futures/um/monthly/klines/bnbusdt/1m/BNBUSDT-1m-2024-02.csv
futures/um/monthly/klines/bnbusdt/1m/BNBUSDT-1m-2024-03.csv
futures/um/monthly/klines/bnbusdt/1m/BNBUSDT-1m-2024-04.csv
futures/um/monthly/klines/bnbusdt/1m/BNBUSDT-1m-2024-05.csv
futures/um/monthly/klines/bnbusdt/1m/BNBUSDT-1m-2024-06.csv
futures/um/monthly/klines/bnbusdt/1m/BNBUSDT-1m-2024-07.csv
futures/um/monthly/klines/bnbusdt/1m/BNBUSDT-1m-2024-08.csv
futures/um/monthly/klines/bnbusdt/1m/BNBUSDT-1m-2024-09.csv
futures/um/monthly/klines/bnbusdt/1m/BNBUSDT-1m-2024-10.csv
futures/um/monthly/klines/bnbusdt/1m/BNBUSDT-1m-2024-11.csv
futures/um/monthly/klines/bnbusdt/1m/BNBUSDT-1m-2024-12.csv
futures/um/monthly/klines/bnbusdt/1m/BNBUSDT-1m-2025-01.csv
futures/um/monthly/klines/bnbusdt/1m/BNBUSDT-1m-2025-02.csv
futures/um/monthly/klines/bnbusdt/1m/BNBUSDT-1m-2025-03.csv
futures/um/monthly/klines/bnbusdt/1m/BNBUSDT-1m-2025-04.csv
futures/um/monthly/klines/bnbusdt/1m/BNBUSDT-1m-2025-05.csv
futures/um/monthly/klines/bnbusdt/1m/BNBUSDT-1m-2025-06.csv
futures/um/monthly/klines/bnbusdt/1m/BNBUSDT-1m-2025-07.csv
futures/um/monthly/klines/bnbusdt/1m/BNBUSDT-1m-2025-08.csv
futures/um/monthly/klines/bnbusdt/1m/BNBUSDT-1m-2025-09.csv
futures/um/monthly/klines/bnbusdt/1m/BNBUSDT-1m-2025-10.csv
futures/um/monthly/klines/bnbusdt/1m/BNBUSDT-1m-2025-11.csv
futures/um/monthly/klines/bnbusdt/1m/BNBUSDT-1m-2025-12.csv
futures/um/monthly/klines/bnbusdt/1m/BNBUSDT-1m-2026-01.csv
futures/um/monthly/klines/bnbusdt/1m/BNBUSDT-1m-2026-02.csv
futures/um/monthly/klines/bnbusdt/1m/BNBUSDT-1m-2026-03.csv
futures/um/monthly/klines/bnbusdt/1m/BNBUSDT-1m-2026-04.csv
futures/um/monthly/klines/bnbusdt/1m/BNBUSDT-1m-2026-05.csv
futures/um/monthly/klines/bnbusdt/1m/BNBUSDT-1m-2026-06.csv
futures/um/monthly/klines/bnbusdt/1m/BNBUSDT-1m-2026-07.csv
futures/um/monthly/klines/bnbusdt/1m/BNBUSDT-1m-2026-08.csv
futures/um/monthly/klines/bntusdt/1m/BNTUSDT-1m-2023-08.csv
futures/um/monthly/klines/bntusdt/1m/BNTUSDT-1m-2023-09.csv
futures/um/monthly/klines/bntusdt/1m/BNTUSDT-1m-2023-10.csv
futures/um/monthly/klines/bntusdt/1m/BNTUSDT-1m-2023-11.csv
futures/um/monthly/klines/bntusdt/1m/BNTUSDT-1m-2023-12.csv
futures/um/monthly/klines/bntusdt/1m/BNTUSDT-1m-2024-01.csv
futures/um/monthly/klines/bntusdt/1m/BNTUSDT-1m-2024-02.csv
futures/um/monthly/klines/bntusdt/1m/BNTUSDT-1m-2024-03.csv
futures/um/monthly/klines/bntusdt/1m/BNTUSDT-1m-2024-04.csv
futures/um/monthly/klines/bntusdt/1m/BNTUSDT-1m-2024-05.csv
futures/um/monthly/klines/bntusdt/1m/BNTUSDT-1m-2024-06.csv
futures/um/monthly/klines/bntusdt/1m/BNTUSDT-1m-2024-07.csv
futures/um/monthly/klines/bntusdt/1m/BNTUSDT-1m-2024-08.csv
futures/um/monthly/klines/bntusdt/1m/BNTUSDT-1m-2024-09.csv
futures/um/monthly/klines/bntusdt/1m/BNTUSDT-1m-2024-10.csv
futures/um/monthly/klines/bntusdt/1m/BNTUSDT-1m-2024-11.csv
futures/um/monthly/klines/bntusdt/1m/BNTUSDT-1m-2024-12.csv
futures/um/monthly/klines/bntusdt/1m/BNTUSDT-1m-2025-01.csv
futures/um/monthly/klines/bntusdt/1m/BNTUSDT-1m-2025-02.csv
futures/um/monthly/klines/bntusdt/1m/BNTUSDT-1m-2025-03.csv
futures/um/monthly/klines/bntusdt/1m/BNTUSDT-1m-2025-04.csv
futures/um/monthly/klines/bntusdt/1m/BNTUSDT-1m-2025-05.csv
futures/um/monthly/klines/bntusdt/1m/BNTUSDT-1m-2025-06.csv
futures/um/monthly/klines/bntusdt/1m/BNTUSDT-1m-2025-07.csv
futures/um/monthly/klines/bntusdt/1m/BNTUSDT-1m-2025-08.csv
futures/um/monthly/klines/bntusdt/1m/BNTUSDT-1m-2025-09.csv
futures/um/monthly/klines/bntusdt/1m/BNTUSDT-1m-2025-10.csv
futures/um/monthly/klines/bntusdt/1m/BNTUSDT-1m-2025-11.csv
futures/um/monthly/klines/bntusdt/1m/BNTUSDT-1m-2025-12.csv
futures/um/monthly/klines/bntusdt/1m/BNTUSDT-1m-2026-01.csv
futures/um/monthly/klines/bntusdt/1m/BNTUSDT-1m-2026-02.csv
futures/um/monthly/klines/bntusdt/1m/BNTUSDT-1m-2026-03.csv
futures/um/monthly/klines/bntusdt/1m/BNTUSDT-1m-2026-04.csv
futures/um/monthly/klines/bntusdt/1m/BNTUSDT-1m-2026-05.csv
futures/um/monthly/klines/bntusdt/1m/BNTUSDT-1m-2026-06.csv
futures/um/monthly/klines/bntusdt/1m/BNTUSDT-1m-2026-07.csv
futures/um/monthly/klines/bntusdt/1m/BNTUSDT-1m-2026-08.csv
futures/um/monthly/klines/bomeusdt/1m/BOMEUSDT-1m-2024-03.csv
futures/um/monthly/klines/bomeusdt/1m/BOMEUSDT-1m-2024-04.csv
futures/um/monthly/klines/bomeusdt/1m/BOMEUSDT-1m-2024-05.csv
futures/um/monthly/klines/bomeusdt/1m/BOMEUSDT-1m-2024-06.csv
futures/um/monthly/klines/bomeusdt/1m/BOMEUSDT-1m-2024-07.csv
futures/um/monthly/klines/bomeusdt/1m/BOMEUSDT-1m-2024-08.csv
futures/um/monthly/klines/bomeusdt/1m/BOMEUSDT-1m-2024-09.csv
futures/um/monthly/klines/bomeusdt/1m/BOMEUSDT-1m-2024-10.csv
futures/um/monthly/klines/bomeusdt/1m/BOMEUSDT-1m-2024-11.csv
futures/um/monthly/klines/bomeusdt/1m/BOMEUSDT-1m-2024-12.csv
futures/um/monthly/klines/bomeusdt/1m/BOMEUSDT-1m-2025-01.csv
futures/um/monthly/klines/bomeusdt/1m/BOMEUSDT-1m-2025-02.csv
futures/um/monthly/klines/bomeusdt/1m/BOMEUSDT-1m-2025-03.csv
futures/um/monthly/klines/bomeusdt/1m/BOMEUSDT-1m-2025-04.csv
futures/um/monthly/klines/bomeusdt/1m/BOMEUSDT-1m-2025-05.csv
futures/um/monthly/klines/bomeusdt/1m/BOMEUSDT-1m-2025-06.csv
futures/um/monthly/klines/bomeusdt/1m/BOMEUSDT-1m-2025-07.csv
futures/um/monthly/klines/bomeusdt/1m/BOMEUSDT-1m-2025-08.csv
futures/um/monthly/klines/bomeusdt/1m/BOMEUSDT-1m-2025-09.csv
futures/um/monthly/klines/bomeusdt/1m/BOMEUSDT-1m-2025-10.csv
futures/um/monthly/klines/bomeusdt/1m/BOMEUSDT-1m-2025-11.csv
futures/um/monthly/klines/bomeusdt/1m/BOMEUSDT-1m-2025-12.csv
futures/um/monthly/klines/bomeusdt/1m/BOMEUSDT-1m-2026-01.csv
futures/um/monthly/klines/bomeusdt/1m/BOMEUSDT-1m-2026-02.csv
futures/um/monthly/klines/bomeusdt/1m/BOMEUSDT-1m-2026-03.csv
futures/um/monthly/klines/bomeusdt/1m/BOMEUSDT-1m-2026-04.csv
futures/um/monthly/klines/bomeusdt/1m/BOMEUSDT-1m-2026-05.csv
futures/um/monthly/klines/bomeusdt/1m/BOMEUSDT-1m-2026-06.csv
futures/um/monthly/klines/bomeusdt/1m/BOMEUSDT-1m-2026-07.csv
futures/um/monthly/klines/bomeusdt/1m/BOMEUSDT-1m-2026-08.csv
futures/um/monthly/klines/brettusdt/1m/BRETTUSDT-1m-2024-08.csv
futures/um/monthly/klines/brettusdt/1m/BRETTUSDT-1m-2024-09.csv
futures/um/monthly/klines/brettusdt/1m/BRETTUSDT-1m-2024-10.csv
futures/um/monthly/klines/brettusdt/1m/BRETTUSDT-1m-2024-11.csv
futures/um/monthly/klines/brettusdt/1m/BRETTUSDT-1m-2024-12.csv
futures/um/monthly/klines/brettusdt/1m/BRETTUSDT-1m-2025-01.csv
futures/um/monthly/klines/brettusdt/1m/BRETTUSDT-1m-2025-02.csv
futures/um/monthly/klines/brettusdt/1m/BRETTUSDT-1m-2025-03.csv
futures/um/monthly/klines/brettusdt/1m/BRETTUSDT-1m-2025-04.csv
futures/um/monthly/klines/brettusdt/1m/BRETTUSDT-1m-2025-05.csv
futures/um/monthly/klines/brettusdt/1m/BRETTUSDT-1m-2025-06.csv
futures/um/monthly/klines/brettusdt/1m/BRETTUSDT-1m-2025-07.csv
futures/um/monthly/klines/brettusdt/1m/BRETTUSDT-1m-2025-08.csv
futures/um/monthly/klines/brettusdt/1m/BRETTUSDT-1m-2025-09.csv
futures/um/monthly/klines/brettusdt/1m/BRETTUSDT-1m-2025-10.csv
futures/um/monthly/klines/brettusdt/1m/BRETTUSDT-1m-2025-11.csv
futures/um/monthly/klines/brettusdt/1m/BRETTUSDT-1m-2025-12.csv
futures/um/monthly/klines/brettusdt/1m/BRETTUSDT-1m-2026-01.csv
futures/um/monthly/klines/brettusdt/1m/BRETTUSDT-1m-2026-02.csv
futures/um/monthly/klines/brettusdt/1m/BRETTUSDT-1m-2026-03.csv
futures/um/monthly/klines/brettusdt/1m/BRETTUSDT-1m-2026-04.csv
futures/um/monthly/klines/brettusdt/1m/BRETTUSDT-1m-2026-05.csv
futures/um/monthly/klines/brettusdt/1m/BRETTUSDT-1m-2026-06.csv
futures/um/monthly/klines/brettusdt/1m/BRETTUSDT-1m-2026-07.csv
futures/um/monthly/klines/brettusdt/1m/BRETTUSDT-1m-2026-08.csv
futures/um/monthly/klines/brevusdt/1m/BREVUSDT-1m-2025-12.csv
futures/um/monthly/klines/brevusdt/1m/BREVUSDT-1m-2026-01.csv
futures/um/monthly/klines/brevusdt/1m/BREVUSDT-1m-2026-02.csv
futures/um/monthly/klines/brevusdt/1m/BREVUSDT-1m-2026-03.csv
futures/um/monthly/klines/brevusdt/1m/BREVUSDT-1m-2026-04.csv
futures/um/monthly/klines/brevusdt/1m/BREVUSDT-1m-2026-05.csv
futures/um/monthly/klines/brevusdt/1m/BREVUSDT-1m-2026-06.csv
futures/um/monthly/klines/brevusdt/1m/BREVUSDT-1m-2026-07.csv
futures/um/monthly/klines/brevusdt/1m/BREVUSDT-1m-2026-08.csv
futures/um/monthly/klines/broccoli714usdt/1m/BROCCOLI714USDT-1m-2025-03.csv
futures/um/monthly/klines/broccoli714usdt/1m/BROCCOLI714USDT-1m-2025-04.csv
futures/um/monthly/klines/broccoli714usdt/1m/BROCCOLI714USDT-1m-2025-05.csv
futures/um/monthly/klines/broccoli714usdt/1m/BROCCOLI714USDT-1m-2025-06.csv
futures/um/monthly/klines/broccoli714usdt/1m/BROCCOLI714USDT-1m-2025-07.csv
futures/um/monthly/klines/broccoli714usdt/1m/BROCCOLI714USDT-1m-2025-08.csv
futures/um/monthly/klines/broccoli714usdt/1m/BROCCOLI714USDT-1m-2025-09.csv
futures/um/monthly/klines/broccoli714usdt/1m/BROCCOLI714USDT-1m-2025-10.csv
futures/um/monthly/klines/broccoli714usdt/1m/BROCCOLI714USDT-1m-2025-11.csv
futures/um/monthly/klines/broccoli714usdt/1m/BROCCOLI714USDT-1m-2025-12.csv
futures/um/monthly/klines/broccoli714usdt/1m/BROCCOLI714USDT-1m-2026-01.csv
futures/um/monthly/klines/broccoli714usdt/1m/BROCCOLI714USDT-1m-2026-02.csv
futures/um/monthly/klines/broccoli714usdt/1m/BROCCOLI714USDT-1m-2026-03.csv
futures/um/monthly/klines/broccoli714usdt/1m/BROCCOLI714USDT-1m-2026-04.csv
futures/um/monthly/klines/broccoli714usdt/1m/BROCCOLI714USDT-1m-2026-05.csv
futures/um/monthly/klines/broccoli714usdt/1m/BROCCOLI714USDT-1m-2026-06.csv
futures/um/monthly/klines/broccoli714usdt/1m/BROCCOLI714USDT-1m-2026-07.csv
futures/um/monthly/klines/broccoli714usdt/1m/BROCCOLI714USDT-1m-2026-08.csv
futures/um/monthly/klines/broccolif3busdt/1m/BROCCOLIF3BUSDT-1m-2025-03.csv
futures/um/monthly/klines/broccolif3busdt/1m/BROCCOLIF3BUSDT-1m-2025-04.csv
futures/um/monthly/klines/broccolif3busdt/1m/BROCCOLIF3BUSDT-1m-2025-05.csv
futures/um/monthly/klines/broccolif3busdt/1m/BROCCOLIF3BUSDT-1m-2025-06.csv
futures/um/monthly/klines/broccolif3busdt/1m/BROCCOLIF3BUSDT-1m-2025-07.csv
futures/um/monthly/klines/broccolif3busdt/1m/BROCCOLIF3BUSDT-1m-2025-08.csv
futures/um/monthly/klines/broccolif3busdt/1m/BROCCOLIF3BUSDT-1m-2025-09.csv
futures/um/monthly/klines/broccolif3busdt/1m/BROCCOLIF3BUSDT-1m-2025-10.csv
futures/um/monthly/klines/broccolif3busdt/1m/BROCCOLIF3BUSDT-1m-2025-11.csv
futures/um/monthly/klines/broccolif3busdt/1m/BROCCOLIF3BUSDT-1m-2025-12.csv
futures/um/monthly/klines/broccolif3busdt/1m/BROCCOLIF3BUSDT-1m-2026-01.csv
futures/um/monthly/klines/broccolif3busdt/1m/BROCCOLIF3BUSDT-1m-2026-02.csv
futures/um/monthly/klines/broccolif3busdt/1m/BROCCOLIF3BUSDT-1m-2026-03.csv
futures/um/monthly/klines/broccolif3busdt/1m/BROCCOLIF3BUSDT-1m-2026-04.csv
futures/um/monthly/klines/broccolif3busdt/1m/BROCCOLIF3BUSDT-1m-2026-05.csv
futures/um/monthly/klines/broccolif3busdt/1m/BROCCOLIF3BUSDT-1m-2026-06.csv
futures/um/monthly/klines/broccolif3busdt/1m/BROCCOLIF3BUSDT-1m-2026-07.csv
futures/um/monthly/klines/broccolif3busdt/1m/BROCCOLIF3BUSDT-1m-2026-08.csv
futures/um/monthly/klines/brusdt/1m/BRUSDT-1m-2025-03.csv
futures/um/monthly/klines/brusdt/1m/BRUSDT-1m-2025-04.csv
futures/um/monthly/klines/brusdt/1m/BRUSDT-1m-2025-05.csv
futures/um/monthly/klines/brusdt/1m/BRUSDT-1m-2025-06.csv
futures/um/monthly/klines/brusdt/1m/BRUSDT-1m-2025-07.csv
futures/um/monthly/klines/brusdt/1m/BRUSDT-1m-2025-08.csv
futures/um/monthly/klines/brusdt/1m/BRUSDT-1m-2025-09.csv
futures/um/monthly/klines/brusdt/1m/BRUSDT-1m-2025-10.csv
futures/um/monthly/klines/brusdt/1m/BRUSDT-1m-2025-11.csv
futures/um/monthly/klines/brusdt/1m/BRUSDT-1m-2025-12.csv
futures/um/monthly/klines/brusdt/1m/BRUSDT-1m-2026-01.csv
futures/um/monthly/klines/brusdt/1m/BRUSDT-1m-2026-02.csv
futures/um/monthly/klines/brusdt/1m/BRUSDT-1m-2026-03.csv
futures/um/monthly/klines/brusdt/1m/BRUSDT-1m-2026-04.csv
futures/um/monthly/klines/brusdt/1m/BRUSDT-1m-2026-05.csv
futures/um/monthly/klines/brusdt/1m/BRUSDT-1m-2026-06.csv
futures/um/monthly/klines/brusdt/1m/BRUSDT-1m-2026-07.csv
futures/um/monthly/klines/brusdt/1m/BRUSDT-1m-2026-08.csv
futures/um/monthly/klines/bsbusdt/1m/BSBUSDT-1m-2026-03.csv
futures/um/monthly/klines/bsbusdt/1m/BSBUSDT-1m-2026-04.csv
futures/um/monthly/klines/bsbusdt/1m/BSBUSDT-1m-2026-05.csv
futures/um/monthly/klines/bsbusdt/1m/BSBUSDT-1m-2026-06.csv
futures/um/monthly/klines/bsbusdt/1m/BSBUSDT-1m-2026-07.csv
futures/um/monthly/klines/bsbusdt/1m/BSBUSDT-1m-2026-08.csv
futures/um/monthly/klines/bsvusdt/1m/BSVUSDT-1m-2023-10.csv
futures/um/monthly/klines/bsvusdt/1m/BSVUSDT-1m-2023-11.csv
futures/um/monthly/klines/bsvusdt/1m/BSVUSDT-1m-2023-12.csv
futures/um/monthly/klines/bsvusdt/1m/BSVUSDT-1m-2024-01.csv
futures/um/monthly/klines/bsvusdt/1m/BSVUSDT-1m-2024-02.csv
futures/um/monthly/klines/bsvusdt/1m/BSVUSDT-1m-2024-03.csv
futures/um/monthly/klines/bsvusdt/1m/BSVUSDT-1m-2024-04.csv
futures/um/monthly/klines/bsvusdt/1m/BSVUSDT-1m-2024-05.csv
futures/um/monthly/klines/bsvusdt/1m/BSVUSDT-1m-2024-06.csv
futures/um/monthly/klines/bsvusdt/1m/BSVUSDT-1m-2024-07.csv
futures/um/monthly/klines/bsvusdt/1m/BSVUSDT-1m-2024-08.csv
futures/um/monthly/klines/bsvusdt/1m/BSVUSDT-1m-2024-09.csv
futures/um/monthly/klines/bsvusdt/1m/BSVUSDT-1m-2024-10.csv
futures/um/monthly/klines/bsvusdt/1m/BSVUSDT-1m-2024-11.csv
futures/um/monthly/klines/bsvusdt/1m/BSVUSDT-1m-2024-12.csv
futures/um/monthly/klines/bsvusdt/1m/BSVUSDT-1m-2025-01.csv
futures/um/monthly/klines/bsvusdt/1m/BSVUSDT-1m-2025-02.csv
futures/um/monthly/klines/bsvusdt/1m/BSVUSDT-1m-2025-03.csv
futures/um/monthly/klines/bsvusdt/1m/BSVUSDT-1m-2025-04.csv
futures/um/monthly/klines/bsvusdt/1m/BSVUSDT-1m-2025-05.csv
futures/um/monthly/klines/bsvusdt/1m/BSVUSDT-1m-2025-06.csv
futures/um/monthly/klines/bsvusdt/1m/BSVUSDT-1m-2025-07.csv
futures/um/monthly/klines/bsvusdt/1m/BSVUSDT-1m-2025-08.csv
futures/um/monthly/klines/bsvusdt/1m/BSVUSDT-1m-2025-09.csv
futures/um/monthly/klines/bsvusdt/1m/BSVUSDT-1m-2025-10.csv
futures/um/monthly/klines/bsvusdt/1m/BSVUSDT-1m-2025-11.csv
futures/um/monthly/klines/bsvusdt/1m/BSVUSDT-1m-2025-12.csv
futures/um/monthly/klines/bsvusdt/1m/BSVUSDT-1m-2026-01.csv
futures/um/monthly/klines/bsvusdt/1m/BSVUSDT-1m-2026-02.csv
futures/um/monthly/klines/bsvusdt/1m/BSVUSDT-1m-2026-03.csv
futures/um/monthly/klines/bsvusdt/1m/BSVUSDT-1m-2026-04.csv
futures/um/monthly/klines/bsvusdt/1m/BSVUSDT-1m-2026-05.csv
futures/um/monthly/klines/bsvusdt/1m/BSVUSDT-1m-2026-06.csv
futures/um/monthly/klines/bsvusdt/1m/BSVUSDT-1m-2026-07.csv
futures/um/monthly/klines/bsvusdt/1m/BSVUSDT-1m-2026-08.csv
futures/um/monthly/klines/btcdomusdt/1m/BTCDOMUSDT-1m-2021-06.csv
futures/um/monthly/klines/btcdomusdt/1m/BTCDOMUSDT-1m-2021-07.csv
futures/um/monthly/klines/btcdomusdt/1m/BTCDOMUSDT-1m-2021-08.csv
futures/um/monthly/klines/btcdomusdt/1m/BTCDOMUSDT-1m-2021-09.csv
futures/um/monthly/klines/btcdomusdt/1m/BTCDOMUSDT-1m-2021-10.csv
futures/um/monthly/klines/btcdomusdt/1m/BTCDOMUSDT-1m-2021-11.csv
futures/um/monthly/klines/btcdomusdt/1m/BTCDOMUSDT-1m-2021-12.csv
futures/um/monthly/klines/btcdomusdt/1m/BTCDOMUSDT-1m-2022-01.csv
futures/um/monthly/klines/btcdomusdt/1m/BTCDOMUSDT-1m-2022-02.csv
futures/um/monthly/klines/btcdomusdt/1m/BTCDOMUSDT-1m-2022-03.csv
futures/um/monthly/klines/btcdomusdt/1m/BTCDOMUSDT-1m-2022-04.csv
futures/um/monthly/klines/btcdomusdt/1m/BTCDOMUSDT-1m-2022-05.csv
futures/um/monthly/klines/btcdomusdt/1m/BTCDOMUSDT-1m-2022-06.csv
futures/um/monthly/klines/btcdomusdt/1m/BTCDOMUSDT-1m-2022-07.csv
futures/um/monthly/klines/btcdomusdt/1m/BTCDOMUSDT-1m-2022-08.csv
futures/um/monthly/klines/btcdomusdt/1m/BTCDOMUSDT-1m-2022-09.csv
futures/um/monthly/klines/btcdomusdt/1m/BTCDOMUSDT-1m-2022-10.csv
futures/um/monthly/klines/btcdomusdt/1m/BTCDOMUSDT-1m-2022-11.csv
futures/um/monthly/klines/btcdomusdt/1m/BTCDOMUSDT-1m-2022-12.csv
futures/um/monthly/klines/btcdomusdt/1m/BTCDOMUSDT-1m-2023-01.csv
futures/um/monthly/klines/btcdomusdt/1m/BTCDOMUSDT-1m-2023-02.csv
futures/um/monthly/klines/btcdomusdt/1m/BTCDOMUSDT-1m-2023-03.csv
futures/um/monthly/klines/btcdomusdt/1m/BTCDOMUSDT-1m-2023-04.csv
futures/um/monthly/klines/btcdomusdt/1m/BTCDOMUSDT-1m-2023-05.csv
futures/um/monthly/klines/btcdomusdt/1m/BTCDOMUSDT-1m-2023-06.csv
futures/um/monthly/klines/btcdomusdt/1m/BTCDOMUSDT-1m-2023-07.csv
futures/um/monthly/klines/btcdomusdt/1m/BTCDOMUSDT-1m-2023-08.csv
futures/um/monthly/klines/btcdomusdt/1m/BTCDOMUSDT-1m-2023-09.csv
futures/um/monthly/klines/btcdomusdt/1m/BTCDOMUSDT-1m-2023-10.csv
futures/um/monthly/klines/btcdomusdt/1m/BTCDOMUSDT-1m-2023-11.csv
futures/um/monthly/klines/btcdomusdt/1m/BTCDOMUSDT-1m-2023-12.csv
futures/um/monthly/klines/btcdomusdt/1m/BTCDOMUSDT-1m-2024-01.csv
futures/um/monthly/klines/btcdomusdt/1m/BTCDOMUSDT-1m-2024-02.csv
futures/um/monthly/klines/btcdomusdt/1m/BTCDOMUSDT-1m-2024-03.csv
futures/um/monthly/klines/btcdomusdt/1m/BTCDOMUSDT-1m-2024-04.csv
futures/um/monthly/klines/btcdomusdt/1m/BTCDOMUSDT-1m-2024-05.csv
futures/um/monthly/klines/btcdomusdt/1m/BTCDOMUSDT-1m-2024-06.csv
futures/um/monthly/klines/btcdomusdt/1m/BTCDOMUSDT-1m-2024-07.csv
futures/um/monthly/klines/btcdomusdt/1m/BTCDOMUSDT-1m-2024-08.csv
futures/um/monthly/klines/btcdomusdt/1m/BTCDOMUSDT-1m-2024-09.csv
futures/um/monthly/klines/btcdomusdt/1m/BTCDOMUSDT-1m-2024-10.csv
futures/um/monthly/klines/btcdomusdt/1m/BTCDOMUSDT-1m-2024-11.csv
futures/um/monthly/klines/btcdomusdt/1m/BTCDOMUSDT-1m-2024-12.csv
futures/um/monthly/klines/btcdomusdt/1m/BTCDOMUSDT-1m-2025-01.csv
futures/um/monthly/klines/btcdomusdt/1m/BTCDOMUSDT-1m-2025-02.csv
futures/um/monthly/klines/btcdomusdt/1m/BTCDOMUSDT-1m-2025-03.csv
futures/um/monthly/klines/btcdomusdt/1m/BTCDOMUSDT-1m-2025-04.csv
futures/um/monthly/klines/btcdomusdt/1m/BTCDOMUSDT-1m-2025-05.csv
futures/um/monthly/klines/btcdomusdt/1m/BTCDOMUSDT-1m-2025-06.csv
futures/um/monthly/klines/btcdomusdt/1m/BTCDOMUSDT-1m-2025-07.csv
futures/um/monthly/klines/btcdomusdt/1m/BTCDOMUSDT-1m-2025-08.csv
futures/um/monthly/klines/btcdomusdt/1m/BTCDOMUSDT-1m-2025-09.csv
futures/um/monthly/klines/btcdomusdt/1m/BTCDOMUSDT-1m-2025-10.csv
futures/um/monthly/klines/btcdomusdt/1m/BTCDOMUSDT-1m-2025-11.csv
futures/um/monthly/klines/btcdomusdt/1m/BTCDOMUSDT-1m-2025-12.csv
futures/um/monthly/klines/btcdomusdt/1m/BTCDOMUSDT-1m-2026-01.csv
futures/um/monthly/klines/btcdomusdt/1m/BTCDOMUSDT-1m-2026-02.csv
futures/um/monthly/klines/btcdomusdt/1m/BTCDOMUSDT-1m-2026-03.csv
futures/um/monthly/klines/btcdomusdt/1m/BTCDOMUSDT-1m-2026-04.csv
futures/um/monthly/klines/btcdomusdt/1m/BTCDOMUSDT-1m-2026-05.csv
futures/um/monthly/klines/btcdomusdt/1m/BTCDOMUSDT-1m-2026-06.csv
futures/um/monthly/klines/btcdomusdt/1m/BTCDOMUSDT-1m-2026-07.csv
futures/um/monthly/klines/btcdomusdt/1m/BTCDOMUSDT-1m-2026-08.csv
futures/um/monthly/klines/btcusdt/1m/BTCUSDT-1m-2020-01.csv
futures/um/monthly/klines/btcusdt/1m/BTCUSDT-1m-2020-02.csv
futures/um/monthly/klines/btcusdt/1m/BTCUSDT-1m-2020-03.csv
futures/um/monthly/klines/btcusdt/1m/BTCUSDT-1m-2020-04.csv
futures/um/monthly/klines/btcusdt/1m/BTCUSDT-1m-2020-05.csv
futures/um/monthly/klines/btcusdt/1m/BTCUSDT-1m-2020-06.csv
futures/um/monthly/klines/btcusdt/1m/BTCUSDT-1m-2020-07.csv
futures/um/monthly/klines/btcusdt/1m/BTCUSDT-1m-2020-08.csv
futures/um/monthly/klines/btcusdt/1m/BTCUSDT-1m-2020-09.csv
futures/um/monthly/klines/btcusdt/1m/BTCUSDT-1m-2020-10.csv
futures/um/monthly/klines/btcusdt/1m/BTCUSDT-1m-2020-11.csv
futures/um/monthly/klines/btcusdt/1m/BTCUSDT-1m-2020-12.csv
futures/um/monthly/klines/btcusdt/1m/BTCUSDT-1m-2021-01.csv
futures/um/monthly/klines/btcusdt/1m/BTCUSDT-1m-2021-02.csv
futures/um/monthly/klines/btcusdt/1m/BTCUSDT-1m-2021-03.csv
futures/um/monthly/klines/btcusdt/1m/BTCUSDT-1m-2021-04.csv
futures/um/monthly/klines/btcusdt/1m/BTCUSDT-1m-2021-05.csv
futures/um/monthly/klines/btcusdt/1m/BTCUSDT-1m-2021-06.csv
futures/um/monthly/klines/btcusdt/1m/BTCUSDT-1m-2021-07.csv
futures/um/monthly/klines/btcusdt/1m/BTCUSDT-1m-2021-08.csv
futures/um/monthly/klines/btcusdt/1m/BTCUSDT-1m-2021-09.csv
futures/um/monthly/klines/btcusdt/1m/BTCUSDT-1m-2021-10.csv
futures/um/monthly/klines/btcusdt/1m/BTCUSDT-1m-2021-11.csv
futures/um/monthly/klines/btcusdt/1m/BTCUSDT-1m-2021-12.csv
futures/um/monthly/klines/btcusdt/1m/BTCUSDT-1m-2022-01.csv
futures/um/monthly/klines/btcusdt/1m/BTCUSDT-1m-2022-02.csv
futures/um/monthly/klines/btcusdt/1m/BTCUSDT-1m-2022-03.csv
futures/um/monthly/klines/btcusdt/1m/BTCUSDT-1m-2022-04.csv
futures/um/monthly/klines/btcusdt/1m/BTCUSDT-1m-2022-05.csv
futures/um/monthly/klines/btcusdt/1m/BTCUSDT-1m-2022-06.csv
futures/um/monthly/klines/btcusdt/1m/BTCUSDT-1m-2022-07.csv
futures/um/monthly/klines/btcusdt/1m/BTCUSDT-1m-2022-08.csv
futures/um/monthly/klines/btcusdt/1m/BTCUSDT-1m-2022-09.csv
futures/um/monthly/klines/btcusdt/1m/BTCUSDT-1m-2022-10.csv
futures/um/monthly/klines/btcusdt/1m/BTCUSDT-1m-2022-11.csv
futures/um/monthly/klines/btcusdt/1m/BTCUSDT-1m-2022-12.csv
futures/um/monthly/klines/btcusdt/1m/BTCUSDT-1m-2023-01.csv
futures/um/monthly/klines/btcusdt/1m/BTCUSDT-1m-2023-02.csv
futures/um/monthly/klines/btcusdt/1m/BTCUSDT-1m-2023-03.csv
futures/um/monthly/klines/btcusdt/1m/BTCUSDT-1m-2023-04.csv
futures/um/monthly/klines/btcusdt/1m/BTCUSDT-1m-2023-05.csv
futures/um/monthly/klines/btcusdt/1m/BTCUSDT-1m-2023-06.csv
futures/um/monthly/klines/btcusdt/1m/BTCUSDT-1m-2023-07.csv
futures/um/monthly/klines/btcusdt/1m/BTCUSDT-1m-2023-08.csv
futures/um/monthly/klines/btcusdt/1m/BTCUSDT-1m-2023-09.csv
futures/um/monthly/klines/btcusdt/1m/BTCUSDT-1m-2023-10.csv
futures/um/monthly/klines/btcusdt/1m/BTCUSDT-1m-2023-11.csv
futures/um/monthly/klines/btcusdt/1m/BTCUSDT-1m-2023-12.csv
futures/um/monthly/klines/btcusdt/1m/BTCUSDT-1m-2024-01.csv
futures/um/monthly/klines/btcusdt/1m/BTCUSDT-1m-2024-02.csv
futures/um/monthly/klines/btcusdt/1m/BTCUSDT-1m-2024-03.csv
futures/um/monthly/klines/btcusdt/1m/BTCUSDT-1m-2024-04.csv
futures/um/monthly/klines/btcusdt/1m/BTCUSDT-1m-2024-05.csv
futures/um/monthly/klines/btcusdt/1m/BTCUSDT-1m-2024-06.csv
futures/um/monthly/klines/btcusdt/1m/BTCUSDT-1m-2024-07.csv
futures/um/monthly/klines/btcusdt/1m/BTCUSDT-1m-2024-08.csv
futures/um/monthly/klines/btcusdt/1m/BTCUSDT-1m-2024-09.csv
futures/um/monthly/klines/btcusdt/1m/BTCUSDT-1m-2024-10.csv
futures/um/monthly/klines/btcusdt/1m/BTCUSDT-1m-2024-11.csv
futures/um/monthly/klines/btcusdt/1m/BTCUSDT-1m-2024-12.csv
futures/um/monthly/klines/btcusdt/1m/BTCUSDT-1m-2025-01.csv
futures/um/monthly/klines/btcusdt/1m/BTCUSDT-1m-2025-02.csv
futures/um/monthly/klines/btcusdt/1m/BTCUSDT-1m-2025-03.csv
futures/um/monthly/klines/btcusdt/1m/BTCUSDT-1m-2025-04.csv
futures/um/monthly/klines/btcusdt/1m/BTCUSDT-1m-2025-05.csv
futures/um/monthly/klines/btcusdt/1m/BTCUSDT-1m-2025-06.csv
futures/um/monthly/klines/btcusdt/1m/BTCUSDT-1m-2025-07.csv
futures/um/monthly/klines/btcusdt/1m/BTCUSDT-1m-2025-08.csv
futures/um/monthly/klines/btcusdt/1m/BTCUSDT-1m-2025-09.csv
futures/um/monthly/klines/btcusdt/1m/BTCUSDT-1m-2025-10.csv
futures/um/monthly/klines/btcusdt/1m/BTCUSDT-1m-2025-11.csv
futures/um/monthly/klines/btcusdt/1m/BTCUSDT-1m-2025-12.csv
futures/um/monthly/klines/btcusdt/1m/BTCUSDT-1m-2026-01.csv
futures/um/monthly/klines/btcusdt/1m/BTCUSDT-1m-2026-02.csv
futures/um/monthly/klines/btcusdt/1m/BTCUSDT-1m-2026-03.csv
futures/um/monthly/klines/btcusdt/1m/BTCUSDT-1m-2026-04.csv
futures/um/monthly/klines/btcusdt/1m/BTCUSDT-1m-2026-05.csv
futures/um/monthly/klines/btcusdt/1m/BTCUSDT-1m-2026-06.csv
futures/um/monthly/klines/btcusdt/1m/BTCUSDT-1m-2026-07.csv
futures/um/monthly/klines/btcusdt/1m/BTCUSDT-1m-2026-08.csv
futures/um/monthly/klines/btrusdt/1m/BTRUSDT-1m-2025-08.csv
futures/um/monthly/klines/btrusdt/1m/BTRUSDT-1m-2025-09.csv
futures/um/monthly/klines/btrusdt/1m/BTRUSDT-1m-2025-10.csv
futures/um/monthly/klines/btrusdt/1m/BTRUSDT-1m-2025-11.csv
futures/um/monthly/klines/btrusdt/1m/BTRUSDT-1m-2025-12.csv
futures/um/monthly/klines/btrusdt/1m/BTRUSDT-1m-2026-01.csv
futures/um/monthly/klines/btrusdt/1m/BTRUSDT-1m-2026-02.csv
futures/um/monthly/klines/btrusdt/1m/BTRUSDT-1m-2026-03.csv
futures/um/monthly/klines/btrusdt/1m/BTRUSDT-1m-2026-04.csv
futures/um/monthly/klines/btrusdt/1m/BTRUSDT-1m-2026-05.csv
futures/um/monthly/klines/btrusdt/1m/BTRUSDT-1m-2026-06.csv
futures/um/monthly/klines/btrusdt/1m/BTRUSDT-1m-2026-07.csv
futures/um/monthly/klines/btrusdt/1m/BTRUSDT-1m-2026-08.csv
futures/um/monthly/klines/btwusdt/1m/BTWUSDT-1m-2026-06.csv
futures/um/monthly/klines/btwusdt/1m/BTWUSDT-1m-2026-07.csv
futures/um/monthly/klines/btwusdt/1m/BTWUSDT-1m-2026-08.csv
futures/um/monthly/klines/bullausdt/1m/BULLAUSDT-1m-2025-07.csv
futures/um/monthly/klines/bullausdt/1m/BULLAUSDT-1m-2025-08.csv
futures/um/monthly/klines/bullausdt/1m/BULLAUSDT-1m-2025-09.csv
futures/um/monthly/klines/bullausdt/1m/BULLAUSDT-1m-2025-10.csv
futures/um/monthly/klines/bullausdt/1m/BULLAUSDT-1m-2025-11.csv
futures/um/monthly/klines/bullausdt/1m/BULLAUSDT-1m-2025-12.csv
futures/um/monthly/klines/bullausdt/1m/BULLAUSDT-1m-2026-01.csv
futures/um/monthly/klines/bullausdt/1m/BULLAUSDT-1m-2026-02.csv
futures/um/monthly/klines/bullausdt/1m/BULLAUSDT-1m-2026-03.csv
futures/um/monthly/klines/bullausdt/1m/BULLAUSDT-1m-2026-04.csv
futures/um/monthly/klines/bullausdt/1m/BULLAUSDT-1m-2026-05.csv
futures/um/monthly/klines/bullausdt/1m/BULLAUSDT-1m-2026-06.csv
futures/um/monthly/klines/bullausdt/1m/BULLAUSDT-1m-2026-07.csv
futures/um/monthly/klines/bullausdt/1m/BULLAUSDT-1m-2026-08.csv
futures/um/monthly/klines/busdt/1m/BUSDT-1m-2025-05.csv
futures/um/monthly/klines/busdt/1m/BUSDT-1m-2025-06.csv
futures/um/monthly/klines/busdt/1m/BUSDT-1m-2025-07.csv
futures/um/monthly/klines/busdt/1m/BUSDT-1m-2025-08.csv
futures/um/monthly/klines/busdt/1m/BUSDT-1m-2025-09.csv
futures/um/monthly/klines/busdt/1m/BUSDT-1m-2025-10.csv
futures/um/monthly/klines/busdt/1m/BUSDT-1m-2025-11.csv
futures/um/monthly/klines/busdt/1m/BUSDT-1m-2025-12.csv
futures/um/monthly/klines/busdt/1m/BUSDT-1m-2026-01.csv
futures/um/monthly/klines/busdt/1m/BUSDT-1m-2026-02.csv
futures/um/monthly/klines/busdt/1m/BUSDT-1m-2026-03.csv
futures/um/monthly/klines/busdt/1m/BUSDT-1m-2026-04.csv
futures/um/monthly/klines/busdt/1m/BUSDT-1m-2026-05.csv
futures/um/monthly/klines/busdt/1m/BUSDT-1m-2026-06.csv
futures/um/monthly/klines/busdt/1m/BUSDT-1m-2026-07.csv
futures/um/monthly/klines/busdt/1m/BUSDT-1m-2026-08.csv
futures/um/monthly/klines/c98usdt/1m/C98USDT-1m-2021-08.csv
futures/um/monthly/klines/c98usdt/1m/C98USDT-1m-2021-09.csv
futures/um/monthly/klines/c98usdt/1m/C98USDT-1m-2021-10.csv
futures/um/monthly/klines/c98usdt/1m/C98USDT-1m-2021-11.csv
futures/um/monthly/klines/c98usdt/1m/C98USDT-1m-2021-12.csv
futures/um/monthly/klines/c98usdt/1m/C98USDT-1m-2022-01.csv
futures/um/monthly/klines/c98usdt/1m/C98USDT-1m-2022-02.csv
futures/um/monthly/klines/c98usdt/1m/C98USDT-1m-2022-03.csv
futures/um/monthly/klines/c98usdt/1m/C98USDT-1m-2022-04.csv
futures/um/monthly/klines/c98usdt/1m/C98USDT-1m-2022-05.csv
futures/um/monthly/klines/c98usdt/1m/C98USDT-1m-2022-06.csv
futures/um/monthly/klines/c98usdt/1m/C98USDT-1m-2022-07.csv
futures/um/monthly/klines/c98usdt/1m/C98USDT-1m-2022-08.csv
futures/um/monthly/klines/c98usdt/1m/C98USDT-1m-2022-09.csv
futures/um/monthly/klines/c98usdt/1m/C98USDT-1m-2022-10.csv
futures/um/monthly/klines/c98usdt/1m/C98USDT-1m-2022-11.csv
futures/um/monthly/klines/c98usdt/1m/C98USDT-1m-2022-12.csv
futures/um/monthly/klines/c98usdt/1m/C98USDT-1m-2023-01.csv
futures/um/monthly/klines/c98usdt/1m/C98USDT-1m-2023-02.csv
futures/um/monthly/klines/c98usdt/1m/C98USDT-1m-2023-03.csv
futures/um/monthly/klines/c98usdt/1m/C98USDT-1m-2023-04.csv
futures/um/monthly/klines/c98usdt/1m/C98USDT-1m-2023-05.csv
futures/um/monthly/klines/c98usdt/1m/C98USDT-1m-2023-06.csv
futures/um/monthly/klines/c98usdt/1m/C98USDT-1m-2023-07.csv
futures/um/monthly/klines/c98usdt/1m/C98USDT-1m-2023-08.csv
futures/um/monthly/klines/c98usdt/1m/C98USDT-1m-2023-09.csv
futures/um/monthly/klines/c98usdt/1m/C98USDT-1m-2023-10.csv
futures/um/monthly/klines/c98usdt/1m/C98USDT-1m-2023-11.csv
futures/um/monthly/klines/c98usdt/1m/C98USDT-1m-2023-12.csv
futures/um/monthly/klines/c98usdt/1m/C98USDT-1m-2024-01.csv
futures/um/monthly/klines/c98usdt/1m/C98USDT-1m-2024-02.csv
futures/um/monthly/klines/c98usdt/1m/C98USDT-1m-2024-03.csv
futures/um/monthly/klines/c98usdt/1m/C98USDT-1m-2024-04.csv
futures/um/monthly/klines/c98usdt/1m/C98USDT-1m-2024-05.csv
futures/um/monthly/klines/c98usdt/1m/C98USDT-1m-2024-06.csv
futures/um/monthly/klines/c98usdt/1m/C98USDT-1m-2024-07.csv
futures/um/monthly/klines/c98usdt/1m/C98USDT-1m-2024-08.csv
futures/um/monthly/klines/c98usdt/1m/C98USDT-1m-2024-09.csv
futures/um/monthly/klines/c98usdt/1m/C98USDT-1m-2024-10.csv
futures/um/monthly/klines/c98usdt/1m/C98USDT-1m-2024-11.csv
futures/um/monthly/klines/c98usdt/1m/C98USDT-1m-2024-12.csv
futures/um/monthly/klines/c98usdt/1m/C98USDT-1m-2025-01.csv
futures/um/monthly/klines/c98usdt/1m/C98USDT-1m-2025-02.csv
futures/um/monthly/klines/c98usdt/1m/C98USDT-1m-2025-03.csv
futures/um/monthly/klines/c98usdt/1m/C98USDT-1m-2025-04.csv
futures/um/monthly/klines/c98usdt/1m/C98USDT-1m-2025-05.csv
futures/um/monthly/klines/c98usdt/1m/C98USDT-1m-2025-06.csv
futures/um/monthly/klines/c98usdt/1m/C98USDT-1m-2025-07.csv
futures/um/monthly/klines/c98usdt/1m/C98USDT-1m-2025-08.csv
futures/um/monthly/klines/c98usdt/1m/C98USDT-1m-2025-09.csv
futures/um/monthly/klines/c98usdt/1m/C98USDT-1m-2025-10.csv
futures/um/monthly/klines/c98usdt/1m/C98USDT-1m-2025-11.csv
futures/um/monthly/klines/c98usdt/1m/C98USDT-1m-2025-12.csv
futures/um/monthly/klines/c98usdt/1m/C98USDT-1m-2026-01.csv
futures/um/monthly/klines/c98usdt/1m/C98USDT-1m-2026-02.csv
futures/um/monthly/klines/c98usdt/1m/C98USDT-1m-2026-03.csv
futures/um/monthly/klines/c98usdt/1m/C98USDT-1m-2026-04.csv
futures/um/monthly/klines/c98usdt/1m/C98USDT-1m-2026-05.csv
futures/um/monthly/klines/c98usdt/1m/C98USDT-1m-2026-06.csv
futures/um/monthly/klines/c98usdt/1m/C98USDT-1m-2026-07.csv
futures/um/monthly/klines/c98usdt/1m/C98USDT-1m-2026-08.csv
futures/um/monthly/klines/cakeusdt/1m/CAKEUSDT-1m-2023-11.csv
futures/um/monthly/klines/cakeusdt/1m/CAKEUSDT-1m-2023-12.csv
futures/um/monthly/klines/cakeusdt/1m/CAKEUSDT-1m-2024-01.csv
futures/um/monthly/klines/cakeusdt/1m/CAKEUSDT-1m-2024-02.csv
futures/um/monthly/klines/cakeusdt/1m/CAKEUSDT-1m-2024-03.csv
futures/um/monthly/klines/cakeusdt/1m/CAKEUSDT-1m-2024-04.csv
futures/um/monthly/klines/cakeusdt/1m/CAKEUSDT-1m-2024-05.csv
futures/um/monthly/klines/cakeusdt/1m/CAKEUSDT-1m-2024-06.csv
futures/um/monthly/klines/cakeusdt/1m/CAKEUSDT-1m-2024-07.csv
futures/um/monthly/klines/cakeusdt/1m/CAKEUSDT-1m-2024-08.csv
futures/um/monthly/klines/cakeusdt/1m/CAKEUSDT-1m-2024-09.csv
futures/um/monthly/klines/cakeusdt/1m/CAKEUSDT-1m-2024-10.csv
futures/um/monthly/klines/cakeusdt/1m/CAKEUSDT-1m-2024-11.csv
futures/um/monthly/klines/cakeusdt/1m/CAKEUSDT-1m-2024-12.csv
futures/um/monthly/klines/cakeusdt/1m/CAKEUSDT-1m-2025-01.csv
futures/um/monthly/klines/cakeusdt/1m/CAKEUSDT-1m-2025-02.csv
futures/um/monthly/klines/cakeusdt/1m/CAKEUSDT-1m-2025-03.csv
futures/um/monthly/klines/cakeusdt/1m/CAKEUSDT-1m-2025-04.csv
futures/um/monthly/klines/cakeusdt/1m/CAKEUSDT-1m-2025-05.csv
futures/um/monthly/klines/cakeusdt/1m/CAKEUSDT-1m-2025-06.csv
futures/um/monthly/klines/cakeusdt/1m/CAKEUSDT-1m-2025-07.csv
futures/um/monthly/klines/cakeusdt/1m/CAKEUSDT-1m-2025-08.csv
futures/um/monthly/klines/cakeusdt/1m/CAKEUSDT-1m-2025-09.csv
futures/um/monthly/klines/cakeusdt/1m/CAKEUSDT-1m-2025-10.csv
futures/um/monthly/klines/cakeusdt/1m/CAKEUSDT-1m-2025-11.csv
futures/um/monthly/klines/cakeusdt/1m/CAKEUSDT-1m-2025-12.csv
futures/um/monthly/klines/cakeusdt/1m/CAKEUSDT-1m-2026-01.csv
futures/um/monthly/klines/cakeusdt/1m/CAKEUSDT-1m-2026-02.csv
futures/um/monthly/klines/cakeusdt/1m/CAKEUSDT-1m-2026-03.csv
futures/um/monthly/klines/cakeusdt/1m/CAKEUSDT-1m-2026-04.csv
futures/um/monthly/klines/cakeusdt/1m/CAKEUSDT-1m-2026-05.csv
futures/um/monthly/klines/cakeusdt/1m/CAKEUSDT-1m-2026-06.csv
futures/um/monthly/klines/cakeusdt/1m/CAKEUSDT-1m-2026-07.csv
futures/um/monthly/klines/cakeusdt/1m/CAKEUSDT-1m-2026-08.csv
futures/um/monthly/klines/capusdt/1m/CAPUSDT-1m-2026-06.csv
futures/um/monthly/klines/capusdt/1m/CAPUSDT-1m-2026-07.csv
futures/um/monthly/klines/capusdt/1m/CAPUSDT-1m-2026-08.csv
futures/um/monthly/klines/carvusdt/1m/CARVUSDT-1m-2025-08.csv
futures/um/monthly/klines/carvusdt/1m/CARVUSDT-1m-2025-09.csv
futures/um/monthly/klines/carvusdt/1m/CARVUSDT-1m-2025-10.csv
futures/um/monthly/klines/carvusdt/1m/CARVUSDT-1m-2025-11.csv
futures/um/monthly/klines/carvusdt/1m/CARVUSDT-1m-2025-12.csv
futures/um/monthly/klines/carvusdt/1m/CARVUSDT-1m-2026-01.csv
futures/um/monthly/klines/carvusdt/1m/CARVUSDT-1m-2026-02.csv
futures/um/monthly/klines/carvusdt/1m/CARVUSDT-1m-2026-03.csv
futures/um/monthly/klines/carvusdt/1m/CARVUSDT-1m-2026-04.csv
futures/um/monthly/klines/carvusdt/1m/CARVUSDT-1m-2026-05.csv
futures/um/monthly/klines/carvusdt/1m/CARVUSDT-1m-2026-06.csv
futures/um/monthly/klines/carvusdt/1m/CARVUSDT-1m-2026-07.csv
futures/um/monthly/klines/carvusdt/1m/CARVUSDT-1m-2026-08.csv
futures/um/monthly/klines/catiusdt/1m/CATIUSDT-1m-2024-09.csv
futures/um/monthly/klines/catiusdt/1m/CATIUSDT-1m-2024-10.csv
futures/um/monthly/klines/catiusdt/1m/CATIUSDT-1m-2024-11.csv
futures/um/monthly/klines/catiusdt/1m/CATIUSDT-1m-2024-12.csv
futures/um/monthly/klines/catiusdt/1m/CATIUSDT-1m-2025-01.csv
futures/um/monthly/klines/catiusdt/1m/CATIUSDT-1m-2025-02.csv
futures/um/monthly/klines/catiusdt/1m/CATIUSDT-1m-2025-03.csv
futures/um/monthly/klines/catiusdt/1m/CATIUSDT-1m-2025-04.csv
futures/um/monthly/klines/catiusdt/1m/CATIUSDT-1m-2025-05.csv
futures/um/monthly/klines/catiusdt/1m/CATIUSDT-1m-2025-06.csv
futures/um/monthly/klines/catiusdt/1m/CATIUSDT-1m-2025-07.csv
futures/um/monthly/klines/catiusdt/1m/CATIUSDT-1m-2025-08.csv
futures/um/monthly/klines/catiusdt/1m/CATIUSDT-1m-2025-09.csv
futures/um/monthly/klines/catiusdt/1m/CATIUSDT-1m-2025-10.csv
futures/um/monthly/klines/catiusdt/1m/CATIUSDT-1m-2025-11.csv
futures/um/monthly/klines/catiusdt/1m/CATIUSDT-1m-2025-12.csv
futures/um/monthly/klines/catiusdt/1m/CATIUSDT-1m-2026-01.csv
futures/um/monthly/klines/catiusdt/1m/CATIUSDT-1m-2026-02.csv
futures/um/monthly/klines/catiusdt/1m/CATIUSDT-1m-2026-03.csv
futures/um/monthly/klines/catiusdt/1m/CATIUSDT-1m-2026-04.csv
futures/um/monthly/klines/catiusdt/1m/CATIUSDT-1m-2026-05.csv
futures/um/monthly/klines/catiusdt/1m/CATIUSDT-1m-2026-06.csv
futures/um/monthly/klines/catiusdt/1m/CATIUSDT-1m-2026-07.csv
futures/um/monthly/klines/catiusdt/1m/CATIUSDT-1m-2026-08.csv
futures/um/monthly/klines/ccusdt/1m/CCUSDT-1m-2025-10.csv
futures/um/monthly/klines/ccusdt/1m/CCUSDT-1m-2025-11.csv
futures/um/monthly/klines/ccusdt/1m/CCUSDT-1m-2025-12.csv
futures/um/monthly/klines/ccusdt/1m/CCUSDT-1m-2026-01.csv
futures/um/monthly/klines/ccusdt/1m/CCUSDT-1m-2026-02.csv
futures/um/monthly/klines/ccusdt/1m/CCUSDT-1m-2026-03.csv
futures/um/monthly/klines/ccusdt/1m/CCUSDT-1m-2026-04.csv
futures/um/monthly/klines/ccusdt/1m/CCUSDT-1m-2026-05.csv
futures/um/monthly/klines/ccusdt/1m/CCUSDT-1m-2026-06.csv
futures/um/monthly/klines/ccusdt/1m/CCUSDT-1m-2026-07.csv
futures/um/monthly/klines/ccusdt/1m/CCUSDT-1m-2026-08.csv
futures/um/monthly/klines/celousdt/1m/CELOUSDT-1m-2021-09.csv
futures/um/monthly/klines/celousdt/1m/CELOUSDT-1m-2021-10.csv
futures/um/monthly/klines/celousdt/1m/CELOUSDT-1m-2021-11.csv
futures/um/monthly/klines/celousdt/1m/CELOUSDT-1m-2021-12.csv
futures/um/monthly/klines/celousdt/1m/CELOUSDT-1m-2022-01.csv
futures/um/monthly/klines/celousdt/1m/CELOUSDT-1m-2022-02.csv
futures/um/monthly/klines/celousdt/1m/CELOUSDT-1m-2022-03.csv
futures/um/monthly/klines/celousdt/1m/CELOUSDT-1m-2022-04.csv
futures/um/monthly/klines/celousdt/1m/CELOUSDT-1m-2022-05.csv
futures/um/monthly/klines/celousdt/1m/CELOUSDT-1m-2022-06.csv
futures/um/monthly/klines/celousdt/1m/CELOUSDT-1m-2022-07.csv
futures/um/monthly/klines/celousdt/1m/CELOUSDT-1m-2022-08.csv
futures/um/monthly/klines/celousdt/1m/CELOUSDT-1m-2022-09.csv
futures/um/monthly/klines/celousdt/1m/CELOUSDT-1m-2022-10.csv
futures/um/monthly/klines/celousdt/1m/CELOUSDT-1m-2022-11.csv
futures/um/monthly/klines/celousdt/1m/CELOUSDT-1m-2022-12.csv
futures/um/monthly/klines/celousdt/1m/CELOUSDT-1m-2023-01.csv
futures/um/monthly/klines/celousdt/1m/CELOUSDT-1m-2023-02.csv
futures/um/monthly/klines/celousdt/1m/CELOUSDT-1m-2023-03.csv
futures/um/monthly/klines/celousdt/1m/CELOUSDT-1m-2023-04.csv
futures/um/monthly/klines/celousdt/1m/CELOUSDT-1m-2023-05.csv
futures/um/monthly/klines/celousdt/1m/CELOUSDT-1m-2023-06.csv
futures/um/monthly/klines/celousdt/1m/CELOUSDT-1m-2023-07.csv
futures/um/monthly/klines/celousdt/1m/CELOUSDT-1m-2023-08.csv
futures/um/monthly/klines/celousdt/1m/CELOUSDT-1m-2023-09.csv
futures/um/monthly/klines/celousdt/1m/CELOUSDT-1m-2023-10.csv
futures/um/monthly/klines/celousdt/1m/CELOUSDT-1m-2023-11.csv
futures/um/monthly/klines/celousdt/1m/CELOUSDT-1m-2023-12.csv
futures/um/monthly/klines/celousdt/1m/CELOUSDT-1m-2024-01.csv
futures/um/monthly/klines/celousdt/1m/CELOUSDT-1m-2024-02.csv
futures/um/monthly/klines/celousdt/1m/CELOUSDT-1m-2024-03.csv
futures/um/monthly/klines/celousdt/1m/CELOUSDT-1m-2024-04.csv
futures/um/monthly/klines/celousdt/1m/CELOUSDT-1m-2024-05.csv
futures/um/monthly/klines/celousdt/1m/CELOUSDT-1m-2024-06.csv
futures/um/monthly/klines/celousdt/1m/CELOUSDT-1m-2024-07.csv
futures/um/monthly/klines/celousdt/1m/CELOUSDT-1m-2024-08.csv
futures/um/monthly/klines/celousdt/1m/CELOUSDT-1m-2024-09.csv
futures/um/monthly/klines/celousdt/1m/CELOUSDT-1m-2024-10.csv
futures/um/monthly/klines/celousdt/1m/CELOUSDT-1m-2024-11.csv
futures/um/monthly/klines/celousdt/1m/CELOUSDT-1m-2024-12.csv
futures/um/monthly/klines/celousdt/1m/CELOUSDT-1m-2025-01.csv
futures/um/monthly/klines/celousdt/1m/CELOUSDT-1m-2025-02.csv
futures/um/monthly/klines/celousdt/1m/CELOUSDT-1m-2025-03.csv
futures/um/monthly/klines/celousdt/1m/CELOUSDT-1m-2025-04.csv
futures/um/monthly/klines/celousdt/1m/CELOUSDT-1m-2025-05.csv
futures/um/monthly/klines/celousdt/1m/CELOUSDT-1m-2025-06.csv
futures/um/monthly/klines/celousdt/1m/CELOUSDT-1m-2025-07.csv
futures/um/monthly/klines/celousdt/1m/CELOUSDT-1m-2025-08.csv
futures/um/monthly/klines/celousdt/1m/CELOUSDT-1m-2025-09.csv
futures/um/monthly/klines/celousdt/1m/CELOUSDT-1m-2025-10.csv
futures/um/monthly/klines/celousdt/1m/CELOUSDT-1m-2025-11.csv
futures/um/monthly/klines/celousdt/1m/CELOUSDT-1m-2025-12.csv
futures/um/monthly/klines/celousdt/1m/CELOUSDT-1m-2026-01.csv
futures/um/monthly/klines/celousdt/1m/CELOUSDT-1m-2026-02.csv
futures/um/monthly/klines/celousdt/1m/CELOUSDT-1m-2026-03.csv
futures/um/monthly/klines/celousdt/1m/CELOUSDT-1m-2026-04.csv
futures/um/monthly/klines/celousdt/1m/CELOUSDT-1m-2026-05.csv
futures/um/monthly/klines/celousdt/1m/CELOUSDT-1m-2026-06.csv
futures/um/monthly/klines/celousdt/1m/CELOUSDT-1m-2026-07.csv
futures/um/monthly/klines/celousdt/1m/CELOUSDT-1m-2026-08.csv
futures/um/monthly/klines/celrusdt/1m/CELRUSDT-1m-2021-03.csv
futures/um/monthly/klines/celrusdt/1m/CELRUSDT-1m-2021-04.csv
futures/um/monthly/klines/celrusdt/1m/CELRUSDT-1m-2021-05.csv
futures/um/monthly/klines/celrusdt/1m/CELRUSDT-1m-2021-06.csv
futures/um/monthly/klines/celrusdt/1m/CELRUSDT-1m-2021-07.csv
futures/um/monthly/klines/celrusdt/1m/CELRUSDT-1m-2021-08.csv
futures/um/monthly/klines/celrusdt/1m/CELRUSDT-1m-2021-09.csv
futures/um/monthly/klines/celrusdt/1m/CELRUSDT-1m-2021-10.csv
futures/um/monthly/klines/celrusdt/1m/CELRUSDT-1m-2021-11.csv
futures/um/monthly/klines/celrusdt/1m/CELRUSDT-1m-2021-12.csv
futures/um/monthly/klines/celrusdt/1m/CELRUSDT-1m-2022-01.csv
futures/um/monthly/klines/celrusdt/1m/CELRUSDT-1m-2022-02.csv
futures/um/monthly/klines/celrusdt/1m/CELRUSDT-1m-2022-03.csv
futures/um/monthly/klines/celrusdt/1m/CELRUSDT-1m-2022-04.csv
futures/um/monthly/klines/celrusdt/1m/CELRUSDT-1m-2022-05.csv
futures/um/monthly/klines/celrusdt/1m/CELRUSDT-1m-2022-06.csv
futures/um/monthly/klines/celrusdt/1m/CELRUSDT-1m-2022-07.csv
futures/um/monthly/klines/celrusdt/1m/CELRUSDT-1m-2022-08.csv
futures/um/monthly/klines/celrusdt/1m/CELRUSDT-1m-2022-09.csv
futures/um/monthly/klines/celrusdt/1m/CELRUSDT-1m-2022-10.csv
futures/um/monthly/klines/celrusdt/1m/CELRUSDT-1m-2022-11.csv
futures/um/monthly/klines/celrusdt/1m/CELRUSDT-1m-2022-12.csv
futures/um/monthly/klines/celrusdt/1m/CELRUSDT-1m-2023-01.csv
futures/um/monthly/klines/celrusdt/1m/CELRUSDT-1m-2023-02.csv
futures/um/monthly/klines/celrusdt/1m/CELRUSDT-1m-2023-03.csv
futures/um/monthly/klines/celrusdt/1m/CELRUSDT-1m-2023-04.csv
futures/um/monthly/klines/celrusdt/1m/CELRUSDT-1m-2023-05.csv
futures/um/monthly/klines/celrusdt/1m/CELRUSDT-1m-2023-06.csv
futures/um/monthly/klines/celrusdt/1m/CELRUSDT-1m-2023-07.csv
futures/um/monthly/klines/celrusdt/1m/CELRUSDT-1m-2023-08.csv
futures/um/monthly/klines/celrusdt/1m/CELRUSDT-1m-2023-09.csv
futures/um/monthly/klines/celrusdt/1m/CELRUSDT-1m-2023-10.csv
futures/um/monthly/klines/celrusdt/1m/CELRUSDT-1m-2023-11.csv
futures/um/monthly/klines/celrusdt/1m/CELRUSDT-1m-2023-12.csv
futures/um/monthly/klines/celrusdt/1m/CELRUSDT-1m-2024-01.csv
futures/um/monthly/klines/celrusdt/1m/CELRUSDT-1m-2024-02.csv
futures/um/monthly/klines/celrusdt/1m/CELRUSDT-1m-2024-03.csv
futures/um/monthly/klines/celrusdt/1m/CELRUSDT-1m-2024-04.csv
futures/um/monthly/klines/celrusdt/1m/CELRUSDT-1m-2024-05.csv
futures/um/monthly/klines/celrusdt/1m/CELRUSDT-1m-2024-06.csv
futures/um/monthly/klines/celrusdt/1m/CELRUSDT-1m-2024-07.csv
futures/um/monthly/klines/celrusdt/1m/CELRUSDT-1m-2024-08.csv
futures/um/monthly/klines/celrusdt/1m/CELRUSDT-1m-2024-09.csv
futures/um/monthly/klines/celrusdt/1m/CELRUSDT-1m-2024-10.csv
futures/um/monthly/klines/celrusdt/1m/CELRUSDT-1m-2024-11.csv
futures/um/monthly/klines/celrusdt/1m/CELRUSDT-1m-2024-12.csv
futures/um/monthly/klines/celrusdt/1m/CELRUSDT-1m-2025-01.csv
futures/um/monthly/klines/celrusdt/1m/CELRUSDT-1m-2025-02.csv
futures/um/monthly/klines/celrusdt/1m/CELRUSDT-1m-2025-03.csv
futures/um/monthly/klines/celrusdt/1m/CELRUSDT-1m-2025-04.csv
futures/um/monthly/klines/celrusdt/1m/CELRUSDT-1m-2025-05.csv
futures/um/monthly/klines/celrusdt/1m/CELRUSDT-1m-2025-06.csv
futures/um/monthly/klines/celrusdt/1m/CELRUSDT-1m-2025-07.csv
futures/um/monthly/klines/celrusdt/1m/CELRUSDT-1m-2025-08.csv
futures/um/monthly/klines/celrusdt/1m/CELRUSDT-1m-2025-09.csv
futures/um/monthly/klines/celrusdt/1m/CELRUSDT-1m-2025-10.csv
futures/um/monthly/klines/celrusdt/1m/CELRUSDT-1m-2025-11.csv
futures/um/monthly/klines/celrusdt/1m/CELRUSDT-1m-2025-12.csv
futures/um/monthly/klines/celrusdt/1m/CELRUSDT-1m-2026-01.csv
futures/um/monthly/klines/celrusdt/1m/CELRUSDT-1m-2026-02.csv
futures/um/monthly/klines/celrusdt/1m/CELRUSDT-1m-2026-03.csv
futures/um/monthly/klines/celrusdt/1m/CELRUSDT-1m-2026-04.csv
futures/um/monthly/klines/celrusdt/1m/CELRUSDT-1m-2026-05.csv
futures/um/monthly/klines/celrusdt/1m/CELRUSDT-1m-2026-06.csv
futures/um/monthly/klines/celrusdt/1m/CELRUSDT-1m-2026-07.csv
futures/um/monthly/klines/celrusdt/1m/CELRUSDT-1m-2026-08.csv
futures/um/monthly/klines/cetususdt/1m/CETUSUSDT-1m-2024-11.csv
futures/um/monthly/klines/cetususdt/1m/CETUSUSDT-1m-2024-12.csv
futures/um/monthly/klines/cetususdt/1m/CETUSUSDT-1m-2025-01.csv
futures/um/monthly/klines/cetususdt/1m/CETUSUSDT-1m-2025-02.csv
futures/um/monthly/klines/cetususdt/1m/CETUSUSDT-1m-2025-03.csv
futures/um/monthly/klines/cetususdt/1m/CETUSUSDT-1m-2025-04.csv
futures/um/monthly/klines/cetususdt/1m/CETUSUSDT-1m-2025-05.csv
futures/um/monthly/klines/cetususdt/1m/CETUSUSDT-1m-2025-06.csv
futures/um/monthly/klines/cetususdt/1m/CETUSUSDT-1m-2025-07.csv
futures/um/monthly/klines/cetususdt/1m/CETUSUSDT-1m-2025-08.csv
futures/um/monthly/klines/cetususdt/1m/CETUSUSDT-1m-2025-09.csv
futures/um/monthly/klines/cetususdt/1m/CETUSUSDT-1m-2025-10.csv
futures/um/monthly/klines/cetususdt/1m/CETUSUSDT-1m-2025-11.csv
futures/um/monthly/klines/cetususdt/1m/CETUSUSDT-1m-2025-12.csv
futures/um/monthly/klines/cetususdt/1m/CETUSUSDT-1m-2026-01.csv
futures/um/monthly/klines/cetususdt/1m/CETUSUSDT-1m-2026-02.csv
futures/um/monthly/klines/cetususdt/1m/CETUSUSDT-1m-2026-03.csv
futures/um/monthly/klines/cetususdt/1m/CETUSUSDT-1m-2026-04.csv
futures/um/monthly/klines/cetususdt/1m/CETUSUSDT-1m-2026-05.csv
futures/um/monthly/klines/cetususdt/1m/CETUSUSDT-1m-2026-06.csv
futures/um/monthly/klines/cetususdt/1m/CETUSUSDT-1m-2026-07.csv
futures/um/monthly/klines/cetususdt/1m/CETUSUSDT-1m-2026-08.csv
futures/um/monthly/klines/cfgusdt/1m/CFGUSDT-1m-2026-03.csv
futures/um/monthly/klines/cfgusdt/1m/CFGUSDT-1m-2026-04.csv
futures/um/monthly/klines/cfgusdt/1m/CFGUSDT-1m-2026-05.csv
futures/um/monthly/klines/cfgusdt/1m/CFGUSDT-1m-2026-06.csv
futures/um/monthly/klines/cfgusdt/1m/CFGUSDT-1m-2026-07.csv
futures/um/monthly/klines/cfgusdt/1m/CFGUSDT-1m-2026-08.csv
futures/um/monthly/klines/cfxusdt/1m/CFXUSDT-1m-2023-02.csv
futures/um/monthly/klines/cfxusdt/1m/CFXUSDT-1m-2023-03.csv
futures/um/monthly/klines/cfxusdt/1m/CFXUSDT-1m-2023-04.csv
futures/um/monthly/klines/cfxusdt/1m/CFXUSDT-1m-2023-05.csv
futures/um/monthly/klines/cfxusdt/1m/CFXUSDT-1m-2023-06.csv
futures/um/monthly/klines/cfxusdt/1m/CFXUSDT-1m-2023-07.csv
futures/um/monthly/klines/cfxusdt/1m/CFXUSDT-1m-2023-08.csv
futures/um/monthly/klines/cfxusdt/1m/CFXUSDT-1m-2023-09.csv
futures/um/monthly/klines/cfxusdt/1m/CFXUSDT-1m-2023-10.csv
futures/um/monthly/klines/cfxusdt/1m/CFXUSDT-1m-2023-11.csv
futures/um/monthly/klines/cfxusdt/1m/CFXUSDT-1m-2023-12.csv
futures/um/monthly/klines/cfxusdt/1m/CFXUSDT-1m-2024-01.csv
futures/um/monthly/klines/cfxusdt/1m/CFXUSDT-1m-2024-02.csv
futures/um/monthly/klines/cfxusdt/1m/CFXUSDT-1m-2024-03.csv
futures/um/monthly/klines/cfxusdt/1m/CFXUSDT-1m-2024-04.csv
futures/um/monthly/klines/cfxusdt/1m/CFXUSDT-1m-2024-05.csv
futures/um/monthly/klines/cfxusdt/1m/CFXUSDT-1m-2024-06.csv
futures/um/monthly/klines/cfxusdt/1m/CFXUSDT-1m-2024-07.csv
futures/um/monthly/klines/cfxusdt/1m/CFXUSDT-1m-2024-08.csv
futures/um/monthly/klines/cfxusdt/1m/CFXUSDT-1m-2024-09.csv
futures/um/monthly/klines/cfxusdt/1m/CFXUSDT-1m-2024-10.csv
futures/um/monthly/klines/cfxusdt/1m/CFXUSDT-1m-2024-11.csv
futures/um/monthly/klines/cfxusdt/1m/CFXUSDT-1m-2024-12.csv
futures/um/monthly/klines/cfxusdt/1m/CFXUSDT-1m-2025-01.csv
futures/um/monthly/klines/cfxusdt/1m/CFXUSDT-1m-2025-02.csv
futures/um/monthly/klines/cfxusdt/1m/CFXUSDT-1m-2025-03.csv
futures/um/monthly/klines/cfxusdt/1m/CFXUSDT-1m-2025-04.csv
futures/um/monthly/klines/cfxusdt/1m/CFXUSDT-1m-2025-05.csv
futures/um/monthly/klines/cfxusdt/1m/CFXUSDT-1m-2025-06.csv
futures/um/monthly/klines/cfxusdt/1m/CFXUSDT-1m-2025-07.csv
futures/um/monthly/klines/cfxusdt/1m/CFXUSDT-1m-2025-08.csv
futures/um/monthly/klines/cfxusdt/1m/CFXUSDT-1m-2025-09.csv
futures/um/monthly/klines/cfxusdt/1m/CFXUSDT-1m-2025-10.csv
futures/um/monthly/klines/cfxusdt/1m/CFXUSDT-1m-2025-11.csv
futures/um/monthly/klines/cfxusdt/1m/CFXUSDT-1m-2025-12.csv
futures/um/monthly/klines/cfxusdt/1m/CFXUSDT-1m-2026-01.csv
futures/um/monthly/klines/cfxusdt/1m/CFXUSDT-1m-2026-02.csv
futures/um/monthly/klines/cfxusdt/1m/CFXUSDT-1m-2026-03.csv
futures/um/monthly/klines/cfxusdt/1m/CFXUSDT-1m-2026-04.csv
futures/um/monthly/klines/cfxusdt/1m/CFXUSDT-1m-2026-05.csv
futures/um/monthly/klines/cfxusdt/1m/CFXUSDT-1m-2026-06.csv
futures/um/monthly/klines/cfxusdt/1m/CFXUSDT-1m-2026-07.csv
futures/um/monthly/klines/cfxusdt/1m/CFXUSDT-1m-2026-08.csv
futures/um/monthly/klines/cgptusdt/1m/CGPTUSDT-1m-2024-12.csv
futures/um/monthly/klines/cgptusdt/1m/CGPTUSDT-1m-2025-01.csv
futures/um/monthly/klines/cgptusdt/1m/CGPTUSDT-1m-2025-02.csv
futures/um/monthly/klines/cgptusdt/1m/CGPTUSDT-1m-2025-03.csv
futures/um/monthly/klines/cgptusdt/1m/CGPTUSDT-1m-2025-04.csv
futures/um/monthly/klines/cgptusdt/1m/CGPTUSDT-1m-2025-05.csv
futures/um/monthly/klines/cgptusdt/1m/CGPTUSDT-1m-2025-06.csv
futures/um/monthly/klines/cgptusdt/1m/CGPTUSDT-1m-2025-07.csv
futures/um/monthly/klines/cgptusdt/1m/CGPTUSDT-1m-2025-08.csv
futures/um/monthly/klines/cgptusdt/1m/CGPTUSDT-1m-2025-09.csv
futures/um/monthly/klines/cgptusdt/1m/CGPTUSDT-1m-2025-10.csv
futures/um/monthly/klines/cgptusdt/1m/CGPTUSDT-1m-2025-11.csv
futures/um/monthly/klines/cgptusdt/1m/CGPTUSDT-1m-2025-12.csv
futures/um/monthly/klines/cgptusdt/1m/CGPTUSDT-1m-2026-01.csv
futures/um/monthly/klines/cgptusdt/1m/CGPTUSDT-1m-2026-02.csv
futures/um/monthly/klines/cgptusdt/1m/CGPTUSDT-1m-2026-03.csv
futures/um/monthly/klines/cgptusdt/1m/CGPTUSDT-1m-2026-04.csv
futures/um/monthly/klines/cgptusdt/1m/CGPTUSDT-1m-2026-05.csv
futures/um/monthly/klines/cgptusdt/1m/CGPTUSDT-1m-2026-06.csv
futures/um/monthly/klines/cgptusdt/1m/CGPTUSDT-1m-2026-07.csv
futures/um/monthly/klines/cgptusdt/1m/CGPTUSDT-1m-2026-08.csv
futures/um/monthly/klines/chillguyusdt/1m/CHILLGUYUSDT-1m-2024-11.csv
futures/um/monthly/klines/chillguyusdt/1m/CHILLGUYUSDT-1m-2024-12.csv
futures/um/monthly/klines/chillguyusdt/1m/CHILLGUYUSDT-1m-2025-01.csv
futures/um/monthly/klines/chillguyusdt/1m/CHILLGUYUSDT-1m-2025-02.csv
futures/um/monthly/klines/chillguyusdt/1m/CHILLGUYUSDT-1m-2025-03.csv
futures/um/monthly/klines/chillguyusdt/1m/CHILLGUYUSDT-1m-2025-04.csv
futures/um/monthly/klines/chillguyusdt/1m/CHILLGUYUSDT-1m-2025-05.csv
futures/um/monthly/klines/chillguyusdt/1m/CHILLGUYUSDT-1m-2025-06.csv
futures/um/monthly/klines/chillguyusdt/1m/CHILLGUYUSDT-1m-2025-07.csv
futures/um/monthly/klines/chillguyusdt/1m/CHILLGUYUSDT-1m-2025-08.csv
futures/um/monthly/klines/chillguyusdt/1m/CHILLGUYUSDT-1m-2025-09.csv
futures/um/monthly/klines/chillguyusdt/1m/CHILLGUYUSDT-1m-2025-10.csv
futures/um/monthly/klines/chillguyusdt/1m/CHILLGUYUSDT-1m-2025-11.csv
futures/um/monthly/klines/chillguyusdt/1m/CHILLGUYUSDT-1m-2025-12.csv
futures/um/monthly/klines/chillguyusdt/1m/CHILLGUYUSDT-1m-2026-01.csv
futures/um/monthly/klines/chillguyusdt/1m/CHILLGUYUSDT-1m-2026-02.csv
futures/um/monthly/klines/chillguyusdt/1m/CHILLGUYUSDT-1m-2026-03.csv
futures/um/monthly/klines/chillguyusdt/1m/CHILLGUYUSDT-1m-2026-04.csv
futures/um/monthly/klines/chillguyusdt/1m/CHILLGUYUSDT-1m-2026-05.csv
futures/um/monthly/klines/chillguyusdt/1m/CHILLGUYUSDT-1m-2026-06.csv
futures/um/monthly/klines/chillguyusdt/1m/CHILLGUYUSDT-1m-2026-07.csv
futures/um/monthly/klines/chillguyusdt/1m/CHILLGUYUSDT-1m-2026-08.csv
futures/um/monthly/klines/chipusdt/1m/CHIPUSDT-1m-2026-04.csv
futures/um/monthly/klines/chipusdt/1m/CHIPUSDT-1m-2026-05.csv
futures/um/monthly/klines/chipusdt/1m/CHIPUSDT-1m-2026-06.csv
futures/um/monthly/klines/chipusdt/1m/CHIPUSDT-1m-2026-07.csv
futures/um/monthly/klines/chipusdt/1m/CHIPUSDT-1m-2026-08.csv
futures/um/monthly/klines/chrusdt/1m/CHRUSDT-1m-2021-03.csv
futures/um/monthly/klines/chrusdt/1m/CHRUSDT-1m-2021-04.csv
futures/um/monthly/klines/chrusdt/1m/CHRUSDT-1m-2021-05.csv
futures/um/monthly/klines/chrusdt/1m/CHRUSDT-1m-2021-06.csv
futures/um/monthly/klines/chrusdt/1m/CHRUSDT-1m-2021-07.csv
futures/um/monthly/klines/chrusdt/1m/CHRUSDT-1m-2021-08.csv
futures/um/monthly/klines/chrusdt/1m/CHRUSDT-1m-2021-09.csv
futures/um/monthly/klines/chrusdt/1m/CHRUSDT-1m-2021-10.csv
futures/um/monthly/klines/chrusdt/1m/CHRUSDT-1m-2021-11.csv
futures/um/monthly/klines/chrusdt/1m/CHRUSDT-1m-2021-12.csv
futures/um/monthly/klines/chrusdt/1m/CHRUSDT-1m-2022-01.csv
futures/um/monthly/klines/chrusdt/1m/CHRUSDT-1m-2022-02.csv
futures/um/monthly/klines/chrusdt/1m/CHRUSDT-1m-2022-03.csv
futures/um/monthly/klines/chrusdt/1m/CHRUSDT-1m-2022-04.csv
futures/um/monthly/klines/chrusdt/1m/CHRUSDT-1m-2022-05.csv
futures/um/monthly/klines/chrusdt/1m/CHRUSDT-1m-2022-06.csv
futures/um/monthly/klines/chrusdt/1m/CHRUSDT-1m-2022-07.csv
futures/um/monthly/klines/chrusdt/1m/CHRUSDT-1m-2022-08.csv
futures/um/monthly/klines/chrusdt/1m/CHRUSDT-1m-2022-09.csv
futures/um/monthly/klines/chrusdt/1m/CHRUSDT-1m-2022-10.csv
futures/um/monthly/klines/chrusdt/1m/CHRUSDT-1m-2022-11.csv
futures/um/monthly/klines/chrusdt/1m/CHRUSDT-1m-2022-12.csv
futures/um/monthly/klines/chrusdt/1m/CHRUSDT-1m-2023-01.csv
futures/um/monthly/klines/chrusdt/1m/CHRUSDT-1m-2023-02.csv
futures/um/monthly/klines/chrusdt/1m/CHRUSDT-1m-2023-03.csv
futures/um/monthly/klines/chrusdt/1m/CHRUSDT-1m-2023-04.csv
futures/um/monthly/klines/chrusdt/1m/CHRUSDT-1m-2023-05.csv
futures/um/monthly/klines/chrusdt/1m/CHRUSDT-1m-2023-06.csv
futures/um/monthly/klines/chrusdt/1m/CHRUSDT-1m-2023-07.csv
futures/um/monthly/klines/chrusdt/1m/CHRUSDT-1m-2023-08.csv
futures/um/monthly/klines/chrusdt/1m/CHRUSDT-1m-2023-09.csv
futures/um/monthly/klines/chrusdt/1m/CHRUSDT-1m-2023-10.csv
futures/um/monthly/klines/chrusdt/1m/CHRUSDT-1m-2023-11.csv
futures/um/monthly/klines/chrusdt/1m/CHRUSDT-1m-2023-12.csv
futures/um/monthly/klines/chrusdt/1m/CHRUSDT-1m-2024-01.csv
futures/um/monthly/klines/chrusdt/1m/CHRUSDT-1m-2024-02.csv
futures/um/monthly/klines/chrusdt/1m/CHRUSDT-1m-2024-03.csv
futures/um/monthly/klines/chrusdt/1m/CHRUSDT-1m-2024-04.csv
futures/um/monthly/klines/chrusdt/1m/CHRUSDT-1m-2024-05.csv
futures/um/monthly/klines/chrusdt/1m/CHRUSDT-1m-2024-06.csv
futures/um/monthly/klines/chrusdt/1m/CHRUSDT-1m-2024-07.csv
futures/um/monthly/klines/chrusdt/1m/CHRUSDT-1m-2024-08.csv
futures/um/monthly/klines/chrusdt/1m/CHRUSDT-1m-2024-09.csv
futures/um/monthly/klines/chrusdt/1m/CHRUSDT-1m-2024-10.csv
futures/um/monthly/klines/chrusdt/1m/CHRUSDT-1m-2024-11.csv
futures/um/monthly/klines/chrusdt/1m/CHRUSDT-1m-2024-12.csv
futures/um/monthly/klines/chrusdt/1m/CHRUSDT-1m-2025-01.csv
futures/um/monthly/klines/chrusdt/1m/CHRUSDT-1m-2025-02.csv
futures/um/monthly/klines/chrusdt/1m/CHRUSDT-1m-2025-03.csv
futures/um/monthly/klines/chrusdt/1m/CHRUSDT-1m-2025-04.csv
futures/um/monthly/klines/chrusdt/1m/CHRUSDT-1m-2025-05.csv
futures/um/monthly/klines/chrusdt/1m/CHRUSDT-1m-2025-06.csv
futures/um/monthly/klines/chrusdt/1m/CHRUSDT-1m-2025-07.csv
futures/um/monthly/klines/chrusdt/1m/CHRUSDT-1m-2025-08.csv
futures/um/monthly/klines/chrusdt/1m/CHRUSDT-1m-2025-09.csv
futures/um/monthly/klines/chrusdt/1m/CHRUSDT-1m-2025-10.csv
futures/um/monthly/klines/chrusdt/1m/CHRUSDT-1m-2025-11.csv
futures/um/monthly/klines/chrusdt/1m/CHRUSDT-1m-2025-12.csv
futures/um/monthly/klines/chrusdt/1m/CHRUSDT-1m-2026-01.csv
futures/um/monthly/klines/chrusdt/1m/CHRUSDT-1m-2026-02.csv
futures/um/monthly/klines/chrusdt/1m/CHRUSDT-1m-2026-03.csv
futures/um/monthly/klines/chrusdt/1m/CHRUSDT-1m-2026-04.csv
futures/um/monthly/klines/chrusdt/1m/CHRUSDT-1m-2026-05.csv
futures/um/monthly/klines/chrusdt/1m/CHRUSDT-1m-2026-06.csv
futures/um/monthly/klines/chrusdt/1m/CHRUSDT-1m-2026-07.csv
futures/um/monthly/klines/chrusdt/1m/CHRUSDT-1m-2026-08.csv
futures/um/monthly/klines/chzusdt/1m/CHZUSDT-1m-2021-01.csv
futures/um/monthly/klines/chzusdt/1m/CHZUSDT-1m-2021-02.csv
futures/um/monthly/klines/chzusdt/1m/CHZUSDT-1m-2021-03.csv
futures/um/monthly/klines/chzusdt/1m/CHZUSDT-1m-2021-04.csv
futures/um/monthly/klines/chzusdt/1m/CHZUSDT-1m-2021-05.csv
futures/um/monthly/klines/chzusdt/1m/CHZUSDT-1m-2021-06.csv
futures/um/monthly/klines/chzusdt/1m/CHZUSDT-1m-2021-07.csv
futures/um/monthly/klines/chzusdt/1m/CHZUSDT-1m-2021-08.csv
futures/um/monthly/klines/chzusdt/1m/CHZUSDT-1m-2021-09.csv
futures/um/monthly/klines/chzusdt/1m/CHZUSDT-1m-2021-10.csv
futures/um/monthly/klines/chzusdt/1m/CHZUSDT-1m-2021-11.csv
futures/um/monthly/klines/chzusdt/1m/CHZUSDT-1m-2021-12.csv
futures/um/monthly/klines/chzusdt/1m/CHZUSDT-1m-2022-01.csv
futures/um/monthly/klines/chzusdt/1m/CHZUSDT-1m-2022-02.csv
futures/um/monthly/klines/chzusdt/1m/CHZUSDT-1m-2022-03.csv
futures/um/monthly/klines/chzusdt/1m/CHZUSDT-1m-2022-04.csv
futures/um/monthly/klines/chzusdt/1m/CHZUSDT-1m-2022-05.csv
futures/um/monthly/klines/chzusdt/1m/CHZUSDT-1m-2022-06.csv
futures/um/monthly/klines/chzusdt/1m/CHZUSDT-1m-2022-07.csv
futures/um/monthly/klines/chzusdt/1m/CHZUSDT-1m-2022-08.csv
futures/um/monthly/klines/chzusdt/1m/CHZUSDT-1m-2022-09.csv
futures/um/monthly/klines/chzusdt/1m/CHZUSDT-1m-2022-10.csv
futures/um/monthly/klines/chzusdt/1m/CHZUSDT-1m-2022-11.csv
futures/um/monthly/klines/chzusdt/1m/CHZUSDT-1m-2022-12.csv
futures/um/monthly/klines/chzusdt/1m/CHZUSDT-1m-2023-01.csv
futures/um/monthly/klines/chzusdt/1m/CHZUSDT-1m-2023-02.csv
futures/um/monthly/klines/chzusdt/1m/CHZUSDT-1m-2023-03.csv
futures/um/monthly/klines/chzusdt/1m/CHZUSDT-1m-2023-04.csv
futures/um/monthly/klines/chzusdt/1m/CHZUSDT-1m-2023-05.csv
futures/um/monthly/klines/chzusdt/1m/CHZUSDT-1m-2023-06.csv
futures/um/monthly/klines/chzusdt/1m/CHZUSDT-1m-2023-07.csv
futures/um/monthly/klines/chzusdt/1m/CHZUSDT-1m-2023-08.csv
futures/um/monthly/klines/chzusdt/1m/CHZUSDT-1m-2023-09.csv
futures/um/monthly/klines/chzusdt/1m/CHZUSDT-1m-2023-10.csv
futures/um/monthly/klines/chzusdt/1m/CHZUSDT-1m-2023-11.csv
futures/um/monthly/klines/chzusdt/1m/CHZUSDT-1m-2023-12.csv
futures/um/monthly/klines/chzusdt/1m/CHZUSDT-1m-2024-01.csv
futures/um/monthly/klines/chzusdt/1m/CHZUSDT-1m-2024-02.csv
futures/um/monthly/klines/chzusdt/1m/CHZUSDT-1m-2024-03.csv
futures/um/monthly/klines/chzusdt/1m/CHZUSDT-1m-2024-04.csv
futures/um/monthly/klines/chzusdt/1m/CHZUSDT-1m-2024-05.csv
futures/um/monthly/klines/chzusdt/1m/CHZUSDT-1m-2024-06.csv
futures/um/monthly/klines/chzusdt/1m/CHZUSDT-1m-2024-07.csv
futures/um/monthly/klines/chzusdt/1m/CHZUSDT-1m-2024-08.csv
futures/um/monthly/klines/chzusdt/1m/CHZUSDT-1m-2024-09.csv
futures/um/monthly/klines/chzusdt/1m/CHZUSDT-1m-2024-10.csv
futures/um/monthly/klines/chzusdt/1m/CHZUSDT-1m-2024-11.csv
futures/um/monthly/klines/chzusdt/1m/CHZUSDT-1m-2024-12.csv
futures/um/monthly/klines/chzusdt/1m/CHZUSDT-1m-2025-01.csv
futures/um/monthly/klines/chzusdt/1m/CHZUSDT-1m-2025-02.csv
futures/um/monthly/klines/chzusdt/1m/CHZUSDT-1m-2025-03.csv
futures/um/monthly/klines/chzusdt/1m/CHZUSDT-1m-2025-04.csv
futures/um/monthly/klines/chzusdt/1m/CHZUSDT-1m-2025-05.csv
futures/um/monthly/klines/chzusdt/1m/CHZUSDT-1m-2025-06.csv
futures/um/monthly/klines/chzusdt/1m/CHZUSDT-1m-2025-07.csv
futures/um/monthly/klines/chzusdt/1m/CHZUSDT-1m-2025-08.csv
futures/um/monthly/klines/chzusdt/1m/CHZUSDT-1m-2025-09.csv
futures/um/monthly/klines/chzusdt/1m/CHZUSDT-1m-2025-10.csv
futures/um/monthly/klines/chzusdt/1m/CHZUSDT-1m-2025-11.csv
futures/um/monthly/klines/chzusdt/1m/CHZUSDT-1m-2025-12.csv
futures/um/monthly/klines/chzusdt/1m/CHZUSDT-1m-2026-01.csv
futures/um/monthly/klines/chzusdt/1m/CHZUSDT-1m-2026-02.csv
futures/um/monthly/klines/chzusdt/1m/CHZUSDT-1m-2026-03.csv
futures/um/monthly/klines/chzusdt/1m/CHZUSDT-1m-2026-04.csv
futures/um/monthly/klines/chzusdt/1m/CHZUSDT-1m-2026-05.csv
futures/um/monthly/klines/chzusdt/1m/CHZUSDT-1m-2026-06.csv
futures/um/monthly/klines/chzusdt/1m/CHZUSDT-1m-2026-07.csv
futures/um/monthly/klines/chzusdt/1m/CHZUSDT-1m-2026-08.csv
futures/um/monthly/klines/ckbusdt/1m/CKBUSDT-1m-2023-02.csv
futures/um/monthly/klines/ckbusdt/1m/CKBUSDT-1m-2023-03.csv
futures/um/monthly/klines/ckbusdt/1m/CKBUSDT-1m-2023-04.csv
futures/um/monthly/klines/ckbusdt/1m/CKBUSDT-1m-2023-05.csv
futures/um/monthly/klines/ckbusdt/1m/CKBUSDT-1m-2023-06.csv
futures/um/monthly/klines/ckbusdt/1m/CKBUSDT-1m-2023-07.csv
futures/um/monthly/klines/ckbusdt/1m/CKBUSDT-1m-2023-08.csv
futures/um/monthly/klines/ckbusdt/1m/CKBUSDT-1m-2023-09.csv
futures/um/monthly/klines/ckbusdt/1m/CKBUSDT-1m-2023-10.csv
futures/um/monthly/klines/ckbusdt/1m/CKBUSDT-1m-2023-11.csv
futures/um/monthly/klines/ckbusdt/1m/CKBUSDT-1m-2023-12.csv
futures/um/monthly/klines/ckbusdt/1m/CKBUSDT-1m-2024-01.csv
futures/um/monthly/klines/ckbusdt/1m/CKBUSDT-1m-2024-02.csv
futures/um/monthly/klines/ckbusdt/1m/CKBUSDT-1m-2024-03.csv
futures/um/monthly/klines/ckbusdt/1m/CKBUSDT-1m-2024-04.csv
futures/um/monthly/klines/ckbusdt/1m/CKBUSDT-1m-2024-05.csv
futures/um/monthly/klines/ckbusdt/1m/CKBUSDT-1m-2024-06.csv
futures/um/monthly/klines/ckbusdt/1m/CKBUSDT-1m-2024-07.csv
futures/um/monthly/klines/ckbusdt/1m/CKBUSDT-1m-2024-08.csv
futures/um/monthly/klines/ckbusdt/1m/CKBUSDT-1m-2024-09.csv
futures/um/monthly/klines/ckbusdt/1m/CKBUSDT-1m-2024-10.csv
futures/um/monthly/klines/ckbusdt/1m/CKBUSDT-1m-2024-11.csv
futures/um/monthly/klines/ckbusdt/1m/CKBUSDT-1m-2024-12.csv
futures/um/monthly/klines/ckbusdt/1m/CKBUSDT-1m-2025-01.csv
futures/um/monthly/klines/ckbusdt/1m/CKBUSDT-1m-2025-02.csv
futures/um/monthly/klines/ckbusdt/1m/CKBUSDT-1m-2025-03.csv
futures/um/monthly/klines/ckbusdt/1m/CKBUSDT-1m-2025-04.csv
futures/um/monthly/klines/ckbusdt/1m/CKBUSDT-1m-2025-05.csv
futures/um/monthly/klines/ckbusdt/1m/CKBUSDT-1m-2025-06.csv
futures/um/monthly/klines/ckbusdt/1m/CKBUSDT-1m-2025-07.csv
futures/um/monthly/klines/ckbusdt/1m/CKBUSDT-1m-2025-08.csv
futures/um/monthly/klines/ckbusdt/1m/CKBUSDT-1m-2025-09.csv
futures/um/monthly/klines/ckbusdt/1m/CKBUSDT-1m-2025-10.csv
futures/um/monthly/klines/ckbusdt/1m/CKBUSDT-1m-2025-11.csv
futures/um/monthly/klines/ckbusdt/1m/CKBUSDT-1m-2025-12.csv
futures/um/monthly/klines/ckbusdt/1m/CKBUSDT-1m-2026-01.csv
futures/um/monthly/klines/ckbusdt/1m/CKBUSDT-1m-2026-02.csv
futures/um/monthly/klines/ckbusdt/1m/CKBUSDT-1m-2026-03.csv
futures/um/monthly/klines/ckbusdt/1m/CKBUSDT-1m-2026-04.csv
futures/um/monthly/klines/ckbusdt/1m/CKBUSDT-1m-2026-05.csv
futures/um/monthly/klines/ckbusdt/1m/CKBUSDT-1m-2026-06.csv
futures/um/monthly/klines/ckbusdt/1m/CKBUSDT-1m-2026-07.csv
futures/um/monthly/klines/ckbusdt/1m/CKBUSDT-1m-2026-08.csv
futures/um/monthly/klines/clankerusdt/1m/CLANKERUSDT-1m-2025-11.csv
futures/um/monthly/klines/clankerusdt/1m/CLANKERUSDT-1m-2025-12.csv
futures/um/monthly/klines/clankerusdt/1m/CLANKERUSDT-1m-2026-01.csv
futures/um/monthly/klines/clankerusdt/1m/CLANKERUSDT-1m-2026-02.csv
futures/um/monthly/klines/clankerusdt/1m/CLANKERUSDT-1m-2026-03.csv
futures/um/monthly/klines/clankerusdt/1m/CLANKERUSDT-1m-2026-04.csv
futures/um/monthly/klines/clankerusdt/1m/CLANKERUSDT-1m-2026-05.csv
futures/um/monthly/klines/clankerusdt/1m/CLANKERUSDT-1m-2026-06.csv
futures/um/monthly/klines/clankerusdt/1m/CLANKERUSDT-1m-2026-07.csv
futures/um/monthly/klines/clankerusdt/1m/CLANKERUSDT-1m-2026-08.csv
futures/um/monthly/klines/clousdt/1m/CLOUSDT-1m-2025-10.csv
futures/um/monthly/klines/clousdt/1m/CLOUSDT-1m-2025-11.csv
futures/um/monthly/klines/clousdt/1m/CLOUSDT-1m-2025-12.csv
futures/um/monthly/klines/clousdt/1m/CLOUSDT-1m-2026-01.csv
futures/um/monthly/klines/clousdt/1m/CLOUSDT-1m-2026-02.csv
futures/um/monthly/klines/clousdt/1m/CLOUSDT-1m-2026-03.csv
futures/um/monthly/klines/clousdt/1m/CLOUSDT-1m-2026-04.csv
futures/um/monthly/klines/clousdt/1m/CLOUSDT-1m-2026-05.csv
futures/um/monthly/klines/clousdt/1m/CLOUSDT-1m-2026-06.csv
futures/um/monthly/klines/clousdt/1m/CLOUSDT-1m-2026-07.csv
futures/um/monthly/klines/clousdt/1m/CLOUSDT-1m-2026-08.csv
futures/um/monthly/klines/coaiusdt/1m/COAIUSDT-1m-2025-09.csv
futures/um/monthly/klines/coaiusdt/1m/COAIUSDT-1m-2025-10.csv
futures/um/monthly/klines/coaiusdt/1m/COAIUSDT-1m-2025-11.csv
futures/um/monthly/klines/coaiusdt/1m/COAIUSDT-1m-2025-12.csv
futures/um/monthly/klines/coaiusdt/1m/COAIUSDT-1m-2026-01.csv
futures/um/monthly/klines/coaiusdt/1m/COAIUSDT-1m-2026-02.csv
futures/um/monthly/klines/coaiusdt/1m/COAIUSDT-1m-2026-03.csv
futures/um/monthly/klines/coaiusdt/1m/COAIUSDT-1m-2026-04.csv
futures/um/monthly/klines/coaiusdt/1m/COAIUSDT-1m-2026-05.csv
futures/um/monthly/klines/coaiusdt/1m/COAIUSDT-1m-2026-06.csv
futures/um/monthly/klines/coaiusdt/1m/COAIUSDT-1m-2026-07.csv
futures/um/monthly/klines/coaiusdt/1m/COAIUSDT-1m-2026-08.csv
futures/um/monthly/klines/collectusdt/1m/COLLECTUSDT-1m-2025-12.csv
futures/um/monthly/klines/collectusdt/1m/COLLECTUSDT-1m-2026-01.csv
futures/um/monthly/klines/collectusdt/1m/COLLECTUSDT-1m-2026-02.csv
futures/um/monthly/klines/collectusdt/1m/COLLECTUSDT-1m-2026-03.csv
futures/um/monthly/klines/collectusdt/1m/COLLECTUSDT-1m-2026-04.csv
futures/um/monthly/klines/collectusdt/1m/COLLECTUSDT-1m-2026-05.csv
futures/um/monthly/klines/collectusdt/1m/COLLECTUSDT-1m-2026-06.csv
futures/um/monthly/klines/collectusdt/1m/COLLECTUSDT-1m-2026-07.csv
futures/um/monthly/klines/collectusdt/1m/COLLECTUSDT-1m-2026-08.csv
futures/um/monthly/klines/compusdt/1m/COMPUSDT-1m-2020-06.csv
futures/um/monthly/klines/compusdt/1m/COMPUSDT-1m-2020-07.csv
futures/um/monthly/klines/compusdt/1m/COMPUSDT-1m-2020-08.csv
futures/um/monthly/klines/compusdt/1m/COMPUSDT-1m-2020-09.csv
futures/um/monthly/klines/compusdt/1m/COMPUSDT-1m-2020-10.csv
futures/um/monthly/klines/compusdt/1m/COMPUSDT-1m-2020-11.csv
futures/um/monthly/klines/compusdt/1m/COMPUSDT-1m-2020-12.csv
futures/um/monthly/klines/compusdt/1m/COMPUSDT-1m-2021-01.csv
futures/um/monthly/klines/compusdt/1m/COMPUSDT-1m-2021-02.csv
futures/um/monthly/klines/compusdt/1m/COMPUSDT-1m-2021-03.csv
futures/um/monthly/klines/compusdt/1m/COMPUSDT-1m-2021-04.csv
futures/um/monthly/klines/compusdt/1m/COMPUSDT-1m-2021-05.csv
futures/um/monthly/klines/compusdt/1m/COMPUSDT-1m-2021-06.csv
futures/um/monthly/klines/compusdt/1m/COMPUSDT-1m-2021-07.csv
futures/um/monthly/klines/compusdt/1m/COMPUSDT-1m-2021-08.csv
futures/um/monthly/klines/compusdt/1m/COMPUSDT-1m-2021-09.csv
futures/um/monthly/klines/compusdt/1m/COMPUSDT-1m-2021-10.csv
futures/um/monthly/klines/compusdt/1m/COMPUSDT-1m-2021-11.csv
futures/um/monthly/klines/compusdt/1m/COMPUSDT-1m-2021-12.csv
futures/um/monthly/klines/compusdt/1m/COMPUSDT-1m-2022-01.csv
futures/um/monthly/klines/compusdt/1m/COMPUSDT-1m-2022-02.csv
futures/um/monthly/klines/compusdt/1m/COMPUSDT-1m-2022-03.csv
futures/um/monthly/klines/compusdt/1m/COMPUSDT-1m-2022-04.csv
futures/um/monthly/klines/compusdt/1m/COMPUSDT-1m-2022-05.csv
futures/um/monthly/klines/compusdt/1m/COMPUSDT-1m-2022-06.csv
futures/um/monthly/klines/compusdt/1m/COMPUSDT-1m-2022-07.csv
futures/um/monthly/klines/compusdt/1m/COMPUSDT-1m-2022-08.csv
futures/um/monthly/klines/compusdt/1m/COMPUSDT-1m-2022-09.csv
futures/um/monthly/klines/compusdt/1m/COMPUSDT-1m-2022-10.csv
futures/um/monthly/klines/compusdt/1m/COMPUSDT-1m-2022-11.csv
futures/um/monthly/klines/compusdt/1m/COMPUSDT-1m-2022-12.csv
futures/um/monthly/klines/compusdt/1m/COMPUSDT-1m-2023-01.csv
futures/um/monthly/klines/compusdt/1m/COMPUSDT-1m-2023-02.csv
futures/um/monthly/klines/compusdt/1m/COMPUSDT-1m-2023-03.csv
futures/um/monthly/klines/compusdt/1m/COMPUSDT-1m-2023-04.csv
futures/um/monthly/klines/compusdt/1m/COMPUSDT-1m-2023-05.csv
futures/um/monthly/klines/compusdt/1m/COMPUSDT-1m-2023-06.csv
futures/um/monthly/klines/compusdt/1m/COMPUSDT-1m-2023-07.csv
futures/um/monthly/klines/compusdt/1m/COMPUSDT-1m-2023-08.csv
futures/um/monthly/klines/compusdt/1m/COMPUSDT-1m-2023-09.csv
futures/um/monthly/klines/compusdt/1m/COMPUSDT-1m-2023-10.csv
futures/um/monthly/klines/compusdt/1m/COMPUSDT-1m-2023-11.csv
futures/um/monthly/klines/compusdt/1m/COMPUSDT-1m-2023-12.csv
futures/um/monthly/klines/compusdt/1m/COMPUSDT-1m-2024-01.csv
futures/um/monthly/klines/compusdt/1m/COMPUSDT-1m-2024-02.csv
futures/um/monthly/klines/compusdt/1m/COMPUSDT-1m-2024-03.csv
futures/um/monthly/klines/compusdt/1m/COMPUSDT-1m-2024-04.csv
futures/um/monthly/klines/compusdt/1m/COMPUSDT-1m-2024-05.csv
futures/um/monthly/klines/compusdt/1m/COMPUSDT-1m-2024-06.csv
futures/um/monthly/klines/compusdt/1m/COMPUSDT-1m-2024-07.csv
futures/um/monthly/klines/compusdt/1m/COMPUSDT-1m-2024-08.csv
futures/um/monthly/klines/compusdt/1m/COMPUSDT-1m-2024-09.csv
futures/um/monthly/klines/compusdt/1m/COMPUSDT-1m-2024-10.csv
futures/um/monthly/klines/compusdt/1m/COMPUSDT-1m-2024-11.csv
futures/um/monthly/klines/compusdt/1m/COMPUSDT-1m-2024-12.csv
futures/um/monthly/klines/compusdt/1m/COMPUSDT-1m-2025-01.csv
futures/um/monthly/klines/compusdt/1m/COMPUSDT-1m-2025-02.csv
futures/um/monthly/klines/compusdt/1m/COMPUSDT-1m-2025-03.csv
futures/um/monthly/klines/compusdt/1m/COMPUSDT-1m-2025-04.csv
futures/um/monthly/klines/compusdt/1m/COMPUSDT-1m-2025-05.csv
futures/um/monthly/klines/compusdt/1m/COMPUSDT-1m-2025-06.csv
futures/um/monthly/klines/compusdt/1m/COMPUSDT-1m-2025-07.csv
futures/um/monthly/klines/compusdt/1m/COMPUSDT-1m-2025-08.csv
futures/um/monthly/klines/compusdt/1m/COMPUSDT-1m-2025-09.csv
futures/um/monthly/klines/compusdt/1m/COMPUSDT-1m-2025-10.csv
futures/um/monthly/klines/compusdt/1m/COMPUSDT-1m-2025-11.csv
futures/um/monthly/klines/compusdt/1m/COMPUSDT-1m-2025-12.csv
futures/um/monthly/klines/compusdt/1m/COMPUSDT-1m-2026-01.csv
futures/um/monthly/klines/compusdt/1m/COMPUSDT-1m-2026-02.csv
futures/um/monthly/klines/compusdt/1m/COMPUSDT-1m-2026-03.csv
futures/um/monthly/klines/compusdt/1m/COMPUSDT-1m-2026-04.csv
futures/um/monthly/klines/compusdt/1m/COMPUSDT-1m-2026-05.csv
futures/um/monthly/klines/compusdt/1m/COMPUSDT-1m-2026-06.csv
futures/um/monthly/klines/compusdt/1m/COMPUSDT-1m-2026-07.csv
futures/um/monthly/klines/compusdt/1m/COMPUSDT-1m-2026-08.csv
futures/um/monthly/klines/cookieusdt/1m/COOKIEUSDT-1m-2025-01.csv
futures/um/monthly/klines/cookieusdt/1m/COOKIEUSDT-1m-2025-02.csv
futures/um/monthly/klines/cookieusdt/1m/COOKIEUSDT-1m-2025-03.csv
futures/um/monthly/klines/cookieusdt/1m/COOKIEUSDT-1m-2025-04.csv
futures/um/monthly/klines/cookieusdt/1m/COOKIEUSDT-1m-2025-05.csv
futures/um/monthly/klines/cookieusdt/1m/COOKIEUSDT-1m-2025-06.csv
futures/um/monthly/klines/cookieusdt/1m/COOKIEUSDT-1m-2025-07.csv
futures/um/monthly/klines/cookieusdt/1m/COOKIEUSDT-1m-2025-08.csv
futures/um/monthly/klines/cookieusdt/1m/COOKIEUSDT-1m-2025-09.csv
futures/um/monthly/klines/cookieusdt/1m/COOKIEUSDT-1m-2025-10.csv
futures/um/monthly/klines/cookieusdt/1m/COOKIEUSDT-1m-2025-11.csv
futures/um/monthly/klines/cookieusdt/1m/COOKIEUSDT-1m-2025-12.csv
futures/um/monthly/klines/cookieusdt/1m/COOKIEUSDT-1m-2026-01.csv
futures/um/monthly/klines/cookieusdt/1m/COOKIEUSDT-1m-2026-02.csv
futures/um/monthly/klines/cookieusdt/1m/COOKIEUSDT-1m-2026-03.csv
futures/um/monthly/klines/cookieusdt/1m/COOKIEUSDT-1m-2026-04.csv
futures/um/monthly/klines/cookieusdt/1m/COOKIEUSDT-1m-2026-05.csv
futures/um/monthly/klines/cookieusdt/1m/COOKIEUSDT-1m-2026-06.csv
futures/um/monthly/klines/cookieusdt/1m/COOKIEUSDT-1m-2026-07.csv
futures/um/monthly/klines/cookieusdt/1m/COOKIEUSDT-1m-2026-08.csv
futures/um/monthly/klines/cotiusdt/1m/COTIUSDT-1m-2021-03.csv
futures/um/monthly/klines/cotiusdt/1m/COTIUSDT-1m-2021-04.csv
futures/um/monthly/klines/cotiusdt/1m/COTIUSDT-1m-2021-05.csv
futures/um/monthly/klines/cotiusdt/1m/COTIUSDT-1m-2021-06.csv
futures/um/monthly/klines/cotiusdt/1m/COTIUSDT-1m-2021-07.csv
futures/um/monthly/klines/cotiusdt/1m/COTIUSDT-1m-2021-08.csv
futures/um/monthly/klines/cotiusdt/1m/COTIUSDT-1m-2021-09.csv
futures/um/monthly/klines/cotiusdt/1m/COTIUSDT-1m-2021-10.csv
futures/um/monthly/klines/cotiusdt/1m/COTIUSDT-1m-2021-11.csv
futures/um/monthly/klines/cotiusdt/1m/COTIUSDT-1m-2021-12.csv
futures/um/monthly/klines/cotiusdt/1m/COTIUSDT-1m-2022-01.csv
futures/um/monthly/klines/cotiusdt/1m/COTIUSDT-1m-2022-02.csv
futures/um/monthly/klines/cotiusdt/1m/COTIUSDT-1m-2022-03.csv
futures/um/monthly/klines/cotiusdt/1m/COTIUSDT-1m-2022-04.csv
futures/um/monthly/klines/cotiusdt/1m/COTIUSDT-1m-2022-05.csv
futures/um/monthly/klines/cotiusdt/1m/COTIUSDT-1m-2022-06.csv
futures/um/monthly/klines/cotiusdt/1m/COTIUSDT-1m-2022-07.csv
futures/um/monthly/klines/cotiusdt/1m/COTIUSDT-1m-2022-08.csv
futures/um/monthly/klines/cotiusdt/1m/COTIUSDT-1m-2022-09.csv
futures/um/monthly/klines/cotiusdt/1m/COTIUSDT-1m-2022-10.csv
futures/um/monthly/klines/cotiusdt/1m/COTIUSDT-1m-2022-11.csv
futures/um/monthly/klines/cotiusdt/1m/COTIUSDT-1m-2022-12.csv
futures/um/monthly/klines/cotiusdt/1m/COTIUSDT-1m-2023-01.csv
futures/um/monthly/klines/cotiusdt/1m/COTIUSDT-1m-2023-02.csv
futures/um/monthly/klines/cotiusdt/1m/COTIUSDT-1m-2023-03.csv
futures/um/monthly/klines/cotiusdt/1m/COTIUSDT-1m-2023-04.csv
futures/um/monthly/klines/cotiusdt/1m/COTIUSDT-1m-2023-05.csv
futures/um/monthly/klines/cotiusdt/1m/COTIUSDT-1m-2023-06.csv
futures/um/monthly/klines/cotiusdt/1m/COTIUSDT-1m-2023-07.csv
futures/um/monthly/klines/cotiusdt/1m/COTIUSDT-1m-2023-08.csv
futures/um/monthly/klines/cotiusdt/1m/COTIUSDT-1m-2023-09.csv
futures/um/monthly/klines/cotiusdt/1m/COTIUSDT-1m-2023-10.csv
futures/um/monthly/klines/cotiusdt/1m/COTIUSDT-1m-2023-11.csv
futures/um/monthly/klines/cotiusdt/1m/COTIUSDT-1m-2023-12.csv
futures/um/monthly/klines/cotiusdt/1m/COTIUSDT-1m-2024-01.csv
futures/um/monthly/klines/cotiusdt/1m/COTIUSDT-1m-2024-02.csv
futures/um/monthly/klines/cotiusdt/1m/COTIUSDT-1m-2024-03.csv
futures/um/monthly/klines/cotiusdt/1m/COTIUSDT-1m-2024-04.csv
futures/um/monthly/klines/cotiusdt/1m/COTIUSDT-1m-2024-05.csv
futures/um/monthly/klines/cotiusdt/1m/COTIUSDT-1m-2024-06.csv
futures/um/monthly/klines/cotiusdt/1m/COTIUSDT-1m-2024-07.csv
futures/um/monthly/klines/cotiusdt/1m/COTIUSDT-1m-2024-08.csv
futures/um/monthly/klines/cotiusdt/1m/COTIUSDT-1m-2024-09.csv
futures/um/monthly/klines/cotiusdt/1m/COTIUSDT-1m-2024-10.csv
futures/um/monthly/klines/cotiusdt/1m/COTIUSDT-1m-2024-11.csv
futures/um/monthly/klines/cotiusdt/1m/COTIUSDT-1m-2024-12.csv
futures/um/monthly/klines/cotiusdt/1m/COTIUSDT-1m-2025-01.csv
futures/um/monthly/klines/cotiusdt/1m/COTIUSDT-1m-2025-02.csv
futures/um/monthly/klines/cotiusdt/1m/COTIUSDT-1m-2025-03.csv
futures/um/monthly/klines/cotiusdt/1m/COTIUSDT-1m-2025-04.csv
futures/um/monthly/klines/cotiusdt/1m/COTIUSDT-1m-2025-05.csv
futures/um/monthly/klines/cotiusdt/1m/COTIUSDT-1m-2025-06.csv
futures/um/monthly/klines/cotiusdt/1m/COTIUSDT-1m-2025-07.csv
futures/um/monthly/klines/cotiusdt/1m/COTIUSDT-1m-2025-08.csv
futures/um/monthly/klines/cotiusdt/1m/COTIUSDT-1m-2025-09.csv
futures/um/monthly/klines/cotiusdt/1m/COTIUSDT-1m-2025-10.csv
futures/um/monthly/klines/cotiusdt/1m/COTIUSDT-1m-2025-11.csv
futures/um/monthly/klines/cotiusdt/1m/COTIUSDT-1m-2025-12.csv
futures/um/monthly/klines/cotiusdt/1m/COTIUSDT-1m-2026-01.csv
futures/um/monthly/klines/cotiusdt/1m/COTIUSDT-1m-2026-02.csv
futures/um/monthly/klines/cotiusdt/1m/COTIUSDT-1m-2026-03.csv
futures/um/monthly/klines/cotiusdt/1m/COTIUSDT-1m-2026-04.csv
futures/um/monthly/klines/cotiusdt/1m/COTIUSDT-1m-2026-05.csv
futures/um/monthly/klines/cotiusdt/1m/COTIUSDT-1m-2026-06.csv
futures/um/monthly/klines/cotiusdt/1m/COTIUSDT-1m-2026-07.csv
futures/um/monthly/klines/cotiusdt/1m/COTIUSDT-1m-2026-08.csv
futures/um/monthly/klines/cowusdt/1m/COWUSDT-1m-2024-11.csv
futures/um/monthly/klines/cowusdt/1m/COWUSDT-1m-2024-12.csv
futures/um/monthly/klines/cowusdt/1m/COWUSDT-1m-2025-01.csv
futures/um/monthly/klines/cowusdt/1m/COWUSDT-1m-2025-02.csv
futures/um/monthly/klines/cowusdt/1m/COWUSDT-1m-2025-03.csv
futures/um/monthly/klines/cowusdt/1m/COWUSDT-1m-2025-04.csv
futures/um/monthly/klines/cowusdt/1m/COWUSDT-1m-2025-05.csv
futures/um/monthly/klines/cowusdt/1m/COWUSDT-1m-2025-06.csv
futures/um/monthly/klines/cowusdt/1m/COWUSDT-1m-2025-07.csv
futures/um/monthly/klines/cowusdt/1m/COWUSDT-1m-2025-08.csv
futures/um/monthly/klines/cowusdt/1m/COWUSDT-1m-2025-09.csv
futures/um/monthly/klines/cowusdt/1m/COWUSDT-1m-2025-10.csv
futures/um/monthly/klines/cowusdt/1m/COWUSDT-1m-2025-11.csv
futures/um/monthly/klines/cowusdt/1m/COWUSDT-1m-2025-12.csv
futures/um/monthly/klines/cowusdt/1m/COWUSDT-1m-2026-01.csv
futures/um/monthly/klines/cowusdt/1m/COWUSDT-1m-2026-02.csv
futures/um/monthly/klines/cowusdt/1m/COWUSDT-1m-2026-03.csv
futures/um/monthly/klines/cowusdt/1m/COWUSDT-1m-2026-04.csv
futures/um/monthly/klines/cowusdt/1m/COWUSDT-1m-2026-05.csv
futures/um/monthly/klines/cowusdt/1m/COWUSDT-1m-2026-06.csv
futures/um/monthly/klines/cowusdt/1m/COWUSDT-1m-2026-07.csv
futures/um/monthly/klines/cowusdt/1m/COWUSDT-1m-2026-08.csv
futures/um/monthly/klines/crossusdt/1m/CROSSUSDT-1m-2025-07.csv
futures/um/monthly/klines/crossusdt/1m/CROSSUSDT-1m-2025-08.csv
futures/um/monthly/klines/crossusdt/1m/CROSSUSDT-1m-2025-09.csv
futures/um/monthly/klines/crossusdt/1m/CROSSUSDT-1m-2025-10.csv
futures/um/monthly/klines/crossusdt/1m/CROSSUSDT-1m-2025-11.csv
futures/um/monthly/klines/crossusdt/1m/CROSSUSDT-1m-2025-12.csv
futures/um/monthly/klines/crossusdt/1m/CROSSUSDT-1m-2026-01.csv
futures/um/monthly/klines/crossusdt/1m/CROSSUSDT-1m-2026-02.csv
futures/um/monthly/klines/crossusdt/1m/CROSSUSDT-1m-2026-03.csv
futures/um/monthly/klines/crossusdt/1m/CROSSUSDT-1m-2026-04.csv
futures/um/monthly/klines/crossusdt/1m/CROSSUSDT-1m-2026-05.csv
futures/um/monthly/klines/crossusdt/1m/CROSSUSDT-1m-2026-06.csv
futures/um/monthly/klines/crossusdt/1m/CROSSUSDT-1m-2026-07.csv
futures/um/monthly/klines/crossusdt/1m/CROSSUSDT-1m-2026-08.csv
futures/um/monthly/klines/crvusdt/1m/CRVUSDT-1m-2020-09.csv
futures/um/monthly/klines/crvusdt/1m/CRVUSDT-1m-2020-10.csv
futures/um/monthly/klines/crvusdt/1m/CRVUSDT-1m-2020-11.csv
futures/um/monthly/klines/crvusdt/1m/CRVUSDT-1m-2020-12.csv
futures/um/monthly/klines/crvusdt/1m/CRVUSDT-1m-2021-01.csv
futures/um/monthly/klines/crvusdt/1m/CRVUSDT-1m-2021-02.csv
futures/um/monthly/klines/crvusdt/1m/CRVUSDT-1m-2021-03.csv
futures/um/monthly/klines/crvusdt/1m/CRVUSDT-1m-2021-04.csv
futures/um/monthly/klines/crvusdt/1m/CRVUSDT-1m-2021-05.csv
futures/um/monthly/klines/crvusdt/1m/CRVUSDT-1m-2021-06.csv
futures/um/monthly/klines/crvusdt/1m/CRVUSDT-1m-2021-07.csv
futures/um/monthly/klines/crvusdt/1m/CRVUSDT-1m-2021-08.csv
futures/um/monthly/klines/crvusdt/1m/CRVUSDT-1m-2021-09.csv
futures/um/monthly/klines/crvusdt/1m/CRVUSDT-1m-2021-10.csv
futures/um/monthly/klines/crvusdt/1m/CRVUSDT-1m-2021-11.csv
futures/um/monthly/klines/crvusdt/1m/CRVUSDT-1m-2021-12.csv
futures/um/monthly/klines/crvusdt/1m/CRVUSDT-1m-2022-01.csv
futures/um/monthly/klines/crvusdt/1m/CRVUSDT-1m-2022-02.csv
futures/um/monthly/klines/crvusdt/1m/CRVUSDT-1m-2022-03.csv
futures/um/monthly/klines/crvusdt/1m/CRVUSDT-1m-2022-04.csv
futures/um/monthly/klines/crvusdt/1m/CRVUSDT-1m-2022-05.csv
futures/um/monthly/klines/crvusdt/1m/CRVUSDT-1m-2022-06.csv
futures/um/monthly/klines/crvusdt/1m/CRVUSDT-1m-2022-07.csv
futures/um/monthly/klines/crvusdt/1m/CRVUSDT-1m-2022-08.csv
futures/um/monthly/klines/crvusdt/1m/CRVUSDT-1m-2022-09.csv
futures/um/monthly/klines/crvusdt/1m/CRVUSDT-1m-2022-10.csv
futures/um/monthly/klines/crvusdt/1m/CRVUSDT-1m-2022-11.csv
futures/um/monthly/klines/crvusdt/1m/CRVUSDT-1m-2022-12.csv
futures/um/monthly/klines/crvusdt/1m/CRVUSDT-1m-2023-01.csv
futures/um/monthly/klines/crvusdt/1m/CRVUSDT-1m-2023-02.csv
futures/um/monthly/klines/crvusdt/1m/CRVUSDT-1m-2023-03.csv
futures/um/monthly/klines/crvusdt/1m/CRVUSDT-1m-2023-04.csv
futures/um/monthly/klines/crvusdt/1m/CRVUSDT-1m-2023-05.csv
futures/um/monthly/klines/crvusdt/1m/CRVUSDT-1m-2023-06.csv
futures/um/monthly/klines/crvusdt/1m/CRVUSDT-1m-2023-07.csv
futures/um/monthly/klines/crvusdt/1m/CRVUSDT-1m-2023-08.csv
futures/um/monthly/klines/crvusdt/1m/CRVUSDT-1m-2023-09.csv
futures/um/monthly/klines/crvusdt/1m/CRVUSDT-1m-2023-10.csv
futures/um/monthly/klines/crvusdt/1m/CRVUSDT-1m-2023-11.csv
futures/um/monthly/klines/crvusdt/1m/CRVUSDT-1m-2023-12.csv
futures/um/monthly/klines/crvusdt/1m/CRVUSDT-1m-2024-01.csv
futures/um/monthly/klines/crvusdt/1m/CRVUSDT-1m-2024-02.csv
futures/um/monthly/klines/crvusdt/1m/CRVUSDT-1m-2024-03.csv
futures/um/monthly/klines/crvusdt/1m/CRVUSDT-1m-2024-04.csv
futures/um/monthly/klines/crvusdt/1m/CRVUSDT-1m-2024-05.csv
futures/um/monthly/klines/crvusdt/1m/CRVUSDT-1m-2024-06.csv
futures/um/monthly/klines/crvusdt/1m/CRVUSDT-1m-2024-07.csv
futures/um/monthly/klines/crvusdt/1m/CRVUSDT-1m-2024-08.csv
futures/um/monthly/klines/crvusdt/1m/CRVUSDT-1m-2024-09.csv
futures/um/monthly/klines/crvusdt/1m/CRVUSDT-1m-2024-10.csv
futures/um/monthly/klines/crvusdt/1m/CRVUSDT-1m-2024-11.csv
futures/um/monthly/klines/crvusdt/1m/CRVUSDT-1m-2024-12.csv
futures/um/monthly/klines/crvusdt/1m/CRVUSDT-1m-2025-01.csv
futures/um/monthly/klines/crvusdt/1m/CRVUSDT-1m-2025-02.csv
futures/um/monthly/klines/crvusdt/1m/CRVUSDT-1m-2025-03.csv
futures/um/monthly/klines/crvusdt/1m/CRVUSDT-1m-2025-04.csv
futures/um/monthly/klines/crvusdt/1m/CRVUSDT-1m-2025-05.csv
futures/um/monthly/klines/crvusdt/1m/CRVUSDT-1m-2025-06.csv
futures/um/monthly/klines/crvusdt/1m/CRVUSDT-1m-2025-07.csv
futures/um/monthly/klines/crvusdt/1m/CRVUSDT-1m-2025-08.csv
futures/um/monthly/klines/crvusdt/1m/CRVUSDT-1m-2025-09.csv
futures/um/monthly/klines/crvusdt/1m/CRVUSDT-1m-2025-10.csv
futures/um/monthly/klines/crvusdt/1m/CRVUSDT-1m-2025-11.csv
futures/um/monthly/klines/crvusdt/1m/CRVUSDT-1m-2025-12.csv
futures/um/monthly/klines/crvusdt/1m/CRVUSDT-1m-2026-01.csv
futures/um/monthly/klines/crvusdt/1m/CRVUSDT-1m-2026-02.csv
futures/um/monthly/klines/crvusdt/1m/CRVUSDT-1m-2026-03.csv
futures/um/monthly/klines/crvusdt/1m/CRVUSDT-1m-2026-04.csv
futures/um/monthly/klines/crvusdt/1m/CRVUSDT-1m-2026-05.csv
futures/um/monthly/klines/crvusdt/1m/CRVUSDT-1m-2026-06.csv
futures/um/monthly/klines/crvusdt/1m/CRVUSDT-1m-2026-07.csv
futures/um/monthly/klines/crvusdt/1m/CRVUSDT-1m-2026-08.csv
futures/um/monthly/klines/ctkusdt/1m/CTKUSDT-1m-2020-11.csv
futures/um/monthly/klines/ctkusdt/1m/CTKUSDT-1m-2020-12.csv
futures/um/monthly/klines/ctkusdt/1m/CTKUSDT-1m-2021-01.csv
futures/um/monthly/klines/ctkusdt/1m/CTKUSDT-1m-2021-02.csv
futures/um/monthly/klines/ctkusdt/1m/CTKUSDT-1m-2021-03.csv
futures/um/monthly/klines/ctkusdt/1m/CTKUSDT-1m-2021-04.csv
futures/um/monthly/klines/ctkusdt/1m/CTKUSDT-1m-2021-05.csv
futures/um/monthly/klines/ctkusdt/1m/CTKUSDT-1m-2021-06.csv
futures/um/monthly/klines/ctkusdt/1m/CTKUSDT-1m-2021-07.csv
futures/um/monthly/klines/ctkusdt/1m/CTKUSDT-1m-2021-08.csv
futures/um/monthly/klines/ctkusdt/1m/CTKUSDT-1m-2021-09.csv
futures/um/monthly/klines/ctkusdt/1m/CTKUSDT-1m-2021-10.csv
futures/um/monthly/klines/ctkusdt/1m/CTKUSDT-1m-2021-11.csv
futures/um/monthly/klines/ctkusdt/1m/CTKUSDT-1m-2021-12.csv
futures/um/monthly/klines/ctkusdt/1m/CTKUSDT-1m-2022-01.csv
futures/um/monthly/klines/ctkusdt/1m/CTKUSDT-1m-2022-02.csv
futures/um/monthly/klines/ctkusdt/1m/CTKUSDT-1m-2022-03.csv
futures/um/monthly/klines/ctkusdt/1m/CTKUSDT-1m-2022-04.csv
futures/um/monthly/klines/ctkusdt/1m/CTKUSDT-1m-2022-05.csv
futures/um/monthly/klines/ctkusdt/1m/CTKUSDT-1m-2022-06.csv
futures/um/monthly/klines/ctkusdt/1m/CTKUSDT-1m-2022-07.csv
futures/um/monthly/klines/ctkusdt/1m/CTKUSDT-1m-2022-08.csv
futures/um/monthly/klines/ctkusdt/1m/CTKUSDT-1m-2022-09.csv
futures/um/monthly/klines/ctkusdt/1m/CTKUSDT-1m-2022-10.csv
futures/um/monthly/klines/ctkusdt/1m/CTKUSDT-1m-2022-11.csv
futures/um/monthly/klines/ctkusdt/1m/CTKUSDT-1m-2022-12.csv
futures/um/monthly/klines/ctkusdt/1m/CTKUSDT-1m-2023-01.csv
futures/um/monthly/klines/ctkusdt/1m/CTKUSDT-1m-2023-02.csv
futures/um/monthly/klines/ctkusdt/1m/CTKUSDT-1m-2023-03.csv
futures/um/monthly/klines/ctkusdt/1m/CTKUSDT-1m-2023-04.csv
futures/um/monthly/klines/ctkusdt/1m/CTKUSDT-1m-2023-05.csv
futures/um/monthly/klines/ctkusdt/1m/CTKUSDT-1m-2023-06.csv
futures/um/monthly/klines/ctkusdt/1m/CTKUSDT-1m-2023-07.csv
futures/um/monthly/klines/ctkusdt/1m/CTKUSDT-1m-2023-08.csv
futures/um/monthly/klines/ctkusdt/1m/CTKUSDT-1m-2023-09.csv
futures/um/monthly/klines/ctkusdt/1m/CTKUSDT-1m-2023-10.csv
futures/um/monthly/klines/ctkusdt/1m/CTKUSDT-1m-2023-11.csv
futures/um/monthly/klines/ctkusdt/1m/CTKUSDT-1m-2023-12.csv
futures/um/monthly/klines/ctkusdt/1m/CTKUSDT-1m-2024-01.csv
futures/um/monthly/klines/ctkusdt/1m/CTKUSDT-1m-2024-02.csv
futures/um/monthly/klines/ctkusdt/1m/CTKUSDT-1m-2024-03.csv
futures/um/monthly/klines/ctkusdt/1m/CTKUSDT-1m-2024-04.csv
futures/um/monthly/klines/ctkusdt/1m/CTKUSDT-1m-2024-05.csv
futures/um/monthly/klines/ctkusdt/1m/CTKUSDT-1m-2024-06.csv
futures/um/monthly/klines/ctkusdt/1m/CTKUSDT-1m-2024-07.csv
futures/um/monthly/klines/ctkusdt/1m/CTKUSDT-1m-2024-08.csv
futures/um/monthly/klines/ctkusdt/1m/CTKUSDT-1m-2024-09.csv
futures/um/monthly/klines/ctkusdt/1m/CTKUSDT-1m-2024-10.csv
futures/um/monthly/klines/ctkusdt/1m/CTKUSDT-1m-2024-11.csv
futures/um/monthly/klines/ctkusdt/1m/CTKUSDT-1m-2024-12.csv
futures/um/monthly/klines/ctkusdt/1m/CTKUSDT-1m-2025-01.csv
futures/um/monthly/klines/ctkusdt/1m/CTKUSDT-1m-2025-02.csv
futures/um/monthly/klines/ctkusdt/1m/CTKUSDT-1m-2025-03.csv
futures/um/monthly/klines/ctkusdt/1m/CTKUSDT-1m-2025-04.csv
futures/um/monthly/klines/ctkusdt/1m/CTKUSDT-1m-2025-05.csv
futures/um/monthly/klines/ctkusdt/1m/CTKUSDT-1m-2025-06.csv
futures/um/monthly/klines/ctkusdt/1m/CTKUSDT-1m-2025-07.csv
futures/um/monthly/klines/ctkusdt/1m/CTKUSDT-1m-2025-08.csv
futures/um/monthly/klines/ctkusdt/1m/CTKUSDT-1m-2025-09.csv
futures/um/monthly/klines/ctkusdt/1m/CTKUSDT-1m-2025-10.csv
futures/um/monthly/klines/ctkusdt/1m/CTKUSDT-1m-2025-11.csv
futures/um/monthly/klines/ctkusdt/1m/CTKUSDT-1m-2025-12.csv
futures/um/monthly/klines/ctkusdt/1m/CTKUSDT-1m-2026-01.csv
futures/um/monthly/klines/ctkusdt/1m/CTKUSDT-1m-2026-02.csv
futures/um/monthly/klines/ctkusdt/1m/CTKUSDT-1m-2026-03.csv
futures/um/monthly/klines/ctkusdt/1m/CTKUSDT-1m-2026-04.csv
futures/um/monthly/klines/ctkusdt/1m/CTKUSDT-1m-2026-05.csv
futures/um/monthly/klines/ctkusdt/1m/CTKUSDT-1m-2026-06.csv
futures/um/monthly/klines/ctkusdt/1m/CTKUSDT-1m-2026-07.csv
futures/um/monthly/klines/ctkusdt/1m/CTKUSDT-1m-2026-08.csv
futures/um/monthly/klines/ctrusdt/1m/CTRUSDT-1m-2026-05.csv
futures/um/monthly/klines/ctrusdt/1m/CTRUSDT-1m-2026-06.csv
futures/um/monthly/klines/ctrusdt/1m/CTRUSDT-1m-2026-07.csv
futures/um/monthly/klines/ctrusdt/1m/CTRUSDT-1m-2026-08.csv
futures/um/monthly/klines/ctsiusdt/1m/CTSIUSDT-1m-2021-10.csv
futures/um/monthly/klines/ctsiusdt/1m/CTSIUSDT-1m-2021-11.csv
futures/um/monthly/klines/ctsiusdt/1m/CTSIUSDT-1m-2021-12.csv
futures/um/monthly/klines/ctsiusdt/1m/CTSIUSDT-1m-2022-01.csv
futures/um/monthly/klines/ctsiusdt/1m/CTSIUSDT-1m-2022-02.csv
futures/um/monthly/klines/ctsiusdt/1m/CTSIUSDT-1m-2022-03.csv
futures/um/monthly/klines/ctsiusdt/1m/CTSIUSDT-1m-2022-04.csv
futures/um/monthly/klines/ctsiusdt/1m/CTSIUSDT-1m-2022-05.csv
futures/um/monthly/klines/ctsiusdt/1m/CTSIUSDT-1m-2022-06.csv
futures/um/monthly/klines/ctsiusdt/1m/CTSIUSDT-1m-2022-07.csv
futures/um/monthly/klines/ctsiusdt/1m/CTSIUSDT-1m-2022-08.csv
futures/um/monthly/klines/ctsiusdt/1m/CTSIUSDT-1m-2022-09.csv
futures/um/monthly/klines/ctsiusdt/1m/CTSIUSDT-1m-2022-10.csv
futures/um/monthly/klines/ctsiusdt/1m/CTSIUSDT-1m-2022-11.csv
futures/um/monthly/klines/ctsiusdt/1m/CTSIUSDT-1m-2022-12.csv
futures/um/monthly/klines/ctsiusdt/1m/CTSIUSDT-1m-2023-01.csv
futures/um/monthly/klines/ctsiusdt/1m/CTSIUSDT-1m-2023-02.csv
futures/um/monthly/klines/ctsiusdt/1m/CTSIUSDT-1m-2023-03.csv
futures/um/monthly/klines/ctsiusdt/1m/CTSIUSDT-1m-2023-04.csv
futures/um/monthly/klines/ctsiusdt/1m/CTSIUSDT-1m-2023-05.csv
futures/um/monthly/klines/ctsiusdt/1m/CTSIUSDT-1m-2023-06.csv
futures/um/monthly/klines/ctsiusdt/1m/CTSIUSDT-1m-2023-07.csv
futures/um/monthly/klines/ctsiusdt/1m/CTSIUSDT-1m-2023-08.csv
futures/um/monthly/klines/ctsiusdt/1m/CTSIUSDT-1m-2023-09.csv
futures/um/monthly/klines/ctsiusdt/1m/CTSIUSDT-1m-2023-10.csv
futures/um/monthly/klines/ctsiusdt/1m/CTSIUSDT-1m-2023-11.csv
futures/um/monthly/klines/ctsiusdt/1m/CTSIUSDT-1m-2023-12.csv
futures/um/monthly/klines/ctsiusdt/1m/CTSIUSDT-1m-2024-01.csv
futures/um/monthly/klines/ctsiusdt/1m/CTSIUSDT-1m-2024-02.csv
futures/um/monthly/klines/ctsiusdt/1m/CTSIUSDT-1m-2024-03.csv
futures/um/monthly/klines/ctsiusdt/1m/CTSIUSDT-1m-2024-04.csv
futures/um/monthly/klines/ctsiusdt/1m/CTSIUSDT-1m-2024-05.csv
futures/um/monthly/klines/ctsiusdt/1m/CTSIUSDT-1m-2024-06.csv
futures/um/monthly/klines/ctsiusdt/1m/CTSIUSDT-1m-2024-07.csv
futures/um/monthly/klines/ctsiusdt/1m/CTSIUSDT-1m-2024-08.csv
futures/um/monthly/klines/ctsiusdt/1m/CTSIUSDT-1m-2024-09.csv
futures/um/monthly/klines/ctsiusdt/1m/CTSIUSDT-1m-2024-10.csv
futures/um/monthly/klines/ctsiusdt/1m/CTSIUSDT-1m-2024-11.csv
futures/um/monthly/klines/ctsiusdt/1m/CTSIUSDT-1m-2024-12.csv
futures/um/monthly/klines/ctsiusdt/1m/CTSIUSDT-1m-2025-01.csv
futures/um/monthly/klines/ctsiusdt/1m/CTSIUSDT-1m-2025-02.csv
futures/um/monthly/klines/ctsiusdt/1m/CTSIUSDT-1m-2025-03.csv
futures/um/monthly/klines/ctsiusdt/1m/CTSIUSDT-1m-2025-04.csv
futures/um/monthly/klines/ctsiusdt/1m/CTSIUSDT-1m-2025-05.csv
futures/um/monthly/klines/ctsiusdt/1m/CTSIUSDT-1m-2025-06.csv
futures/um/monthly/klines/ctsiusdt/1m/CTSIUSDT-1m-2025-07.csv
futures/um/monthly/klines/ctsiusdt/1m/CTSIUSDT-1m-2025-08.csv
futures/um/monthly/klines/ctsiusdt/1m/CTSIUSDT-1m-2025-09.csv
futures/um/monthly/klines/ctsiusdt/1m/CTSIUSDT-1m-2025-10.csv
futures/um/monthly/klines/ctsiusdt/1m/CTSIUSDT-1m-2025-11.csv
futures/um/monthly/klines/ctsiusdt/1m/CTSIUSDT-1m-2025-12.csv
futures/um/monthly/klines/ctsiusdt/1m/CTSIUSDT-1m-2026-01.csv
futures/um/monthly/klines/ctsiusdt/1m/CTSIUSDT-1m-2026-02.csv
futures/um/monthly/klines/ctsiusdt/1m/CTSIUSDT-1m-2026-03.csv
futures/um/monthly/klines/ctsiusdt/1m/CTSIUSDT-1m-2026-04.csv
futures/um/monthly/klines/ctsiusdt/1m/CTSIUSDT-1m-2026-05.csv
futures/um/monthly/klines/ctsiusdt/1m/CTSIUSDT-1m-2026-06.csv
futures/um/monthly/klines/ctsiusdt/1m/CTSIUSDT-1m-2026-07.csv
futures/um/monthly/klines/ctsiusdt/1m/CTSIUSDT-1m-2026-08.csv
futures/um/monthly/klines/cusdt/1m/CUSDT-1m-2025-07.csv
futures/um/monthly/klines/cusdt/1m/CUSDT-1m-2025-08.csv
futures/um/monthly/klines/cusdt/1m/CUSDT-1m-2025-09.csv
futures/um/monthly/klines/cusdt/1m/CUSDT-1m-2025-10.csv
futures/um/monthly/klines/cusdt/1m/CUSDT-1m-2025-11.csv
futures/um/monthly/klines/cusdt/1m/CUSDT-1m-2025-12.csv
futures/um/monthly/klines/cusdt/1m/CUSDT-1m-2026-01.csv
futures/um/monthly/klines/cusdt/1m/CUSDT-1m-2026-02.csv
futures/um/monthly/klines/cusdt/1m/CUSDT-1m-2026-03.csv
futures/um/monthly/klines/cusdt/1m/CUSDT-1m-2026-04.csv
futures/um/monthly/klines/cusdt/1m/CUSDT-1m-2026-05.csv
futures/um/monthly/klines/cusdt/1m/CUSDT-1m-2026-06.csv
futures/um/monthly/klines/cusdt/1m/CUSDT-1m-2026-07.csv
futures/um/monthly/klines/cusdt/1m/CUSDT-1m-2026-08.csv
futures/um/monthly/klines/cvcusdt/1m/CVCUSDT-1m-2020-11.csv
futures/um/monthly/klines/cvcusdt/1m/CVCUSDT-1m-2020-12.csv
futures/um/monthly/klines/cvcusdt/1m/CVCUSDT-1m-2021-01.csv
futures/um/monthly/klines/cvcusdt/1m/CVCUSDT-1m-2021-02.csv
futures/um/monthly/klines/cvcusdt/1m/CVCUSDT-1m-2021-03.csv
futures/um/monthly/klines/cvcusdt/1m/CVCUSDT-1m-2021-04.csv
futures/um/monthly/klines/cvcusdt/1m/CVCUSDT-1m-2021-05.csv
futures/um/monthly/klines/cvcusdt/1m/CVCUSDT-1m-2021-06.csv
futures/um/monthly/klines/cvcusdt/1m/CVCUSDT-1m-2021-07.csv
futures/um/monthly/klines/cvcusdt/1m/CVCUSDT-1m-2021-08.csv
futures/um/monthly/klines/cvcusdt/1m/CVCUSDT-1m-2021-09.csv
futures/um/monthly/klines/cvcusdt/1m/CVCUSDT-1m-2021-10.csv
futures/um/monthly/klines/cvcusdt/1m/CVCUSDT-1m-2021-11.csv
futures/um/monthly/klines/cvcusdt/1m/CVCUSDT-1m-2021-12.csv
futures/um/monthly/klines/cvcusdt/1m/CVCUSDT-1m-2022-01.csv
futures/um/monthly/klines/cvcusdt/1m/CVCUSDT-1m-2022-02.csv
futures/um/monthly/klines/cvcusdt/1m/CVCUSDT-1m-2022-03.csv
futures/um/monthly/klines/cvcusdt/1m/CVCUSDT-1m-2022-04.csv
futures/um/monthly/klines/cvcusdt/1m/CVCUSDT-1m-2022-05.csv
futures/um/monthly/klines/cvcusdt/1m/CVCUSDT-1m-2022-06.csv
futures/um/monthly/klines/cvcusdt/1m/CVCUSDT-1m-2022-07.csv
futures/um/monthly/klines/cvcusdt/1m/CVCUSDT-1m-2022-08.csv
futures/um/monthly/klines/cvcusdt/1m/CVCUSDT-1m-2022-09.csv
futures/um/monthly/klines/cvcusdt/1m/CVCUSDT-1m-2022-10.csv
futures/um/monthly/klines/cvcusdt/1m/CVCUSDT-1m-2022-11.csv
futures/um/monthly/klines/cvcusdt/1m/CVCUSDT-1m-2022-12.csv
futures/um/monthly/klines/cvcusdt/1m/CVCUSDT-1m-2023-01.csv
futures/um/monthly/klines/cvcusdt/1m/CVCUSDT-1m-2023-02.csv
futures/um/monthly/klines/cvcusdt/1m/CVCUSDT-1m-2023-03.csv
futures/um/monthly/klines/cvcusdt/1m/CVCUSDT-1m-2023-04.csv
futures/um/monthly/klines/cvcusdt/1m/CVCUSDT-1m-2023-05.csv
futures/um/monthly/klines/cvcusdt/1m/CVCUSDT-1m-2023-06.csv
futures/um/monthly/klines/cvcusdt/1m/CVCUSDT-1m-2023-07.csv
futures/um/monthly/klines/cvcusdt/1m/CVCUSDT-1m-2023-08.csv
futures/um/monthly/klines/cvcusdt/1m/CVCUSDT-1m-2023-09.csv
futures/um/monthly/klines/cvcusdt/1m/CVCUSDT-1m-2023-10.csv
futures/um/monthly/klines/cvcusdt/1m/CVCUSDT-1m-2023-11.csv
futures/um/monthly/klines/cvcusdt/1m/CVCUSDT-1m-2023-12.csv
futures/um/monthly/klines/cvcusdt/1m/CVCUSDT-1m-2024-01.csv
futures/um/monthly/klines/cvcusdt/1m/CVCUSDT-1m-2024-02.csv
futures/um/monthly/klines/cvcusdt/1m/CVCUSDT-1m-2024-03.csv
futures/um/monthly/klines/cvcusdt/1m/CVCUSDT-1m-2024-04.csv
futures/um/monthly/klines/cvcusdt/1m/CVCUSDT-1m-2024-05.csv
futures/um/monthly/klines/cvcusdt/1m/CVCUSDT-1m-2024-06.csv
futures/um/monthly/klines/cvcusdt/1m/CVCUSDT-1m-2024-07.csv
futures/um/monthly/klines/cvcusdt/1m/CVCUSDT-1m-2024-08.csv
futures/um/monthly/klines/cvcusdt/1m/CVCUSDT-1m-2024-09.csv
futures/um/monthly/klines/cvcusdt/1m/CVCUSDT-1m-2024-10.csv
futures/um/monthly/klines/cvcusdt/1m/CVCUSDT-1m-2024-11.csv
futures/um/monthly/klines/cvcusdt/1m/CVCUSDT-1m-2024-12.csv
futures/um/monthly/klines/cvcusdt/1m/CVCUSDT-1m-2025-01.csv
futures/um/monthly/klines/cvcusdt/1m/CVCUSDT-1m-2025-02.csv
futures/um/monthly/klines/cvcusdt/1m/CVCUSDT-1m-2025-03.csv
futures/um/monthly/klines/cvcusdt/1m/CVCUSDT-1m-2025-04.csv
futures/um/monthly/klines/cvcusdt/1m/CVCUSDT-1m-2025-05.csv
futures/um/monthly/klines/cvcusdt/1m/CVCUSDT-1m-2025-06.csv
futures/um/monthly/klines/cvcusdt/1m/CVCUSDT-1m-2025-07.csv
futures/um/monthly/klines/cvcusdt/1m/CVCUSDT-1m-2025-08.csv
futures/um/monthly/klines/cvcusdt/1m/CVCUSDT-1m-2025-09.csv
futures/um/monthly/klines/cvcusdt/1m/CVCUSDT-1m-2025-10.csv
futures/um/monthly/klines/cvcusdt/1m/CVCUSDT-1m-2025-11.csv
futures/um/monthly/klines/cvcusdt/1m/CVCUSDT-1m-2025-12.csv
futures/um/monthly/klines/cvcusdt/1m/CVCUSDT-1m-2026-01.csv
futures/um/monthly/klines/cvcusdt/1m/CVCUSDT-1m-2026-02.csv
futures/um/monthly/klines/cvcusdt/1m/CVCUSDT-1m-2026-03.csv
futures/um/monthly/klines/cvcusdt/1m/CVCUSDT-1m-2026-04.csv
futures/um/monthly/klines/cvcusdt/1m/CVCUSDT-1m-2026-05.csv
futures/um/monthly/klines/cvcusdt/1m/CVCUSDT-1m-2026-06.csv
futures/um/monthly/klines/cvcusdt/1m/CVCUSDT-1m-2026-07.csv
futures/um/monthly/klines/cvcusdt/1m/CVCUSDT-1m-2026-08.csv
futures/um/monthly/klines/cvxusdt/1m/CVXUSDT-1m-2022-09.csv
futures/um/monthly/klines/cvxusdt/1m/CVXUSDT-1m-2022-10.csv
futures/um/monthly/klines/cvxusdt/1m/CVXUSDT-1m-2022-11.csv
futures/um/monthly/klines/cvxusdt/1m/CVXUSDT-1m-2022-12.csv
futures/um/monthly/klines/cvxusdt/1m/CVXUSDT-1m-2023-01.csv
futures/um/monthly/klines/cvxusdt/1m/CVXUSDT-1m-2023-02.csv
futures/um/monthly/klines/cvxusdt/1m/CVXUSDT-1m-2023-03.csv
futures/um/monthly/klines/cvxusdt/1m/CVXUSDT-1m-2023-04.csv
futures/um/monthly/klines/cvxusdt/1m/CVXUSDT-1m-2023-05.csv
futures/um/monthly/klines/cvxusdt/1m/CVXUSDT-1m-2023-06.csv
futures/um/monthly/klines/cvxusdt/1m/CVXUSDT-1m-2023-07.csv
futures/um/monthly/klines/cvxusdt/1m/CVXUSDT-1m-2023-08.csv
futures/um/monthly/klines/cvxusdt/1m/CVXUSDT-1m-2023-09.csv
futures/um/monthly/klines/cvxusdt/1m/CVXUSDT-1m-2023-10.csv
futures/um/monthly/klines/cvxusdt/1m/CVXUSDT-1m-2023-11.csv
futures/um/monthly/klines/cvxusdt/1m/CVXUSDT-1m-2023-12.csv
futures/um/monthly/klines/cvxusdt/1m/CVXUSDT-1m-2024-01.csv
futures/um/monthly/klines/cvxusdt/1m/CVXUSDT-1m-2024-02.csv
futures/um/monthly/klines/cvxusdt/1m/CVXUSDT-1m-2024-03.csv
futures/um/monthly/klines/cvxusdt/1m/CVXUSDT-1m-2024-04.csv
futures/um/monthly/klines/cvxusdt/1m/CVXUSDT-1m-2024-05.csv
futures/um/monthly/klines/cvxusdt/1m/CVXUSDT-1m-2024-06.csv
futures/um/monthly/klines/cvxusdt/1m/CVXUSDT-1m-2024-07.csv
futures/um/monthly/klines/cvxusdt/1m/CVXUSDT-1m-2024-08.csv
futures/um/monthly/klines/cvxusdt/1m/CVXUSDT-1m-2024-09.csv
futures/um/monthly/klines/cvxusdt/1m/CVXUSDT-1m-2024-10.csv
futures/um/monthly/klines/cvxusdt/1m/CVXUSDT-1m-2024-11.csv
futures/um/monthly/klines/cvxusdt/1m/CVXUSDT-1m-2024-12.csv
futures/um/monthly/klines/cvxusdt/1m/CVXUSDT-1m-2025-01.csv
futures/um/monthly/klines/cvxusdt/1m/CVXUSDT-1m-2025-02.csv
futures/um/monthly/klines/cvxusdt/1m/CVXUSDT-1m-2025-03.csv
futures/um/monthly/klines/cvxusdt/1m/CVXUSDT-1m-2025-04.csv
futures/um/monthly/klines/cvxusdt/1m/CVXUSDT-1m-2025-05.csv
futures/um/monthly/klines/cvxusdt/1m/CVXUSDT-1m-2025-06.csv
futures/um/monthly/klines/cvxusdt/1m/CVXUSDT-1m-2025-07.csv
futures/um/monthly/klines/cvxusdt/1m/CVXUSDT-1m-2025-08.csv
futures/um/monthly/klines/cvxusdt/1m/CVXUSDT-1m-2025-09.csv
futures/um/monthly/klines/cvxusdt/1m/CVXUSDT-1m-2025-10.csv
futures/um/monthly/klines/cvxusdt/1m/CVXUSDT-1m-2025-11.csv
futures/um/monthly/klines/cvxusdt/1m/CVXUSDT-1m-2025-12.csv
futures/um/monthly/klines/cvxusdt/1m/CVXUSDT-1m-2026-01.csv
futures/um/monthly/klines/cvxusdt/1m/CVXUSDT-1m-2026-02.csv
futures/um/monthly/klines/cvxusdt/1m/CVXUSDT-1m-2026-03.csv
futures/um/monthly/klines/cvxusdt/1m/CVXUSDT-1m-2026-04.csv
futures/um/monthly/klines/cvxusdt/1m/CVXUSDT-1m-2026-05.csv
futures/um/monthly/klines/cvxusdt/1m/CVXUSDT-1m-2026-06.csv
futures/um/monthly/klines/cvxusdt/1m/CVXUSDT-1m-2026-07.csv
futures/um/monthly/klines/cvxusdt/1m/CVXUSDT-1m-2026-08.csv
futures/um/monthly/klines/cyberusdt/1m/CYBERUSDT-1m-2023-08.csv
futures/um/monthly/klines/cyberusdt/1m/CYBERUSDT-1m-2023-09.csv
futures/um/monthly/klines/cyberusdt/1m/CYBERUSDT-1m-2023-10.csv
futures/um/monthly/klines/cyberusdt/1m/CYBERUSDT-1m-2023-11.csv
futures/um/monthly/klines/cyberusdt/1m/CYBERUSDT-1m-2023-12.csv
futures/um/monthly/klines/cyberusdt/1m/CYBERUSDT-1m-2024-01.csv
futures/um/monthly/klines/cyberusdt/1m/CYBERUSDT-1m-2024-02.csv
futures/um/monthly/klines/cyberusdt/1m/CYBERUSDT-1m-2024-03.csv
futures/um/monthly/klines/cyberusdt/1m/CYBERUSDT-1m-2024-04.csv
futures/um/monthly/klines/cyberusdt/1m/CYBERUSDT-1m-2024-05.csv
futures/um/monthly/klines/cyberusdt/1m/CYBERUSDT-1m-2024-06.csv
futures/um/monthly/klines/cyberusdt/1m/CYBERUSDT-1m-2024-07.csv
futures/um/monthly/klines/cyberusdt/1m/CYBERUSDT-1m-2024-08.csv
futures/um/monthly/klines/cyberusdt/1m/CYBERUSDT-1m-2024-09.csv
futures/um/monthly/klines/cyberusdt/1m/CYBERUSDT-1m-2024-10.csv
futures/um/monthly/klines/cyberusdt/1m/CYBERUSDT-1m-2024-11.csv
futures/um/monthly/klines/cyberusdt/1m/CYBERUSDT-1m-2024-12.csv
futures/um/monthly/klines/cyberusdt/1m/CYBERUSDT-1m-2025-01.csv
futures/um/monthly/klines/cyberusdt/1m/CYBERUSDT-1m-2025-02.csv
futures/um/monthly/klines/cyberusdt/1m/CYBERUSDT-1m-2025-03.csv
futures/um/monthly/klines/cyberusdt/1m/CYBERUSDT-1m-2025-04.csv
futures/um/monthly/klines/cyberusdt/1m/CYBERUSDT-1m-2025-05.csv
futures/um/monthly/klines/cyberusdt/1m/CYBERUSDT-1m-2025-06.csv
futures/um/monthly/klines/cyberusdt/1m/CYBERUSDT-1m-2025-07.csv
futures/um/monthly/klines/cyberusdt/1m/CYBERUSDT-1m-2025-08.csv
futures/um/monthly/klines/cyberusdt/1m/CYBERUSDT-1m-2025-09.csv
futures/um/monthly/klines/cyberusdt/1m/CYBERUSDT-1m-2025-10.csv
futures/um/monthly/klines/cyberusdt/1m/CYBERUSDT-1m-2025-11.csv
futures/um/monthly/klines/cyberusdt/1m/CYBERUSDT-1m-2025-12.csv
futures/um/monthly/klines/cyberusdt/1m/CYBERUSDT-1m-2026-01.csv
futures/um/monthly/klines/cyberusdt/1m/CYBERUSDT-1m-2026-02.csv
futures/um/monthly/klines/cyberusdt/1m/CYBERUSDT-1m-2026-03.csv
futures/um/monthly/klines/cyberusdt/1m/CYBERUSDT-1m-2026-04.csv
futures/um/monthly/klines/cyberusdt/1m/CYBERUSDT-1m-2026-05.csv
futures/um/monthly/klines/cyberusdt/1m/CYBERUSDT-1m-2026-06.csv
futures/um/monthly/klines/cyberusdt/1m/CYBERUSDT-1m-2026-07.csv
futures/um/monthly/klines/cyberusdt/1m/CYBERUSDT-1m-2026-08.csv
futures/um/monthly/klines/cysusdt/1m/CYSUSDT-1m-2025-12.csv
futures/um/monthly/klines/cysusdt/1m/CYSUSDT-1m-2026-01.csv
futures/um/monthly/klines/cysusdt/1m/CYSUSDT-1m-2026-02.csv
futures/um/monthly/klines/cysusdt/1m/CYSUSDT-1m-2026-03.csv
futures/um/monthly/klines/cysusdt/1m/CYSUSDT-1m-2026-04.csv
futures/um/monthly/klines/cysusdt/1m/CYSUSDT-1m-2026-05.csv
futures/um/monthly/klines/cysusdt/1m/CYSUSDT-1m-2026-06.csv
futures/um/monthly/klines/cysusdt/1m/CYSUSDT-1m-2026-07.csv
futures/um/monthly/klines/cysusdt/1m/CYSUSDT-1m-2026-08.csv
futures/um/monthly/klines/dashusdt/1m/DASHUSDT-1m-2020-02.csv
futures/um/monthly/klines/dashusdt/1m/DASHUSDT-1m-2020-03.csv
futures/um/monthly/klines/dashusdt/1m/DASHUSDT-1m-2020-04.csv
futures/um/monthly/klines/dashusdt/1m/DASHUSDT-1m-2020-05.csv
futures/um/monthly/klines/dashusdt/1m/DASHUSDT-1m-2020-06.csv
futures/um/monthly/klines/dashusdt/1m/DASHUSDT-1m-2020-07.csv
futures/um/monthly/klines/dashusdt/1m/DASHUSDT-1m-2020-08.csv
futures/um/monthly/klines/dashusdt/1m/DASHUSDT-1m-2020-09.csv
futures/um/monthly/klines/dashusdt/1m/DASHUSDT-1m-2020-10.csv
futures/um/monthly/klines/dashusdt/1m/DASHUSDT-1m-2020-11.csv
futures/um/monthly/klines/dashusdt/1m/DASHUSDT-1m-2020-12.csv
futures/um/monthly/klines/dashusdt/1m/DASHUSDT-1m-2021-01.csv
futures/um/monthly/klines/dashusdt/1m/DASHUSDT-1m-2021-02.csv
futures/um/monthly/klines/dashusdt/1m/DASHUSDT-1m-2021-03.csv
futures/um/monthly/klines/dashusdt/1m/DASHUSDT-1m-2021-04.csv
futures/um/monthly/klines/dashusdt/1m/DASHUSDT-1m-2021-05.csv
futures/um/monthly/klines/dashusdt/1m/DASHUSDT-1m-2021-06.csv
futures/um/monthly/klines/dashusdt/1m/DASHUSDT-1m-2021-07.csv
futures/um/monthly/klines/dashusdt/1m/DASHUSDT-1m-2021-08.csv
futures/um/monthly/klines/dashusdt/1m/DASHUSDT-1m-2021-09.csv
futures/um/monthly/klines/dashusdt/1m/DASHUSDT-1m-2021-10.csv
futures/um/monthly/klines/dashusdt/1m/DASHUSDT-1m-2021-11.csv
futures/um/monthly/klines/dashusdt/1m/DASHUSDT-1m-2021-12.csv
futures/um/monthly/klines/dashusdt/1m/DASHUSDT-1m-2022-01.csv
futures/um/monthly/klines/dashusdt/1m/DASHUSDT-1m-2022-02.csv
futures/um/monthly/klines/dashusdt/1m/DASHUSDT-1m-2022-03.csv
futures/um/monthly/klines/dashusdt/1m/DASHUSDT-1m-2022-04.csv
futures/um/monthly/klines/dashusdt/1m/DASHUSDT-1m-2022-05.csv
futures/um/monthly/klines/dashusdt/1m/DASHUSDT-1m-2022-06.csv
futures/um/monthly/klines/dashusdt/1m/DASHUSDT-1m-2022-07.csv
futures/um/monthly/klines/dashusdt/1m/DASHUSDT-1m-2022-08.csv
futures/um/monthly/klines/dashusdt/1m/DASHUSDT-1m-2022-09.csv
futures/um/monthly/klines/dashusdt/1m/DASHUSDT-1m-2022-10.csv
futures/um/monthly/klines/dashusdt/1m/DASHUSDT-1m-2022-11.csv
futures/um/monthly/klines/dashusdt/1m/DASHUSDT-1m-2022-12.csv
futures/um/monthly/klines/dashusdt/1m/DASHUSDT-1m-2023-01.csv
futures/um/monthly/klines/dashusdt/1m/DASHUSDT-1m-2023-02.csv
futures/um/monthly/klines/dashusdt/1m/DASHUSDT-1m-2023-03.csv
futures/um/monthly/klines/dashusdt/1m/DASHUSDT-1m-2023-04.csv
futures/um/monthly/klines/dashusdt/1m/DASHUSDT-1m-2023-05.csv
futures/um/monthly/klines/dashusdt/1m/DASHUSDT-1m-2023-06.csv
futures/um/monthly/klines/dashusdt/1m/DASHUSDT-1m-2023-07.csv
futures/um/monthly/klines/dashusdt/1m/DASHUSDT-1m-2023-08.csv
futures/um/monthly/klines/dashusdt/1m/DASHUSDT-1m-2023-09.csv
futures/um/monthly/klines/dashusdt/1m/DASHUSDT-1m-2023-10.csv
futures/um/monthly/klines/dashusdt/1m/DASHUSDT-1m-2023-11.csv
futures/um/monthly/klines/dashusdt/1m/DASHUSDT-1m-2023-12.csv
futures/um/monthly/klines/dashusdt/1m/DASHUSDT-1m-2024-01.csv
futures/um/monthly/klines/dashusdt/1m/DASHUSDT-1m-2024-02.csv
futures/um/monthly/klines/dashusdt/1m/DASHUSDT-1m-2024-03.csv
futures/um/monthly/klines/dashusdt/1m/DASHUSDT-1m-2024-04.csv
futures/um/monthly/klines/dashusdt/1m/DASHUSDT-1m-2024-05.csv
futures/um/monthly/klines/dashusdt/1m/DASHUSDT-1m-2024-06.csv
futures/um/monthly/klines/dashusdt/1m/DASHUSDT-1m-2024-07.csv
futures/um/monthly/klines/dashusdt/1m/DASHUSDT-1m-2024-08.csv
futures/um/monthly/klines/dashusdt/1m/DASHUSDT-1m-2024-09.csv
futures/um/monthly/klines/dashusdt/1m/DASHUSDT-1m-2024-10.csv
futures/um/monthly/klines/dashusdt/1m/DASHUSDT-1m-2024-11.csv
futures/um/monthly/klines/dashusdt/1m/DASHUSDT-1m-2024-12.csv
futures/um/monthly/klines/dashusdt/1m/DASHUSDT-1m-2025-01.csv
futures/um/monthly/klines/dashusdt/1m/DASHUSDT-1m-2025-02.csv
futures/um/monthly/klines/dashusdt/1m/DASHUSDT-1m-2025-03.csv
futures/um/monthly/klines/dashusdt/1m/DASHUSDT-1m-2025-04.csv
futures/um/monthly/klines/dashusdt/1m/DASHUSDT-1m-2025-05.csv
futures/um/monthly/klines/dashusdt/1m/DASHUSDT-1m-2025-06.csv
futures/um/monthly/klines/dashusdt/1m/DASHUSDT-1m-2025-07.csv
futures/um/monthly/klines/dashusdt/1m/DASHUSDT-1m-2025-08.csv
futures/um/monthly/klines/dashusdt/1m/DASHUSDT-1m-2025-09.csv
futures/um/monthly/klines/dashusdt/1m/DASHUSDT-1m-2025-10.csv
futures/um/monthly/klines/dashusdt/1m/DASHUSDT-1m-2025-11.csv
futures/um/monthly/klines/dashusdt/1m/DASHUSDT-1m-2025-12.csv
futures/um/monthly/klines/dashusdt/1m/DASHUSDT-1m-2026-01.csv
futures/um/monthly/klines/dashusdt/1m/DASHUSDT-1m-2026-02.csv
futures/um/monthly/klines/dashusdt/1m/DASHUSDT-1m-2026-03.csv
futures/um/monthly/klines/dashusdt/1m/DASHUSDT-1m-2026-04.csv
futures/um/monthly/klines/dashusdt/1m/DASHUSDT-1m-2026-05.csv
futures/um/monthly/klines/dashusdt/1m/DASHUSDT-1m-2026-06.csv
futures/um/monthly/klines/dashusdt/1m/DASHUSDT-1m-2026-07.csv
futures/um/monthly/klines/dashusdt/1m/DASHUSDT-1m-2026-08.csv
futures/um/monthly/klines/dataipusdt/1m/DATAIPUSDT-1m-2026-07.csv
futures/um/monthly/klines/dataipusdt/1m/DATAIPUSDT-1m-2026-08.csv
futures/um/monthly/klines/deepusdt/1m/DEEPUSDT-1m-2025-04.csv
futures/um/monthly/klines/deepusdt/1m/DEEPUSDT-1m-2025-05.csv
futures/um/monthly/klines/deepusdt/1m/DEEPUSDT-1m-2025-06.csv
futures/um/monthly/klines/deepusdt/1m/DEEPUSDT-1m-2025-07.csv
futures/um/monthly/klines/deepusdt/1m/DEEPUSDT-1m-2025-08.csv
futures/um/monthly/klines/deepusdt/1m/DEEPUSDT-1m-2025-09.csv
futures/um/monthly/klines/deepusdt/1m/DEEPUSDT-1m-2025-10.csv
futures/um/monthly/klines/deepusdt/1m/DEEPUSDT-1m-2025-11.csv
futures/um/monthly/klines/deepusdt/1m/DEEPUSDT-1m-2025-12.csv
futures/um/monthly/klines/deepusdt/1m/DEEPUSDT-1m-2026-01.csv
futures/um/monthly/klines/deepusdt/1m/DEEPUSDT-1m-2026-02.csv
futures/um/monthly/klines/deepusdt/1m/DEEPUSDT-1m-2026-03.csv
futures/um/monthly/klines/deepusdt/1m/DEEPUSDT-1m-2026-04.csv
futures/um/monthly/klines/deepusdt/1m/DEEPUSDT-1m-2026-05.csv
futures/um/monthly/klines/deepusdt/1m/DEEPUSDT-1m-2026-06.csv
futures/um/monthly/klines/deepusdt/1m/DEEPUSDT-1m-2026-07.csv
futures/um/monthly/klines/deepusdt/1m/DEEPUSDT-1m-2026-08.csv
futures/um/monthly/klines/dexeusdt/1m/DEXEUSDT-1m-2024-12.csv
futures/um/monthly/klines/dexeusdt/1m/DEXEUSDT-1m-2025-01.csv
futures/um/monthly/klines/dexeusdt/1m/DEXEUSDT-1m-2025-02.csv
futures/um/monthly/klines/dexeusdt/1m/DEXEUSDT-1m-2025-03.csv
futures/um/monthly/klines/dexeusdt/1m/DEXEUSDT-1m-2025-04.csv
futures/um/monthly/klines/dexeusdt/1m/DEXEUSDT-1m-2025-05.csv
futures/um/monthly/klines/dexeusdt/1m/DEXEUSDT-1m-2025-06.csv
futures/um/monthly/klines/dexeusdt/1m/DEXEUSDT-1m-2025-07.csv
futures/um/monthly/klines/dexeusdt/1m/DEXEUSDT-1m-2025-08.csv
futures/um/monthly/klines/dexeusdt/1m/DEXEUSDT-1m-2025-09.csv
futures/um/monthly/klines/dexeusdt/1m/DEXEUSDT-1m-2025-10.csv
futures/um/monthly/klines/dexeusdt/1m/DEXEUSDT-1m-2025-11.csv
futures/um/monthly/klines/dexeusdt/1m/DEXEUSDT-1m-2025-12.csv
futures/um/monthly/klines/dexeusdt/1m/DEXEUSDT-1m-2026-01.csv
futures/um/monthly/klines/dexeusdt/1m/DEXEUSDT-1m-2026-02.csv
futures/um/monthly/klines/dexeusdt/1m/DEXEUSDT-1m-2026-03.csv
futures/um/monthly/klines/dexeusdt/1m/DEXEUSDT-1m-2026-04.csv
futures/um/monthly/klines/dexeusdt/1m/DEXEUSDT-1m-2026-05.csv
futures/um/monthly/klines/dexeusdt/1m/DEXEUSDT-1m-2026-06.csv
futures/um/monthly/klines/dexeusdt/1m/DEXEUSDT-1m-2026-07.csv
futures/um/monthly/klines/dexeusdt/1m/DEXEUSDT-1m-2026-08.csv
futures/um/monthly/klines/diausdt/1m/DIAUSDT-1m-2024-10.csv
futures/um/monthly/klines/diausdt/1m/DIAUSDT-1m-2024-11.csv
futures/um/monthly/klines/diausdt/1m/DIAUSDT-1m-2024-12.csv
futures/um/monthly/klines/diausdt/1m/DIAUSDT-1m-2025-01.csv
futures/um/monthly/klines/diausdt/1m/DIAUSDT-1m-2025-02.csv
futures/um/monthly/klines/diausdt/1m/DIAUSDT-1m-2025-03.csv
futures/um/monthly/klines/diausdt/1m/DIAUSDT-1m-2025-04.csv
futures/um/monthly/klines/diausdt/1m/DIAUSDT-1m-2025-05.csv
futures/um/monthly/klines/diausdt/1m/DIAUSDT-1m-2025-06.csv
futures/um/monthly/klines/diausdt/1m/DIAUSDT-1m-2025-07.csv
futures/um/monthly/klines/diausdt/1m/DIAUSDT-1m-2025-08.csv
futures/um/monthly/klines/diausdt/1m/DIAUSDT-1m-2025-09.csv
futures/um/monthly/klines/diausdt/1m/DIAUSDT-1m-2025-10.csv
futures/um/monthly/klines/diausdt/1m/DIAUSDT-1m-2025-11.csv
futures/um/monthly/klines/diausdt/1m/DIAUSDT-1m-2025-12.csv
futures/um/monthly/klines/diausdt/1m/DIAUSDT-1m-2026-01.csv
futures/um/monthly/klines/diausdt/1m/DIAUSDT-1m-2026-02.csv
futures/um/monthly/klines/diausdt/1m/DIAUSDT-1m-2026-03.csv
futures/um/monthly/klines/diausdt/1m/DIAUSDT-1m-2026-04.csv
futures/um/monthly/klines/diausdt/1m/DIAUSDT-1m-2026-05.csv
futures/um/monthly/klines/diausdt/1m/DIAUSDT-1m-2026-06.csv
futures/um/monthly/klines/diausdt/1m/DIAUSDT-1m-2026-07.csv
futures/um/monthly/klines/diausdt/1m/DIAUSDT-1m-2026-08.csv
futures/um/monthly/klines/dodoxusdt/1m/DODOXUSDT-1m-2023-08.csv
futures/um/monthly/klines/dodoxusdt/1m/DODOXUSDT-1m-2023-09.csv
futures/um/monthly/klines/dodoxusdt/1m/DODOXUSDT-1m-2023-10.csv
futures/um/monthly/klines/dodoxusdt/1m/DODOXUSDT-1m-2023-11.csv
futures/um/monthly/klines/dodoxusdt/1m/DODOXUSDT-1m-2023-12.csv
futures/um/monthly/klines/dodoxusdt/1m/DODOXUSDT-1m-2024-01.csv
futures/um/monthly/klines/dodoxusdt/1m/DODOXUSDT-1m-2024-02.csv
futures/um/monthly/klines/dodoxusdt/1m/DODOXUSDT-1m-2024-03.csv
futures/um/monthly/klines/dodoxusdt/1m/DODOXUSDT-1m-2024-04.csv
futures/um/monthly/klines/dodoxusdt/1m/DODOXUSDT-1m-2024-05.csv
futures/um/monthly/klines/dodoxusdt/1m/DODOXUSDT-1m-2024-06.csv
futures/um/monthly/klines/dodoxusdt/1m/DODOXUSDT-1m-2024-07.csv
futures/um/monthly/klines/dodoxusdt/1m/DODOXUSDT-1m-2024-08.csv
futures/um/monthly/klines/dodoxusdt/1m/DODOXUSDT-1m-2024-09.csv
futures/um/monthly/klines/dodoxusdt/1m/DODOXUSDT-1m-2024-10.csv
futures/um/monthly/klines/dodoxusdt/1m/DODOXUSDT-1m-2024-11.csv
futures/um/monthly/klines/dodoxusdt/1m/DODOXUSDT-1m-2024-12.csv
futures/um/monthly/klines/dodoxusdt/1m/DODOXUSDT-1m-2025-01.csv
futures/um/monthly/klines/dodoxusdt/1m/DODOXUSDT-1m-2025-02.csv
futures/um/monthly/klines/dodoxusdt/1m/DODOXUSDT-1m-2025-03.csv
futures/um/monthly/klines/dodoxusdt/1m/DODOXUSDT-1m-2025-04.csv
futures/um/monthly/klines/dodoxusdt/1m/DODOXUSDT-1m-2025-05.csv
futures/um/monthly/klines/dodoxusdt/1m/DODOXUSDT-1m-2025-06.csv
futures/um/monthly/klines/dodoxusdt/1m/DODOXUSDT-1m-2025-07.csv
futures/um/monthly/klines/dodoxusdt/1m/DODOXUSDT-1m-2025-08.csv
futures/um/monthly/klines/dodoxusdt/1m/DODOXUSDT-1m-2025-09.csv
futures/um/monthly/klines/dodoxusdt/1m/DODOXUSDT-1m-2025-10.csv
futures/um/monthly/klines/dodoxusdt/1m/DODOXUSDT-1m-2025-11.csv
futures/um/monthly/klines/dodoxusdt/1m/DODOXUSDT-1m-2025-12.csv
futures/um/monthly/klines/dodoxusdt/1m/DODOXUSDT-1m-2026-01.csv
futures/um/monthly/klines/dodoxusdt/1m/DODOXUSDT-1m-2026-02.csv
futures/um/monthly/klines/dodoxusdt/1m/DODOXUSDT-1m-2026-03.csv
futures/um/monthly/klines/dodoxusdt/1m/DODOXUSDT-1m-2026-04.csv
futures/um/monthly/klines/dodoxusdt/1m/DODOXUSDT-1m-2026-05.csv
futures/um/monthly/klines/dodoxusdt/1m/DODOXUSDT-1m-2026-06.csv
futures/um/monthly/klines/dodoxusdt/1m/DODOXUSDT-1m-2026-07.csv
futures/um/monthly/klines/dodoxusdt/1m/DODOXUSDT-1m-2026-08.csv
futures/um/monthly/klines/dogeusdt/1m/DOGEUSDT-1m-2020-07.csv
futures/um/monthly/klines/dogeusdt/1m/DOGEUSDT-1m-2020-08.csv
futures/um/monthly/klines/dogeusdt/1m/DOGEUSDT-1m-2020-09.csv
futures/um/monthly/klines/dogeusdt/1m/DOGEUSDT-1m-2020-10.csv
futures/um/monthly/klines/dogeusdt/1m/DOGEUSDT-1m-2020-11.csv
futures/um/monthly/klines/dogeusdt/1m/DOGEUSDT-1m-2020-12.csv
futures/um/monthly/klines/dogeusdt/1m/DOGEUSDT-1m-2021-01.csv
futures/um/monthly/klines/dogeusdt/1m/DOGEUSDT-1m-2021-02.csv
futures/um/monthly/klines/dogeusdt/1m/DOGEUSDT-1m-2021-03.csv
futures/um/monthly/klines/dogeusdt/1m/DOGEUSDT-1m-2021-04.csv
futures/um/monthly/klines/dogeusdt/1m/DOGEUSDT-1m-2021-05.csv
futures/um/monthly/klines/dogeusdt/1m/DOGEUSDT-1m-2021-06.csv
futures/um/monthly/klines/dogeusdt/1m/DOGEUSDT-1m-2021-07.csv
futures/um/monthly/klines/dogeusdt/1m/DOGEUSDT-1m-2021-08.csv
futures/um/monthly/klines/dogeusdt/1m/DOGEUSDT-1m-2021-09.csv
futures/um/monthly/klines/dogeusdt/1m/DOGEUSDT-1m-2021-10.csv
futures/um/monthly/klines/dogeusdt/1m/DOGEUSDT-1m-2021-11.csv
futures/um/monthly/klines/dogeusdt/1m/DOGEUSDT-1m-2021-12.csv
futures/um/monthly/klines/dogeusdt/1m/DOGEUSDT-1m-2022-01.csv
futures/um/monthly/klines/dogeusdt/1m/DOGEUSDT-1m-2022-02.csv
futures/um/monthly/klines/dogeusdt/1m/DOGEUSDT-1m-2022-03.csv
futures/um/monthly/klines/dogeusdt/1m/DOGEUSDT-1m-2022-04.csv
futures/um/monthly/klines/dogeusdt/1m/DOGEUSDT-1m-2022-05.csv
futures/um/monthly/klines/dogeusdt/1m/DOGEUSDT-1m-2022-06.csv
futures/um/monthly/klines/dogeusdt/1m/DOGEUSDT-1m-2022-07.csv
futures/um/monthly/klines/dogeusdt/1m/DOGEUSDT-1m-2022-08.csv
futures/um/monthly/klines/dogeusdt/1m/DOGEUSDT-1m-2022-09.csv
futures/um/monthly/klines/dogeusdt/1m/DOGEUSDT-1m-2022-10.csv
futures/um/monthly/klines/dogeusdt/1m/DOGEUSDT-1m-2022-11.csv
futures/um/monthly/klines/dogeusdt/1m/DOGEUSDT-1m-2022-12.csv
futures/um/monthly/klines/dogeusdt/1m/DOGEUSDT-1m-2023-01.csv
futures/um/monthly/klines/dogeusdt/1m/DOGEUSDT-1m-2023-02.csv
futures/um/monthly/klines/dogeusdt/1m/DOGEUSDT-1m-2023-03.csv
futures/um/monthly/klines/dogeusdt/1m/DOGEUSDT-1m-2023-04.csv
futures/um/monthly/klines/dogeusdt/1m/DOGEUSDT-1m-2023-05.csv
futures/um/monthly/klines/dogeusdt/1m/DOGEUSDT-1m-2023-06.csv
futures/um/monthly/klines/dogeusdt/1m/DOGEUSDT-1m-2023-07.csv
futures/um/monthly/klines/dogeusdt/1m/DOGEUSDT-1m-2023-08.csv
futures/um/monthly/klines/dogeusdt/1m/DOGEUSDT-1m-2023-09.csv
futures/um/monthly/klines/dogeusdt/1m/DOGEUSDT-1m-2023-10.csv
futures/um/monthly/klines/dogeusdt/1m/DOGEUSDT-1m-2023-11.csv
futures/um/monthly/klines/dogeusdt/1m/DOGEUSDT-1m-2023-12.csv
futures/um/monthly/klines/dogeusdt/1m/DOGEUSDT-1m-2024-01.csv
futures/um/monthly/klines/dogeusdt/1m/DOGEUSDT-1m-2024-02.csv
futures/um/monthly/klines/dogeusdt/1m/DOGEUSDT-1m-2024-03.csv
futures/um/monthly/klines/dogeusdt/1m/DOGEUSDT-1m-2024-04.csv
futures/um/monthly/klines/dogeusdt/1m/DOGEUSDT-1m-2024-05.csv
futures/um/monthly/klines/dogeusdt/1m/DOGEUSDT-1m-2024-06.csv
futures/um/monthly/klines/dogeusdt/1m/DOGEUSDT-1m-2024-07.csv
futures/um/monthly/klines/dogeusdt/1m/DOGEUSDT-1m-2024-08.csv
futures/um/monthly/klines/dogeusdt/1m/DOGEUSDT-1m-2024-09.csv
futures/um/monthly/klines/dogeusdt/1m/DOGEUSDT-1m-2024-10.csv
futures/um/monthly/klines/dogeusdt/1m/DOGEUSDT-1m-2024-11.csv
futures/um/monthly/klines/dogeusdt/1m/DOGEUSDT-1m-2024-12.csv
futures/um/monthly/klines/dogeusdt/1m/DOGEUSDT-1m-2025-01.csv
futures/um/monthly/klines/dogeusdt/1m/DOGEUSDT-1m-2025-02.csv
futures/um/monthly/klines/dogeusdt/1m/DOGEUSDT-1m-2025-03.csv
futures/um/monthly/klines/dogeusdt/1m/DOGEUSDT-1m-2025-04.csv
futures/um/monthly/klines/dogeusdt/1m/DOGEUSDT-1m-2025-05.csv
futures/um/monthly/klines/dogeusdt/1m/DOGEUSDT-1m-2025-06.csv
futures/um/monthly/klines/dogeusdt/1m/DOGEUSDT-1m-2025-07.csv
futures/um/monthly/klines/dogeusdt/1m/DOGEUSDT-1m-2025-08.csv
futures/um/monthly/klines/dogeusdt/1m/DOGEUSDT-1m-2025-09.csv
futures/um/monthly/klines/dogeusdt/1m/DOGEUSDT-1m-2025-10.csv
futures/um/monthly/klines/dogeusdt/1m/DOGEUSDT-1m-2025-11.csv
futures/um/monthly/klines/dogeusdt/1m/DOGEUSDT-1m-2025-12.csv
futures/um/monthly/klines/dogeusdt/1m/DOGEUSDT-1m-2026-01.csv
futures/um/monthly/klines/dogeusdt/1m/DOGEUSDT-1m-2026-02.csv
futures/um/monthly/klines/dogeusdt/1m/DOGEUSDT-1m-2026-03.csv
futures/um/monthly/klines/dogeusdt/1m/DOGEUSDT-1m-2026-04.csv
futures/um/monthly/klines/dogeusdt/1m/DOGEUSDT-1m-2026-05.csv
futures/um/monthly/klines/dogeusdt/1m/DOGEUSDT-1m-2026-06.csv
futures/um/monthly/klines/dogeusdt/1m/DOGEUSDT-1m-2026-07.csv
futures/um/monthly/klines/dogeusdt/1m/DOGEUSDT-1m-2026-08.csv
futures/um/monthly/klines/dogsusdt/1m/DOGSUSDT-1m-2024-08.csv
futures/um/monthly/klines/dogsusdt/1m/DOGSUSDT-1m-2024-09.csv
futures/um/monthly/klines/dogsusdt/1m/DOGSUSDT-1m-2024-10.csv
futures/um/monthly/klines/dogsusdt/1m/DOGSUSDT-1m-2024-11.csv
futures/um/monthly/klines/dogsusdt/1m/DOGSUSDT-1m-2024-12.csv
futures/um/monthly/klines/dogsusdt/1m/DOGSUSDT-1m-2025-01.csv
futures/um/monthly/klines/dogsusdt/1m/DOGSUSDT-1m-2025-02.csv
futures/um/monthly/klines/dogsusdt/1m/DOGSUSDT-1m-2025-03.csv
futures/um/monthly/klines/dogsusdt/1m/DOGSUSDT-1m-2025-04.csv
futures/um/monthly/klines/dogsusdt/1m/DOGSUSDT-1m-2025-05.csv
futures/um/monthly/klines/dogsusdt/1m/DOGSUSDT-1m-2025-06.csv
futures/um/monthly/klines/dogsusdt/1m/DOGSUSDT-1m-2025-07.csv
futures/um/monthly/klines/dogsusdt/1m/DOGSUSDT-1m-2025-08.csv
futures/um/monthly/klines/dogsusdt/1m/DOGSUSDT-1m-2025-09.csv
futures/um/monthly/klines/dogsusdt/1m/DOGSUSDT-1m-2025-10.csv
futures/um/monthly/klines/dogsusdt/1m/DOGSUSDT-1m-2025-11.csv
futures/um/monthly/klines/dogsusdt/1m/DOGSUSDT-1m-2025-12.csv
futures/um/monthly/klines/dogsusdt/1m/DOGSUSDT-1m-2026-01.csv
futures/um/monthly/klines/dogsusdt/1m/DOGSUSDT-1m-2026-02.csv
futures/um/monthly/klines/dogsusdt/1m/DOGSUSDT-1m-2026-03.csv
futures/um/monthly/klines/dogsusdt/1m/DOGSUSDT-1m-2026-04.csv
futures/um/monthly/klines/dogsusdt/1m/DOGSUSDT-1m-2026-05.csv
futures/um/monthly/klines/dogsusdt/1m/DOGSUSDT-1m-2026-06.csv
futures/um/monthly/klines/dogsusdt/1m/DOGSUSDT-1m-2026-07.csv
futures/um/monthly/klines/dogsusdt/1m/DOGSUSDT-1m-2026-08.csv
futures/um/monthly/klines/dolousdt/1m/DOLOUSDT-1m-2025-05.csv
futures/um/monthly/klines/dolousdt/1m/DOLOUSDT-1m-2025-06.csv
futures/um/monthly/klines/dolousdt/1m/DOLOUSDT-1m-2025-07.csv
futures/um/monthly/klines/dolousdt/1m/DOLOUSDT-1m-2025-08.csv
futures/um/monthly/klines/dolousdt/1m/DOLOUSDT-1m-2025-09.csv
futures/um/monthly/klines/dolousdt/1m/DOLOUSDT-1m-2025-10.csv
futures/um/monthly/klines/dolousdt/1m/DOLOUSDT-1m-2025-11.csv
futures/um/monthly/klines/dolousdt/1m/DOLOUSDT-1m-2025-12.csv
futures/um/monthly/klines/dolousdt/1m/DOLOUSDT-1m-2026-01.csv
futures/um/monthly/klines/dolousdt/1m/DOLOUSDT-1m-2026-02.csv
futures/um/monthly/klines/dolousdt/1m/DOLOUSDT-1m-2026-03.csv
futures/um/monthly/klines/dolousdt/1m/DOLOUSDT-1m-2026-04.csv
futures/um/monthly/klines/dolousdt/1m/DOLOUSDT-1m-2026-05.csv
futures/um/monthly/klines/dolousdt/1m/DOLOUSDT-1m-2026-06.csv
futures/um/monthly/klines/dolousdt/1m/DOLOUSDT-1m-2026-07.csv
futures/um/monthly/klines/dolousdt/1m/DOLOUSDT-1m-2026-08.csv
futures/um/monthly/klines/doodusdt/1m/DOODUSDT-1m-2025-05.csv
futures/um/monthly/klines/doodusdt/1m/DOODUSDT-1m-2025-06.csv
futures/um/monthly/klines/doodusdt/1m/DOODUSDT-1m-2025-07.csv
futures/um/monthly/klines/doodusdt/1m/DOODUSDT-1m-2025-08.csv
futures/um/monthly/klines/doodusdt/1m/DOODUSDT-1m-2025-09.csv
futures/um/monthly/klines/doodusdt/1m/DOODUSDT-1m-2025-10.csv
futures/um/monthly/klines/doodusdt/1m/DOODUSDT-1m-2025-11.csv
futures/um/monthly/klines/doodusdt/1m/DOODUSDT-1m-2025-12.csv
futures/um/monthly/klines/doodusdt/1m/DOODUSDT-1m-2026-01.csv
futures/um/monthly/klines/doodusdt/1m/DOODUSDT-1m-2026-02.csv
futures/um/monthly/klines/doodusdt/1m/DOODUSDT-1m-2026-03.csv
futures/um/monthly/klines/doodusdt/1m/DOODUSDT-1m-2026-04.csv
futures/um/monthly/klines/doodusdt/1m/DOODUSDT-1m-2026-05.csv
futures/um/monthly/klines/doodusdt/1m/DOODUSDT-1m-2026-06.csv
futures/um/monthly/klines/doodusdt/1m/DOODUSDT-1m-2026-07.csv
futures/um/monthly/klines/doodusdt/1m/DOODUSDT-1m-2026-08.csv
futures/um/monthly/klines/dosusdt/1m/DOSUSDT-1m-2026-08.csv
futures/um/monthly/klines/dotusdt/1m/DOTUSDT-1m-2020-08.csv
futures/um/monthly/klines/dotusdt/1m/DOTUSDT-1m-2020-09.csv
futures/um/monthly/klines/dotusdt/1m/DOTUSDT-1m-2020-10.csv
futures/um/monthly/klines/dotusdt/1m/DOTUSDT-1m-2020-11.csv
futures/um/monthly/klines/dotusdt/1m/DOTUSDT-1m-2020-12.csv
futures/um/monthly/klines/dotusdt/1m/DOTUSDT-1m-2021-01.csv
futures/um/monthly/klines/dotusdt/1m/DOTUSDT-1m-2021-02.csv
futures/um/monthly/klines/dotusdt/1m/DOTUSDT-1m-2021-03.csv
futures/um/monthly/klines/dotusdt/1m/DOTUSDT-1m-2021-04.csv
futures/um/monthly/klines/dotusdt/1m/DOTUSDT-1m-2021-05.csv
futures/um/monthly/klines/dotusdt/1m/DOTUSDT-1m-2021-06.csv
futures/um/monthly/klines/dotusdt/1m/DOTUSDT-1m-2021-07.csv
futures/um/monthly/klines/dotusdt/1m/DOTUSDT-1m-2021-08.csv
futures/um/monthly/klines/dotusdt/1m/DOTUSDT-1m-2021-09.csv
futures/um/monthly/klines/dotusdt/1m/DOTUSDT-1m-2021-10.csv
futures/um/monthly/klines/dotusdt/1m/DOTUSDT-1m-2021-11.csv
futures/um/monthly/klines/dotusdt/1m/DOTUSDT-1m-2021-12.csv
futures/um/monthly/klines/dotusdt/1m/DOTUSDT-1m-2022-01.csv
futures/um/monthly/klines/dotusdt/1m/DOTUSDT-1m-2022-02.csv
futures/um/monthly/klines/dotusdt/1m/DOTUSDT-1m-2022-03.csv
futures/um/monthly/klines/dotusdt/1m/DOTUSDT-1m-2022-04.csv
futures/um/monthly/klines/dotusdt/1m/DOTUSDT-1m-2022-05.csv
futures/um/monthly/klines/dotusdt/1m/DOTUSDT-1m-2022-06.csv
futures/um/monthly/klines/dotusdt/1m/DOTUSDT-1m-2022-07.csv
futures/um/monthly/klines/dotusdt/1m/DOTUSDT-1m-2022-08.csv
futures/um/monthly/klines/dotusdt/1m/DOTUSDT-1m-2022-09.csv
futures/um/monthly/klines/dotusdt/1m/DOTUSDT-1m-2022-10.csv
futures/um/monthly/klines/dotusdt/1m/DOTUSDT-1m-2022-11.csv
futures/um/monthly/klines/dotusdt/1m/DOTUSDT-1m-2022-12.csv
futures/um/monthly/klines/dotusdt/1m/DOTUSDT-1m-2023-01.csv
futures/um/monthly/klines/dotusdt/1m/DOTUSDT-1m-2023-02.csv
futures/um/monthly/klines/dotusdt/1m/DOTUSDT-1m-2023-03.csv
futures/um/monthly/klines/dotusdt/1m/DOTUSDT-1m-2023-04.csv
futures/um/monthly/klines/dotusdt/1m/DOTUSDT-1m-2023-05.csv
futures/um/monthly/klines/dotusdt/1m/DOTUSDT-1m-2023-06.csv
futures/um/monthly/klines/dotusdt/1m/DOTUSDT-1m-2023-07.csv
futures/um/monthly/klines/dotusdt/1m/DOTUSDT-1m-2023-08.csv
futures/um/monthly/klines/dotusdt/1m/DOTUSDT-1m-2023-09.csv
futures/um/monthly/klines/dotusdt/1m/DOTUSDT-1m-2023-10.csv
futures/um/monthly/klines/dotusdt/1m/DOTUSDT-1m-2023-11.csv
futures/um/monthly/klines/dotusdt/1m/DOTUSDT-1m-2023-12.csv
futures/um/monthly/klines/dotusdt/1m/DOTUSDT-1m-2024-01.csv
futures/um/monthly/klines/dotusdt/1m/DOTUSDT-1m-2024-02.csv
futures/um/monthly/klines/dotusdt/1m/DOTUSDT-1m-2024-03.csv
futures/um/monthly/klines/dotusdt/1m/DOTUSDT-1m-2024-04.csv
futures/um/monthly/klines/dotusdt/1m/DOTUSDT-1m-2024-05.csv
futures/um/monthly/klines/dotusdt/1m/DOTUSDT-1m-2024-06.csv
futures/um/monthly/klines/dotusdt/1m/DOTUSDT-1m-2024-07.csv
futures/um/monthly/klines/dotusdt/1m/DOTUSDT-1m-2024-08.csv
futures/um/monthly/klines/dotusdt/1m/DOTUSDT-1m-2024-09.csv
futures/um/monthly/klines/dotusdt/1m/DOTUSDT-1m-2024-10.csv
futures/um/monthly/klines/dotusdt/1m/DOTUSDT-1m-2024-11.csv
futures/um/monthly/klines/dotusdt/1m/DOTUSDT-1m-2024-12.csv
futures/um/monthly/klines/dotusdt/1m/DOTUSDT-1m-2025-01.csv
futures/um/monthly/klines/dotusdt/1m/DOTUSDT-1m-2025-02.csv
futures/um/monthly/klines/dotusdt/1m/DOTUSDT-1m-2025-03.csv
futures/um/monthly/klines/dotusdt/1m/DOTUSDT-1m-2025-04.csv
futures/um/monthly/klines/dotusdt/1m/DOTUSDT-1m-2025-05.csv
futures/um/monthly/klines/dotusdt/1m/DOTUSDT-1m-2025-06.csv
futures/um/monthly/klines/dotusdt/1m/DOTUSDT-1m-2025-07.csv
futures/um/monthly/klines/dotusdt/1m/DOTUSDT-1m-2025-08.csv
futures/um/monthly/klines/dotusdt/1m/DOTUSDT-1m-2025-09.csv
futures/um/monthly/klines/dotusdt/1m/DOTUSDT-1m-2025-10.csv
futures/um/monthly/klines/dotusdt/1m/DOTUSDT-1m-2025-11.csv
futures/um/monthly/klines/dotusdt/1m/DOTUSDT-1m-2025-12.csv
futures/um/monthly/klines/dotusdt/1m/DOTUSDT-1m-2026-01.csv
futures/um/monthly/klines/dotusdt/1m/DOTUSDT-1m-2026-02.csv
futures/um/monthly/klines/dotusdt/1m/DOTUSDT-1m-2026-03.csv
futures/um/monthly/klines/dotusdt/1m/DOTUSDT-1m-2026-04.csv
futures/um/monthly/klines/dotusdt/1m/DOTUSDT-1m-2026-05.csv
futures/um/monthly/klines/dotusdt/1m/DOTUSDT-1m-2026-06.csv
futures/um/monthly/klines/dotusdt/1m/DOTUSDT-1m-2026-07.csv
futures/um/monthly/klines/dotusdt/1m/DOTUSDT-1m-2026-08.csv
futures/um/monthly/klines/driftusdt/1m/DRIFTUSDT-1m-2024-11.csv
futures/um/monthly/klines/driftusdt/1m/DRIFTUSDT-1m-2024-12.csv
futures/um/monthly/klines/driftusdt/1m/DRIFTUSDT-1m-2025-01.csv
futures/um/monthly/klines/driftusdt/1m/DRIFTUSDT-1m-2025-02.csv
futures/um/monthly/klines/driftusdt/1m/DRIFTUSDT-1m-2025-03.csv
futures/um/monthly/klines/driftusdt/1m/DRIFTUSDT-1m-2025-04.csv
futures/um/monthly/klines/driftusdt/1m/DRIFTUSDT-1m-2025-05.csv
futures/um/monthly/klines/driftusdt/1m/DRIFTUSDT-1m-2025-06.csv
futures/um/monthly/klines/driftusdt/1m/DRIFTUSDT-1m-2025-07.csv
futures/um/monthly/klines/driftusdt/1m/DRIFTUSDT-1m-2025-08.csv
futures/um/monthly/klines/driftusdt/1m/DRIFTUSDT-1m-2025-09.csv
futures/um/monthly/klines/driftusdt/1m/DRIFTUSDT-1m-2025-10.csv
futures/um/monthly/klines/driftusdt/1m/DRIFTUSDT-1m-2025-11.csv
futures/um/monthly/klines/driftusdt/1m/DRIFTUSDT-1m-2025-12.csv
futures/um/monthly/klines/driftusdt/1m/DRIFTUSDT-1m-2026-01.csv
futures/um/monthly/klines/driftusdt/1m/DRIFTUSDT-1m-2026-02.csv
futures/um/monthly/klines/driftusdt/1m/DRIFTUSDT-1m-2026-03.csv
futures/um/monthly/klines/driftusdt/1m/DRIFTUSDT-1m-2026-04.csv
futures/um/monthly/klines/driftusdt/1m/DRIFTUSDT-1m-2026-05.csv
futures/um/monthly/klines/driftusdt/1m/DRIFTUSDT-1m-2026-06.csv
futures/um/monthly/klines/driftusdt/1m/DRIFTUSDT-1m-2026-07.csv
futures/um/monthly/klines/driftusdt/1m/DRIFTUSDT-1m-2026-08.csv
futures/um/monthly/klines/duskusdt/1m/DUSKUSDT-1m-2022-01.csv
futures/um/monthly/klines/duskusdt/1m/DUSKUSDT-1m-2022-02.csv
futures/um/monthly/klines/duskusdt/1m/DUSKUSDT-1m-2022-03.csv
futures/um/monthly/klines/duskusdt/1m/DUSKUSDT-1m-2022-04.csv
futures/um/monthly/klines/duskusdt/1m/DUSKUSDT-1m-2022-05.csv
futures/um/monthly/klines/duskusdt/1m/DUSKUSDT-1m-2022-06.csv
futures/um/monthly/klines/duskusdt/1m/DUSKUSDT-1m-2022-07.csv
futures/um/monthly/klines/duskusdt/1m/DUSKUSDT-1m-2022-08.csv
futures/um/monthly/klines/duskusdt/1m/DUSKUSDT-1m-2022-09.csv
futures/um/monthly/klines/duskusdt/1m/DUSKUSDT-1m-2022-10.csv
futures/um/monthly/klines/duskusdt/1m/DUSKUSDT-1m-2022-11.csv
futures/um/monthly/klines/duskusdt/1m/DUSKUSDT-1m-2022-12.csv
futures/um/monthly/klines/duskusdt/1m/DUSKUSDT-1m-2023-01.csv
futures/um/monthly/klines/duskusdt/1m/DUSKUSDT-1m-2023-02.csv
futures/um/monthly/klines/duskusdt/1m/DUSKUSDT-1m-2023-03.csv
futures/um/monthly/klines/duskusdt/1m/DUSKUSDT-1m-2023-04.csv
futures/um/monthly/klines/duskusdt/1m/DUSKUSDT-1m-2023-05.csv
futures/um/monthly/klines/duskusdt/1m/DUSKUSDT-1m-2023-06.csv
futures/um/monthly/klines/duskusdt/1m/DUSKUSDT-1m-2023-07.csv
futures/um/monthly/klines/duskusdt/1m/DUSKUSDT-1m-2023-08.csv
futures/um/monthly/klines/duskusdt/1m/DUSKUSDT-1m-2023-09.csv
futures/um/monthly/klines/duskusdt/1m/DUSKUSDT-1m-2023-10.csv
futures/um/monthly/klines/duskusdt/1m/DUSKUSDT-1m-2023-11.csv
futures/um/monthly/klines/duskusdt/1m/DUSKUSDT-1m-2023-12.csv
futures/um/monthly/klines/duskusdt/1m/DUSKUSDT-1m-2024-01.csv
futures/um/monthly/klines/duskusdt/1m/DUSKUSDT-1m-2024-02.csv
futures/um/monthly/klines/duskusdt/1m/DUSKUSDT-1m-2024-03.csv
futures/um/monthly/klines/duskusdt/1m/DUSKUSDT-1m-2024-04.csv
futures/um/monthly/klines/duskusdt/1m/DUSKUSDT-1m-2024-05.csv
futures/um/monthly/klines/duskusdt/1m/DUSKUSDT-1m-2024-06.csv
futures/um/monthly/klines/duskusdt/1m/DUSKUSDT-1m-2024-07.csv
futures/um/monthly/klines/duskusdt/1m/DUSKUSDT-1m-2024-08.csv
futures/um/monthly/klines/duskusdt/1m/DUSKUSDT-1m-2024-09.csv
futures/um/monthly/klines/duskusdt/1m/DUSKUSDT-1m-2024-10.csv
futures/um/monthly/klines/duskusdt/1m/DUSKUSDT-1m-2024-11.csv
futures/um/monthly/klines/duskusdt/1m/DUSKUSDT-1m-2024-12.csv
futures/um/monthly/klines/duskusdt/1m/DUSKUSDT-1m-2025-01.csv
futures/um/monthly/klines/duskusdt/1m/DUSKUSDT-1m-2025-02.csv
futures/um/monthly/klines/duskusdt/1m/DUSKUSDT-1m-2025-03.csv
futures/um/monthly/klines/duskusdt/1m/DUSKUSDT-1m-2025-04.csv
futures/um/monthly/klines/duskusdt/1m/DUSKUSDT-1m-2025-05.csv
futures/um/monthly/klines/duskusdt/1m/DUSKUSDT-1m-2025-06.csv
futures/um/monthly/klines/duskusdt/1m/DUSKUSDT-1m-2025-07.csv
futures/um/monthly/klines/duskusdt/1m/DUSKUSDT-1m-2025-08.csv
futures/um/monthly/klines/duskusdt/1m/DUSKUSDT-1m-2025-09.csv
futures/um/monthly/klines/duskusdt/1m/DUSKUSDT-1m-2025-10.csv
futures/um/monthly/klines/duskusdt/1m/DUSKUSDT-1m-2025-11.csv
futures/um/monthly/klines/duskusdt/1m/DUSKUSDT-1m-2025-12.csv
futures/um/monthly/klines/duskusdt/1m/DUSKUSDT-1m-2026-01.csv
futures/um/monthly/klines/duskusdt/1m/DUSKUSDT-1m-2026-02.csv
futures/um/monthly/klines/duskusdt/1m/DUSKUSDT-1m-2026-03.csv
futures/um/monthly/klines/duskusdt/1m/DUSKUSDT-1m-2026-04.csv
futures/um/monthly/klines/duskusdt/1m/DUSKUSDT-1m-2026-05.csv
futures/um/monthly/klines/duskusdt/1m/DUSKUSDT-1m-2026-06.csv
futures/um/monthly/klines/duskusdt/1m/DUSKUSDT-1m-2026-07.csv
futures/um/monthly/klines/duskusdt/1m/DUSKUSDT-1m-2026-08.csv
futures/um/monthly/klines/dydxusdt/1m/DYDXUSDT-1m-2021-09.csv
futures/um/monthly/klines/dydxusdt/1m/DYDXUSDT-1m-2021-10.csv
futures/um/monthly/klines/dydxusdt/1m/DYDXUSDT-1m-2021-11.csv
futures/um/monthly/klines/dydxusdt/1m/DYDXUSDT-1m-2021-12.csv
futures/um/monthly/klines/dydxusdt/1m/DYDXUSDT-1m-2022-01.csv
futures/um/monthly/klines/dydxusdt/1m/DYDXUSDT-1m-2022-02.csv
futures/um/monthly/klines/dydxusdt/1m/DYDXUSDT-1m-2022-03.csv
futures/um/monthly/klines/dydxusdt/1m/DYDXUSDT-1m-2022-04.csv
futures/um/monthly/klines/dydxusdt/1m/DYDXUSDT-1m-2022-05.csv
futures/um/monthly/klines/dydxusdt/1m/DYDXUSDT-1m-2022-06.csv
futures/um/monthly/klines/dydxusdt/1m/DYDXUSDT-1m-2022-07.csv
futures/um/monthly/klines/dydxusdt/1m/DYDXUSDT-1m-2022-08.csv
futures/um/monthly/klines/dydxusdt/1m/DYDXUSDT-1m-2022-09.csv
futures/um/monthly/klines/dydxusdt/1m/DYDXUSDT-1m-2022-10.csv
futures/um/monthly/klines/dydxusdt/1m/DYDXUSDT-1m-2022-11.csv
futures/um/monthly/klines/dydxusdt/1m/DYDXUSDT-1m-2022-12.csv
futures/um/monthly/klines/dydxusdt/1m/DYDXUSDT-1m-2023-01.csv
futures/um/monthly/klines/dydxusdt/1m/DYDXUSDT-1m-2023-02.csv
futures/um/monthly/klines/dydxusdt/1m/DYDXUSDT-1m-2023-03.csv
futures/um/monthly/klines/dydxusdt/1m/DYDXUSDT-1m-2023-04.csv
futures/um/monthly/klines/dydxusdt/1m/DYDXUSDT-1m-2023-05.csv
futures/um/monthly/klines/dydxusdt/1m/DYDXUSDT-1m-2023-06.csv
futures/um/monthly/klines/dydxusdt/1m/DYDXUSDT-1m-2023-07.csv
futures/um/monthly/klines/dydxusdt/1m/DYDXUSDT-1m-2023-08.csv
futures/um/monthly/klines/dydxusdt/1m/DYDXUSDT-1m-2023-09.csv
futures/um/monthly/klines/dydxusdt/1m/DYDXUSDT-1m-2023-10.csv
futures/um/monthly/klines/dydxusdt/1m/DYDXUSDT-1m-2023-11.csv
futures/um/monthly/klines/dydxusdt/1m/DYDXUSDT-1m-2023-12.csv
futures/um/monthly/klines/dydxusdt/1m/DYDXUSDT-1m-2024-01.csv
futures/um/monthly/klines/dydxusdt/1m/DYDXUSDT-1m-2024-02.csv
futures/um/monthly/klines/dydxusdt/1m/DYDXUSDT-1m-2024-03.csv
futures/um/monthly/klines/dydxusdt/1m/DYDXUSDT-1m-2024-04.csv
futures/um/monthly/klines/dydxusdt/1m/DYDXUSDT-1m-2024-05.csv
futures/um/monthly/klines/dydxusdt/1m/DYDXUSDT-1m-2024-06.csv
futures/um/monthly/klines/dydxusdt/1m/DYDXUSDT-1m-2024-07.csv
futures/um/monthly/klines/dydxusdt/1m/DYDXUSDT-1m-2024-08.csv
futures/um/monthly/klines/dydxusdt/1m/DYDXUSDT-1m-2024-09.csv
futures/um/monthly/klines/dydxusdt/1m/DYDXUSDT-1m-2024-10.csv
futures/um/monthly/klines/dydxusdt/1m/DYDXUSDT-1m-2024-11.csv
futures/um/monthly/klines/dydxusdt/1m/DYDXUSDT-1m-2024-12.csv
futures/um/monthly/klines/dydxusdt/1m/DYDXUSDT-1m-2025-01.csv
futures/um/monthly/klines/dydxusdt/1m/DYDXUSDT-1m-2025-02.csv
futures/um/monthly/klines/dydxusdt/1m/DYDXUSDT-1m-2025-03.csv
futures/um/monthly/klines/dydxusdt/1m/DYDXUSDT-1m-2025-04.csv
futures/um/monthly/klines/dydxusdt/1m/DYDXUSDT-1m-2025-05.csv
futures/um/monthly/klines/dydxusdt/1m/DYDXUSDT-1m-2025-06.csv
futures/um/monthly/klines/dydxusdt/1m/DYDXUSDT-1m-2025-07.csv
futures/um/monthly/klines/dydxusdt/1m/DYDXUSDT-1m-2025-08.csv
futures/um/monthly/klines/dydxusdt/1m/DYDXUSDT-1m-2025-09.csv
futures/um/monthly/klines/dydxusdt/1m/DYDXUSDT-1m-2025-10.csv
futures/um/monthly/klines/dydxusdt/1m/DYDXUSDT-1m-2025-11.csv
futures/um/monthly/klines/dydxusdt/1m/DYDXUSDT-1m-2025-12.csv
futures/um/monthly/klines/dydxusdt/1m/DYDXUSDT-1m-2026-01.csv
futures/um/monthly/klines/dydxusdt/1m/DYDXUSDT-1m-2026-02.csv
futures/um/monthly/klines/dydxusdt/1m/DYDXUSDT-1m-2026-03.csv
futures/um/monthly/klines/dydxusdt/1m/DYDXUSDT-1m-2026-04.csv
futures/um/monthly/klines/dydxusdt/1m/DYDXUSDT-1m-2026-05.csv
futures/um/monthly/klines/dydxusdt/1m/DYDXUSDT-1m-2026-06.csv
futures/um/monthly/klines/dydxusdt/1m/DYDXUSDT-1m-2026-07.csv
futures/um/monthly/klines/dydxusdt/1m/DYDXUSDT-1m-2026-08.csv
futures/um/monthly/klines/dymusdt/1m/DYMUSDT-1m-2024-02.csv
futures/um/monthly/klines/dymusdt/1m/DYMUSDT-1m-2024-03.csv
futures/um/monthly/klines/dymusdt/1m/DYMUSDT-1m-2024-04.csv
futures/um/monthly/klines/dymusdt/1m/DYMUSDT-1m-2024-05.csv
futures/um/monthly/klines/dymusdt/1m/DYMUSDT-1m-2024-06.csv
futures/um/monthly/klines/dymusdt/1m/DYMUSDT-1m-2024-07.csv
futures/um/monthly/klines/dymusdt/1m/DYMUSDT-1m-2024-08.csv
futures/um/monthly/klines/dymusdt/1m/DYMUSDT-1m-2024-09.csv
futures/um/monthly/klines/dymusdt/1m/DYMUSDT-1m-2024-10.csv
futures/um/monthly/klines/dymusdt/1m/DYMUSDT-1m-2024-11.csv
futures/um/monthly/klines/dymusdt/1m/DYMUSDT-1m-2024-12.csv
futures/um/monthly/klines/dymusdt/1m/DYMUSDT-1m-2025-01.csv
futures/um/monthly/klines/dymusdt/1m/DYMUSDT-1m-2025-02.csv
futures/um/monthly/klines/dymusdt/1m/DYMUSDT-1m-2025-03.csv
futures/um/monthly/klines/dymusdt/1m/DYMUSDT-1m-2025-04.csv
futures/um/monthly/klines/dymusdt/1m/DYMUSDT-1m-2025-05.csv
futures/um/monthly/klines/dymusdt/1m/DYMUSDT-1m-2025-06.csv
futures/um/monthly/klines/dymusdt/1m/DYMUSDT-1m-2025-07.csv
futures/um/monthly/klines/dymusdt/1m/DYMUSDT-1m-2025-08.csv
futures/um/monthly/klines/dymusdt/1m/DYMUSDT-1m-2025-09.csv
futures/um/monthly/klines/dymusdt/1m/DYMUSDT-1m-2025-10.csv
futures/um/monthly/klines/dymusdt/1m/DYMUSDT-1m-2025-11.csv
futures/um/monthly/klines/dymusdt/1m/DYMUSDT-1m-2025-12.csv
futures/um/monthly/klines/dymusdt/1m/DYMUSDT-1m-2026-01.csv
futures/um/monthly/klines/dymusdt/1m/DYMUSDT-1m-2026-02.csv
futures/um/monthly/klines/dymusdt/1m/DYMUSDT-1m-2026-03.csv
futures/um/monthly/klines/dymusdt/1m/DYMUSDT-1m-2026-04.csv
futures/um/monthly/klines/dymusdt/1m/DYMUSDT-1m-2026-05.csv
futures/um/monthly/klines/dymusdt/1m/DYMUSDT-1m-2026-06.csv
futures/um/monthly/klines/dymusdt/1m/DYMUSDT-1m-2026-07.csv
futures/um/monthly/klines/dymusdt/1m/DYMUSDT-1m-2026-08.csv
futures/um/monthly/klines/edenusdt/1m/EDENUSDT-1m-2025-09.csv
futures/um/monthly/klines/edenusdt/1m/EDENUSDT-1m-2025-10.csv
futures/um/monthly/klines/edenusdt/1m/EDENUSDT-1m-2025-11.csv
futures/um/monthly/klines/edenusdt/1m/EDENUSDT-1m-2025-12.csv
futures/um/monthly/klines/edenusdt/1m/EDENUSDT-1m-2026-01.csv
futures/um/monthly/klines/edenusdt/1m/EDENUSDT-1m-2026-02.csv
futures/um/monthly/klines/edenusdt/1m/EDENUSDT-1m-2026-03.csv
futures/um/monthly/klines/edenusdt/1m/EDENUSDT-1m-2026-04.csv
futures/um/monthly/klines/edenusdt/1m/EDENUSDT-1m-2026-05.csv
futures/um/monthly/klines/edenusdt/1m/EDENUSDT-1m-2026-06.csv
futures/um/monthly/klines/edenusdt/1m/EDENUSDT-1m-2026-07.csv
futures/um/monthly/klines/edenusdt/1m/EDENUSDT-1m-2026-08.csv
futures/um/monthly/klines/edgeusdt/1m/EDGEUSDT-1m-2026-03.csv
futures/um/monthly/klines/edgeusdt/1m/EDGEUSDT-1m-2026-04.csv
futures/um/monthly/klines/edgeusdt/1m/EDGEUSDT-1m-2026-05.csv
futures/um/monthly/klines/edgeusdt/1m/EDGEUSDT-1m-2026-06.csv
futures/um/monthly/klines/edgeusdt/1m/EDGEUSDT-1m-2026-07.csv
futures/um/monthly/klines/edgeusdt/1m/EDGEUSDT-1m-2026-08.csv
futures/um/monthly/klines/eduusdt/1m/EDUUSDT-1m-2023-04.csv
futures/um/monthly/klines/eduusdt/1m/EDUUSDT-1m-2023-05.csv
futures/um/monthly/klines/eduusdt/1m/EDUUSDT-1m-2023-06.csv
futures/um/monthly/klines/eduusdt/1m/EDUUSDT-1m-2023-07.csv
futures/um/monthly/klines/eduusdt/1m/EDUUSDT-1m-2023-08.csv
futures/um/monthly/klines/eduusdt/1m/EDUUSDT-1m-2023-09.csv
futures/um/monthly/klines/eduusdt/1m/EDUUSDT-1m-2023-10.csv
futures/um/monthly/klines/eduusdt/1m/EDUUSDT-1m-2023-11.csv
futures/um/monthly/klines/eduusdt/1m/EDUUSDT-1m-2023-12.csv
futures/um/monthly/klines/eduusdt/1m/EDUUSDT-1m-2024-01.csv
futures/um/monthly/klines/eduusdt/1m/EDUUSDT-1m-2024-02.csv
futures/um/monthly/klines/eduusdt/1m/EDUUSDT-1m-2024-03.csv
futures/um/monthly/klines/eduusdt/1m/EDUUSDT-1m-2024-04.csv
futures/um/monthly/klines/eduusdt/1m/EDUUSDT-1m-2024-05.csv
futures/um/monthly/klines/eduusdt/1m/EDUUSDT-1m-2024-06.csv
futures/um/monthly/klines/eduusdt/1m/EDUUSDT-1m-2024-07.csv
futures/um/monthly/klines/eduusdt/1m/EDUUSDT-1m-2024-08.csv
futures/um/monthly/klines/eduusdt/1m/EDUUSDT-1m-2024-09.csv
futures/um/monthly/klines/eduusdt/1m/EDUUSDT-1m-2024-10.csv
futures/um/monthly/klines/eduusdt/1m/EDUUSDT-1m-2024-11.csv
futures/um/monthly/klines/eduusdt/1m/EDUUSDT-1m-2024-12.csv
futures/um/monthly/klines/eduusdt/1m/EDUUSDT-1m-2025-01.csv
futures/um/monthly/klines/eduusdt/1m/EDUUSDT-1m-2025-02.csv
futures/um/monthly/klines/eduusdt/1m/EDUUSDT-1m-2025-03.csv
futures/um/monthly/klines/eduusdt/1m/EDUUSDT-1m-2025-04.csv
futures/um/monthly/klines/eduusdt/1m/EDUUSDT-1m-2025-05.csv
futures/um/monthly/klines/eduusdt/1m/EDUUSDT-1m-2025-06.csv
futures/um/monthly/klines/eduusdt/1m/EDUUSDT-1m-2025-07.csv
futures/um/monthly/klines/eduusdt/1m/EDUUSDT-1m-2025-08.csv
futures/um/monthly/klines/eduusdt/1m/EDUUSDT-1m-2025-09.csv
futures/um/monthly/klines/eduusdt/1m/EDUUSDT-1m-2025-10.csv
futures/um/monthly/klines/eduusdt/1m/EDUUSDT-1m-2025-11.csv
futures/um/monthly/klines/eduusdt/1m/EDUUSDT-1m-2025-12.csv
futures/um/monthly/klines/eduusdt/1m/EDUUSDT-1m-2026-01.csv
futures/um/monthly/klines/eduusdt/1m/EDUUSDT-1m-2026-02.csv
futures/um/monthly/klines/eduusdt/1m/EDUUSDT-1m-2026-03.csv
futures/um/monthly/klines/eduusdt/1m/EDUUSDT-1m-2026-04.csv
futures/um/monthly/klines/eduusdt/1m/EDUUSDT-1m-2026-05.csv
futures/um/monthly/klines/eduusdt/1m/EDUUSDT-1m-2026-06.csv
futures/um/monthly/klines/eduusdt/1m/EDUUSDT-1m-2026-07.csv
futures/um/monthly/klines/eduusdt/1m/EDUUSDT-1m-2026-08.csv
futures/um/monthly/klines/egldusdt/1m/EGLDUSDT-1m-2020-09.csv
futures/um/monthly/klines/egldusdt/1m/EGLDUSDT-1m-2020-10.csv
futures/um/monthly/klines/egldusdt/1m/EGLDUSDT-1m-2020-11.csv
futures/um/monthly/klines/egldusdt/1m/EGLDUSDT-1m-2020-12.csv
futures/um/monthly/klines/egldusdt/1m/EGLDUSDT-1m-2021-01.csv
futures/um/monthly/klines/egldusdt/1m/EGLDUSDT-1m-2021-02.csv
futures/um/monthly/klines/egldusdt/1m/EGLDUSDT-1m-2021-03.csv
futures/um/monthly/klines/egldusdt/1m/EGLDUSDT-1m-2021-04.csv
futures/um/monthly/klines/egldusdt/1m/EGLDUSDT-1m-2021-05.csv
futures/um/monthly/klines/egldusdt/1m/EGLDUSDT-1m-2021-06.csv
futures/um/monthly/klines/egldusdt/1m/EGLDUSDT-1m-2021-07.csv
futures/um/monthly/klines/egldusdt/1m/EGLDUSDT-1m-2021-08.csv
futures/um/monthly/klines/egldusdt/1m/EGLDUSDT-1m-2021-09.csv
futures/um/monthly/klines/egldusdt/1m/EGLDUSDT-1m-2021-10.csv
futures/um/monthly/klines/egldusdt/1m/EGLDUSDT-1m-2021-11.csv
futures/um/monthly/klines/egldusdt/1m/EGLDUSDT-1m-2021-12.csv
futures/um/monthly/klines/egldusdt/1m/EGLDUSDT-1m-2022-01.csv
futures/um/monthly/klines/egldusdt/1m/EGLDUSDT-1m-2022-02.csv
futures/um/monthly/klines/egldusdt/1m/EGLDUSDT-1m-2022-03.csv
futures/um/monthly/klines/egldusdt/1m/EGLDUSDT-1m-2022-04.csv
futures/um/monthly/klines/egldusdt/1m/EGLDUSDT-1m-2022-05.csv
futures/um/monthly/klines/egldusdt/1m/EGLDUSDT-1m-2022-06.csv
futures/um/monthly/klines/egldusdt/1m/EGLDUSDT-1m-2022-07.csv
futures/um/monthly/klines/egldusdt/1m/EGLDUSDT-1m-2022-08.csv
futures/um/monthly/klines/egldusdt/1m/EGLDUSDT-1m-2022-09.csv
futures/um/monthly/klines/egldusdt/1m/EGLDUSDT-1m-2022-10.csv
futures/um/monthly/klines/egldusdt/1m/EGLDUSDT-1m-2022-11.csv
futures/um/monthly/klines/egldusdt/1m/EGLDUSDT-1m-2022-12.csv
futures/um/monthly/klines/egldusdt/1m/EGLDUSDT-1m-2023-01.csv
futures/um/monthly/klines/egldusdt/1m/EGLDUSDT-1m-2023-02.csv
futures/um/monthly/klines/egldusdt/1m/EGLDUSDT-1m-2023-03.csv
futures/um/monthly/klines/egldusdt/1m/EGLDUSDT-1m-2023-04.csv
futures/um/monthly/klines/egldusdt/1m/EGLDUSDT-1m-2023-05.csv
futures/um/monthly/klines/egldusdt/1m/EGLDUSDT-1m-2023-06.csv
futures/um/monthly/klines/egldusdt/1m/EGLDUSDT-1m-2023-07.csv
futures/um/monthly/klines/egldusdt/1m/EGLDUSDT-1m-2023-08.csv
futures/um/monthly/klines/egldusdt/1m/EGLDUSDT-1m-2023-09.csv
futures/um/monthly/klines/egldusdt/1m/EGLDUSDT-1m-2023-10.csv
futures/um/monthly/klines/egldusdt/1m/EGLDUSDT-1m-2023-11.csv
futures/um/monthly/klines/egldusdt/1m/EGLDUSDT-1m-2023-12.csv
futures/um/monthly/klines/egldusdt/1m/EGLDUSDT-1m-2024-01.csv
futures/um/monthly/klines/egldusdt/1m/EGLDUSDT-1m-2024-02.csv
futures/um/monthly/klines/egldusdt/1m/EGLDUSDT-1m-2024-03.csv
futures/um/monthly/klines/egldusdt/1m/EGLDUSDT-1m-2024-04.csv
futures/um/monthly/klines/egldusdt/1m/EGLDUSDT-1m-2024-05.csv
futures/um/monthly/klines/egldusdt/1m/EGLDUSDT-1m-2024-06.csv
futures/um/monthly/klines/egldusdt/1m/EGLDUSDT-1m-2024-07.csv
futures/um/monthly/klines/egldusdt/1m/EGLDUSDT-1m-2024-08.csv
futures/um/monthly/klines/egldusdt/1m/EGLDUSDT-1m-2024-09.csv
futures/um/monthly/klines/egldusdt/1m/EGLDUSDT-1m-2024-10.csv
futures/um/monthly/klines/egldusdt/1m/EGLDUSDT-1m-2024-11.csv
futures/um/monthly/klines/egldusdt/1m/EGLDUSDT-1m-2024-12.csv
futures/um/monthly/klines/egldusdt/1m/EGLDUSDT-1m-2025-01.csv
futures/um/monthly/klines/egldusdt/1m/EGLDUSDT-1m-2025-02.csv
futures/um/monthly/klines/egldusdt/1m/EGLDUSDT-1m-2025-03.csv
futures/um/monthly/klines/egldusdt/1m/EGLDUSDT-1m-2025-04.csv
futures/um/monthly/klines/egldusdt/1m/EGLDUSDT-1m-2025-05.csv
futures/um/monthly/klines/egldusdt/1m/EGLDUSDT-1m-2025-06.csv
futures/um/monthly/klines/egldusdt/1m/EGLDUSDT-1m-2025-07.csv
futures/um/monthly/klines/egldusdt/1m/EGLDUSDT-1m-2025-08.csv
futures/um/monthly/klines/egldusdt/1m/EGLDUSDT-1m-2025-09.csv
futures/um/monthly/klines/egldusdt/1m/EGLDUSDT-1m-2025-10.csv
futures/um/monthly/klines/egldusdt/1m/EGLDUSDT-1m-2025-11.csv
futures/um/monthly/klines/egldusdt/1m/EGLDUSDT-1m-2025-12.csv
futures/um/monthly/klines/egldusdt/1m/EGLDUSDT-1m-2026-01.csv
futures/um/monthly/klines/egldusdt/1m/EGLDUSDT-1m-2026-02.csv
futures/um/monthly/klines/egldusdt/1m/EGLDUSDT-1m-2026-03.csv
futures/um/monthly/klines/egldusdt/1m/EGLDUSDT-1m-2026-04.csv
futures/um/monthly/klines/egldusdt/1m/EGLDUSDT-1m-2026-05.csv
futures/um/monthly/klines/egldusdt/1m/EGLDUSDT-1m-2026-06.csv
futures/um/monthly/klines/egldusdt/1m/EGLDUSDT-1m-2026-07.csv
futures/um/monthly/klines/egldusdt/1m/EGLDUSDT-1m-2026-08.csv
futures/um/monthly/klines/eigenusdt/1m/EIGENUSDT-1m-2024-10.csv
futures/um/monthly/klines/eigenusdt/1m/EIGENUSDT-1m-2024-11.csv
futures/um/monthly/klines/eigenusdt/1m/EIGENUSDT-1m-2024-12.csv
futures/um/monthly/klines/eigenusdt/1m/EIGENUSDT-1m-2025-01.csv
futures/um/monthly/klines/eigenusdt/1m/EIGENUSDT-1m-2025-02.csv
futures/um/monthly/klines/eigenusdt/1m/EIGENUSDT-1m-2025-03.csv
futures/um/monthly/klines/eigenusdt/1m/EIGENUSDT-1m-2025-04.csv
futures/um/monthly/klines/eigenusdt/1m/EIGENUSDT-1m-2025-05.csv
futures/um/monthly/klines/eigenusdt/1m/EIGENUSDT-1m-2025-06.csv
futures/um/monthly/klines/eigenusdt/1m/EIGENUSDT-1m-2025-07.csv
futures/um/monthly/klines/eigenusdt/1m/EIGENUSDT-1m-2025-08.csv
futures/um/monthly/klines/eigenusdt/1m/EIGENUSDT-1m-2025-09.csv
futures/um/monthly/klines/eigenusdt/1m/EIGENUSDT-1m-2025-10.csv
futures/um/monthly/klines/eigenusdt/1m/EIGENUSDT-1m-2025-11.csv
futures/um/monthly/klines/eigenusdt/1m/EIGENUSDT-1m-2025-12.csv
futures/um/monthly/klines/eigenusdt/1m/EIGENUSDT-1m-2026-01.csv
futures/um/monthly/klines/eigenusdt/1m/EIGENUSDT-1m-2026-02.csv
futures/um/monthly/klines/eigenusdt/1m/EIGENUSDT-1m-2026-03.csv
futures/um/monthly/klines/eigenusdt/1m/EIGENUSDT-1m-2026-04.csv
futures/um/monthly/klines/eigenusdt/1m/EIGENUSDT-1m-2026-05.csv
futures/um/monthly/klines/eigenusdt/1m/EIGENUSDT-1m-2026-06.csv
futures/um/monthly/klines/eigenusdt/1m/EIGENUSDT-1m-2026-07.csv
futures/um/monthly/klines/eigenusdt/1m/EIGENUSDT-1m-2026-08.csv
futures/um/monthly/klines/elsausdt/1m/ELSAUSDT-1m-2026-01.csv
futures/um/monthly/klines/elsausdt/1m/ELSAUSDT-1m-2026-02.csv
futures/um/monthly/klines/elsausdt/1m/ELSAUSDT-1m-2026-03.csv
futures/um/monthly/klines/elsausdt/1m/ELSAUSDT-1m-2026-04.csv
futures/um/monthly/klines/elsausdt/1m/ELSAUSDT-1m-2026-05.csv
futures/um/monthly/klines/elsausdt/1m/ELSAUSDT-1m-2026-06.csv
futures/um/monthly/klines/elsausdt/1m/ELSAUSDT-1m-2026-07.csv
futures/um/monthly/klines/elsausdt/1m/ELSAUSDT-1m-2026-08.csv
futures/um/monthly/klines/enausdt/1m/ENAUSDT-1m-2024-04.csv
futures/um/monthly/klines/enausdt/1m/ENAUSDT-1m-2024-05.csv
futures/um/monthly/klines/enausdt/1m/ENAUSDT-1m-2024-06.csv
futures/um/monthly/klines/enausdt/1m/ENAUSDT-1m-2024-07.csv
futures/um/monthly/klines/enausdt/1m/ENAUSDT-1m-2024-08.csv
futures/um/monthly/klines/enausdt/1m/ENAUSDT-1m-2024-09.csv
futures/um/monthly/klines/enausdt/1m/ENAUSDT-1m-2024-10.csv
futures/um/monthly/klines/enausdt/1m/ENAUSDT-1m-2024-11.csv
futures/um/monthly/klines/enausdt/1m/ENAUSDT-1m-2024-12.csv
futures/um/monthly/klines/enausdt/1m/ENAUSDT-1m-2025-01.csv
futures/um/monthly/klines/enausdt/1m/ENAUSDT-1m-2025-02.csv
futures/um/monthly/klines/enausdt/1m/ENAUSDT-1m-2025-03.csv
futures/um/monthly/klines/enausdt/1m/ENAUSDT-1m-2025-04.csv
futures/um/monthly/klines/enausdt/1m/ENAUSDT-1m-2025-05.csv
futures/um/monthly/klines/enausdt/1m/ENAUSDT-1m-2025-06.csv
futures/um/monthly/klines/enausdt/1m/ENAUSDT-1m-2025-07.csv
futures/um/monthly/klines/enausdt/1m/ENAUSDT-1m-2025-08.csv
futures/um/monthly/klines/enausdt/1m/ENAUSDT-1m-2025-09.csv
futures/um/monthly/klines/enausdt/1m/ENAUSDT-1m-2025-10.csv
futures/um/monthly/klines/enausdt/1m/ENAUSDT-1m-2025-11.csv
futures/um/monthly/klines/enausdt/1m/ENAUSDT-1m-2025-12.csv
futures/um/monthly/klines/enausdt/1m/ENAUSDT-1m-2026-01.csv
futures/um/monthly/klines/enausdt/1m/ENAUSDT-1m-2026-02.csv
futures/um/monthly/klines/enausdt/1m/ENAUSDT-1m-2026-03.csv
futures/um/monthly/klines/enausdt/1m/ENAUSDT-1m-2026-04.csv
futures/um/monthly/klines/enausdt/1m/ENAUSDT-1m-2026-05.csv
futures/um/monthly/klines/enausdt/1m/ENAUSDT-1m-2026-06.csv
futures/um/monthly/klines/enausdt/1m/ENAUSDT-1m-2026-07.csv
futures/um/monthly/klines/enausdt/1m/ENAUSDT-1m-2026-08.csv
futures/um/monthly/klines/enjusdt/1m/ENJUSDT-1m-2020-09.csv
futures/um/monthly/klines/enjusdt/1m/ENJUSDT-1m-2020-10.csv
futures/um/monthly/klines/enjusdt/1m/ENJUSDT-1m-2020-11.csv
futures/um/monthly/klines/enjusdt/1m/ENJUSDT-1m-2020-12.csv
futures/um/monthly/klines/enjusdt/1m/ENJUSDT-1m-2021-01.csv
futures/um/monthly/klines/enjusdt/1m/ENJUSDT-1m-2021-02.csv
futures/um/monthly/klines/enjusdt/1m/ENJUSDT-1m-2021-03.csv
futures/um/monthly/klines/enjusdt/1m/ENJUSDT-1m-2021-04.csv
futures/um/monthly/klines/enjusdt/1m/ENJUSDT-1m-2021-05.csv
futures/um/monthly/klines/enjusdt/1m/ENJUSDT-1m-2021-06.csv
futures/um/monthly/klines/enjusdt/1m/ENJUSDT-1m-2021-07.csv
futures/um/monthly/klines/enjusdt/1m/ENJUSDT-1m-2021-08.csv
futures/um/monthly/klines/enjusdt/1m/ENJUSDT-1m-2021-09.csv
futures/um/monthly/klines/enjusdt/1m/ENJUSDT-1m-2021-10.csv
futures/um/monthly/klines/enjusdt/1m/ENJUSDT-1m-2021-11.csv
futures/um/monthly/klines/enjusdt/1m/ENJUSDT-1m-2021-12.csv
futures/um/monthly/klines/enjusdt/1m/ENJUSDT-1m-2022-01.csv
futures/um/monthly/klines/enjusdt/1m/ENJUSDT-1m-2022-02.csv
futures/um/monthly/klines/enjusdt/1m/ENJUSDT-1m-2022-03.csv
futures/um/monthly/klines/enjusdt/1m/ENJUSDT-1m-2022-04.csv
futures/um/monthly/klines/enjusdt/1m/ENJUSDT-1m-2022-05.csv
futures/um/monthly/klines/enjusdt/1m/ENJUSDT-1m-2022-06.csv
futures/um/monthly/klines/enjusdt/1m/ENJUSDT-1m-2022-07.csv
futures/um/monthly/klines/enjusdt/1m/ENJUSDT-1m-2022-08.csv
futures/um/monthly/klines/enjusdt/1m/ENJUSDT-1m-2022-09.csv
futures/um/monthly/klines/enjusdt/1m/ENJUSDT-1m-2022-10.csv
futures/um/monthly/klines/enjusdt/1m/ENJUSDT-1m-2022-11.csv
futures/um/monthly/klines/enjusdt/1m/ENJUSDT-1m-2022-12.csv
futures/um/monthly/klines/enjusdt/1m/ENJUSDT-1m-2023-01.csv
futures/um/monthly/klines/enjusdt/1m/ENJUSDT-1m-2023-02.csv
futures/um/monthly/klines/enjusdt/1m/ENJUSDT-1m-2023-03.csv
futures/um/monthly/klines/enjusdt/1m/ENJUSDT-1m-2023-04.csv
futures/um/monthly/klines/enjusdt/1m/ENJUSDT-1m-2023-05.csv
futures/um/monthly/klines/enjusdt/1m/ENJUSDT-1m-2023-06.csv
futures/um/monthly/klines/enjusdt/1m/ENJUSDT-1m-2023-07.csv
futures/um/monthly/klines/enjusdt/1m/ENJUSDT-1m-2023-08.csv
futures/um/monthly/klines/enjusdt/1m/ENJUSDT-1m-2023-09.csv
futures/um/monthly/klines/enjusdt/1m/ENJUSDT-1m-2023-10.csv
futures/um/monthly/klines/enjusdt/1m/ENJUSDT-1m-2023-11.csv
futures/um/monthly/klines/enjusdt/1m/ENJUSDT-1m-2023-12.csv
futures/um/monthly/klines/enjusdt/1m/ENJUSDT-1m-2024-01.csv
futures/um/monthly/klines/enjusdt/1m/ENJUSDT-1m-2024-02.csv
futures/um/monthly/klines/enjusdt/1m/ENJUSDT-1m-2024-03.csv
futures/um/monthly/klines/enjusdt/1m/ENJUSDT-1m-2024-04.csv
futures/um/monthly/klines/enjusdt/1m/ENJUSDT-1m-2024-05.csv
futures/um/monthly/klines/enjusdt/1m/ENJUSDT-1m-2024-06.csv
futures/um/monthly/klines/enjusdt/1m/ENJUSDT-1m-2024-07.csv
futures/um/monthly/klines/enjusdt/1m/ENJUSDT-1m-2024-08.csv
futures/um/monthly/klines/enjusdt/1m/ENJUSDT-1m-2024-09.csv
futures/um/monthly/klines/enjusdt/1m/ENJUSDT-1m-2024-10.csv
futures/um/monthly/klines/enjusdt/1m/ENJUSDT-1m-2024-11.csv
futures/um/monthly/klines/enjusdt/1m/ENJUSDT-1m-2024-12.csv
futures/um/monthly/klines/enjusdt/1m/ENJUSDT-1m-2025-01.csv
futures/um/monthly/klines/enjusdt/1m/ENJUSDT-1m-2025-02.csv
futures/um/monthly/klines/enjusdt/1m/ENJUSDT-1m-2025-03.csv
futures/um/monthly/klines/enjusdt/1m/ENJUSDT-1m-2025-04.csv
futures/um/monthly/klines/enjusdt/1m/ENJUSDT-1m-2025-05.csv
futures/um/monthly/klines/enjusdt/1m/ENJUSDT-1m-2025-06.csv
futures/um/monthly/klines/enjusdt/1m/ENJUSDT-1m-2025-07.csv
futures/um/monthly/klines/enjusdt/1m/ENJUSDT-1m-2025-08.csv
futures/um/monthly/klines/enjusdt/1m/ENJUSDT-1m-2025-09.csv
futures/um/monthly/klines/enjusdt/1m/ENJUSDT-1m-2025-10.csv
futures/um/monthly/klines/enjusdt/1m/ENJUSDT-1m-2025-11.csv
futures/um/monthly/klines/enjusdt/1m/ENJUSDT-1m-2025-12.csv
futures/um/monthly/klines/enjusdt/1m/ENJUSDT-1m-2026-01.csv
futures/um/monthly/klines/enjusdt/1m/ENJUSDT-1m-2026-02.csv
futures/um/monthly/klines/enjusdt/1m/ENJUSDT-1m-2026-03.csv
futures/um/monthly/klines/enjusdt/1m/ENJUSDT-1m-2026-04.csv
futures/um/monthly/klines/enjusdt/1m/ENJUSDT-1m-2026-05.csv
futures/um/monthly/klines/enjusdt/1m/ENJUSDT-1m-2026-06.csv
futures/um/monthly/klines/enjusdt/1m/ENJUSDT-1m-2026-07.csv
futures/um/monthly/klines/enjusdt/1m/ENJUSDT-1m-2026-08.csv
futures/um/monthly/klines/ensousdt/1m/ENSOUSDT-1m-2025-10.csv
futures/um/monthly/klines/ensousdt/1m/ENSOUSDT-1m-2025-11.csv
futures/um/monthly/klines/ensousdt/1m/ENSOUSDT-1m-2025-12.csv
futures/um/monthly/klines/ensousdt/1m/ENSOUSDT-1m-2026-01.csv
futures/um/monthly/klines/ensousdt/1m/ENSOUSDT-1m-2026-02.csv
futures/um/monthly/klines/ensousdt/1m/ENSOUSDT-1m-2026-03.csv
futures/um/monthly/klines/ensousdt/1m/ENSOUSDT-1m-2026-04.csv
futures/um/monthly/klines/ensousdt/1m/ENSOUSDT-1m-2026-05.csv
futures/um/monthly/klines/ensousdt/1m/ENSOUSDT-1m-2026-06.csv
futures/um/monthly/klines/ensousdt/1m/ENSOUSDT-1m-2026-07.csv
futures/um/monthly/klines/ensousdt/1m/ENSOUSDT-1m-2026-08.csv
futures/um/monthly/klines/ensusdt/1m/ENSUSDT-1m-2021-11.csv
futures/um/monthly/klines/ensusdt/1m/ENSUSDT-1m-2021-12.csv
futures/um/monthly/klines/ensusdt/1m/ENSUSDT-1m-2022-01.csv
futures/um/monthly/klines/ensusdt/1m/ENSUSDT-1m-2022-02.csv
futures/um/monthly/klines/ensusdt/1m/ENSUSDT-1m-2022-03.csv
futures/um/monthly/klines/ensusdt/1m/ENSUSDT-1m-2022-04.csv
futures/um/monthly/klines/ensusdt/1m/ENSUSDT-1m-2022-05.csv
futures/um/monthly/klines/ensusdt/1m/ENSUSDT-1m-2022-06.csv
futures/um/monthly/klines/ensusdt/1m/ENSUSDT-1m-2022-07.csv
futures/um/monthly/klines/ensusdt/1m/ENSUSDT-1m-2022-08.csv
futures/um/monthly/klines/ensusdt/1m/ENSUSDT-1m-2022-09.csv
futures/um/monthly/klines/ensusdt/1m/ENSUSDT-1m-2022-10.csv
futures/um/monthly/klines/ensusdt/1m/ENSUSDT-1m-2022-11.csv
futures/um/monthly/klines/ensusdt/1m/ENSUSDT-1m-2022-12.csv
futures/um/monthly/klines/ensusdt/1m/ENSUSDT-1m-2023-01.csv
futures/um/monthly/klines/ensusdt/1m/ENSUSDT-1m-2023-02.csv
futures/um/monthly/klines/ensusdt/1m/ENSUSDT-1m-2023-03.csv
futures/um/monthly/klines/ensusdt/1m/ENSUSDT-1m-2023-04.csv
futures/um/monthly/klines/ensusdt/1m/ENSUSDT-1m-2023-05.csv
futures/um/monthly/klines/ensusdt/1m/ENSUSDT-1m-2023-06.csv
futures/um/monthly/klines/ensusdt/1m/ENSUSDT-1m-2023-07.csv
futures/um/monthly/klines/ensusdt/1m/ENSUSDT-1m-2023-08.csv
futures/um/monthly/klines/ensusdt/1m/ENSUSDT-1m-2023-09.csv
futures/um/monthly/klines/ensusdt/1m/ENSUSDT-1m-2023-10.csv
futures/um/monthly/klines/ensusdt/1m/ENSUSDT-1m-2023-11.csv
futures/um/monthly/klines/ensusdt/1m/ENSUSDT-1m-2023-12.csv
futures/um/monthly/klines/ensusdt/1m/ENSUSDT-1m-2024-01.csv
futures/um/monthly/klines/ensusdt/1m/ENSUSDT-1m-2024-02.csv
futures/um/monthly/klines/ensusdt/1m/ENSUSDT-1m-2024-03.csv
futures/um/monthly/klines/ensusdt/1m/ENSUSDT-1m-2024-04.csv
futures/um/monthly/klines/ensusdt/1m/ENSUSDT-1m-2024-05.csv
futures/um/monthly/klines/ensusdt/1m/ENSUSDT-1m-2024-06.csv
futures/um/monthly/klines/ensusdt/1m/ENSUSDT-1m-2024-07.csv
futures/um/monthly/klines/ensusdt/1m/ENSUSDT-1m-2024-08.csv
futures/um/monthly/klines/ensusdt/1m/ENSUSDT-1m-2024-09.csv
futures/um/monthly/klines/ensusdt/1m/ENSUSDT-1m-2024-10.csv
futures/um/monthly/klines/ensusdt/1m/ENSUSDT-1m-2024-11.csv
futures/um/monthly/klines/ensusdt/1m/ENSUSDT-1m-2024-12.csv
futures/um/monthly/klines/ensusdt/1m/ENSUSDT-1m-2025-01.csv
futures/um/monthly/klines/ensusdt/1m/ENSUSDT-1m-2025-02.csv
futures/um/monthly/klines/ensusdt/1m/ENSUSDT-1m-2025-03.csv
futures/um/monthly/klines/ensusdt/1m/ENSUSDT-1m-2025-04.csv
futures/um/monthly/klines/ensusdt/1m/ENSUSDT-1m-2025-05.csv
futures/um/monthly/klines/ensusdt/1m/ENSUSDT-1m-2025-06.csv
futures/um/monthly/klines/ensusdt/1m/ENSUSDT-1m-2025-07.csv
futures/um/monthly/klines/ensusdt/1m/ENSUSDT-1m-2025-08.csv
futures/um/monthly/klines/ensusdt/1m/ENSUSDT-1m-2025-09.csv
futures/um/monthly/klines/ensusdt/1m/ENSUSDT-1m-2025-10.csv
futures/um/monthly/klines/ensusdt/1m/ENSUSDT-1m-2025-11.csv
futures/um/monthly/klines/ensusdt/1m/ENSUSDT-1m-2025-12.csv
futures/um/monthly/klines/ensusdt/1m/ENSUSDT-1m-2026-01.csv
futures/um/monthly/klines/ensusdt/1m/ENSUSDT-1m-2026-02.csv
futures/um/monthly/klines/ensusdt/1m/ENSUSDT-1m-2026-03.csv
futures/um/monthly/klines/ensusdt/1m/ENSUSDT-1m-2026-04.csv
futures/um/monthly/klines/ensusdt/1m/ENSUSDT-1m-2026-05.csv
futures/um/monthly/klines/ensusdt/1m/ENSUSDT-1m-2026-06.csv
futures/um/monthly/klines/ensusdt/1m/ENSUSDT-1m-2026-07.csv
futures/um/monthly/klines/ensusdt/1m/ENSUSDT-1m-2026-08.csv
futures/um/monthly/klines/epicusdt/1m/EPICUSDT-1m-2025-03.csv
futures/um/monthly/klines/epicusdt/1m/EPICUSDT-1m-2025-04.csv
futures/um/monthly/klines/epicusdt/1m/EPICUSDT-1m-2025-05.csv
futures/um/monthly/klines/epicusdt/1m/EPICUSDT-1m-2025-06.csv
futures/um/monthly/klines/epicusdt/1m/EPICUSDT-1m-2025-07.csv
futures/um/monthly/klines/epicusdt/1m/EPICUSDT-1m-2025-08.csv
futures/um/monthly/klines/epicusdt/1m/EPICUSDT-1m-2025-09.csv
futures/um/monthly/klines/epicusdt/1m/EPICUSDT-1m-2025-10.csv
futures/um/monthly/klines/epicusdt/1m/EPICUSDT-1m-2025-11.csv
futures/um/monthly/klines/epicusdt/1m/EPICUSDT-1m-2025-12.csv
futures/um/monthly/klines/epicusdt/1m/EPICUSDT-1m-2026-01.csv
futures/um/monthly/klines/epicusdt/1m/EPICUSDT-1m-2026-02.csv
futures/um/monthly/klines/epicusdt/1m/EPICUSDT-1m-2026-03.csv
futures/um/monthly/klines/epicusdt/1m/EPICUSDT-1m-2026-04.csv
futures/um/monthly/klines/epicusdt/1m/EPICUSDT-1m-2026-05.csv
futures/um/monthly/klines/epicusdt/1m/EPICUSDT-1m-2026-06.csv
futures/um/monthly/klines/epicusdt/1m/EPICUSDT-1m-2026-07.csv
futures/um/monthly/klines/epicusdt/1m/EPICUSDT-1m-2026-08.csv
futures/um/monthly/klines/erausdt/1m/ERAUSDT-1m-2025-07.csv
futures/um/monthly/klines/erausdt/1m/ERAUSDT-1m-2025-08.csv
futures/um/monthly/klines/erausdt/1m/ERAUSDT-1m-2025-09.csv
futures/um/monthly/klines/erausdt/1m/ERAUSDT-1m-2025-10.csv
futures/um/monthly/klines/erausdt/1m/ERAUSDT-1m-2025-11.csv
futures/um/monthly/klines/erausdt/1m/ERAUSDT-1m-2025-12.csv
futures/um/monthly/klines/erausdt/1m/ERAUSDT-1m-2026-01.csv
futures/um/monthly/klines/erausdt/1m/ERAUSDT-1m-2026-02.csv
futures/um/monthly/klines/erausdt/1m/ERAUSDT-1m-2026-03.csv
futures/um/monthly/klines/erausdt/1m/ERAUSDT-1m-2026-04.csv
futures/um/monthly/klines/erausdt/1m/ERAUSDT-1m-2026-05.csv
futures/um/monthly/klines/erausdt/1m/ERAUSDT-1m-2026-06.csv
futures/um/monthly/klines/erausdt/1m/ERAUSDT-1m-2026-07.csv
futures/um/monthly/klines/erausdt/1m/ERAUSDT-1m-2026-08.csv
futures/um/monthly/klines/esportsusdt/1m/ESPORTSUSDT-1m-2025-07.csv
futures/um/monthly/klines/esportsusdt/1m/ESPORTSUSDT-1m-2025-08.csv
futures/um/monthly/klines/esportsusdt/1m/ESPORTSUSDT-1m-2025-09.csv
futures/um/monthly/klines/esportsusdt/1m/ESPORTSUSDT-1m-2025-10.csv
futures/um/monthly/klines/esportsusdt/1m/ESPORTSUSDT-1m-2025-11.csv
futures/um/monthly/klines/esportsusdt/1m/ESPORTSUSDT-1m-2025-12.csv
futures/um/monthly/klines/esportsusdt/1m/ESPORTSUSDT-1m-2026-01.csv
futures/um/monthly/klines/esportsusdt/1m/ESPORTSUSDT-1m-2026-02.csv
futures/um/monthly/klines/esportsusdt/1m/ESPORTSUSDT-1m-2026-03.csv
futures/um/monthly/klines/esportsusdt/1m/ESPORTSUSDT-1m-2026-04.csv
futures/um/monthly/klines/esportsusdt/1m/ESPORTSUSDT-1m-2026-05.csv
futures/um/monthly/klines/esportsusdt/1m/ESPORTSUSDT-1m-2026-06.csv
futures/um/monthly/klines/esportsusdt/1m/ESPORTSUSDT-1m-2026-07.csv
futures/um/monthly/klines/esportsusdt/1m/ESPORTSUSDT-1m-2026-08.csv
futures/um/monthly/klines/espusdt/1m/ESPUSDT-1m-2026-02.csv
futures/um/monthly/klines/espusdt/1m/ESPUSDT-1m-2026-03.csv
futures/um/monthly/klines/espusdt/1m/ESPUSDT-1m-2026-04.csv
futures/um/monthly/klines/espusdt/1m/ESPUSDT-1m-2026-05.csv
futures/um/monthly/klines/espusdt/1m/ESPUSDT-1m-2026-06.csv
futures/um/monthly/klines/espusdt/1m/ESPUSDT-1m-2026-07.csv
futures/um/monthly/klines/espusdt/1m/ESPUSDT-1m-2026-08.csv
futures/um/monthly/klines/etcusdt/1m/ETCUSDT-1m-2020-01.csv
futures/um/monthly/klines/etcusdt/1m/ETCUSDT-1m-2020-02.csv
futures/um/monthly/klines/etcusdt/1m/ETCUSDT-1m-2020-03.csv
futures/um/monthly/klines/etcusdt/1m/ETCUSDT-1m-2020-04.csv
futures/um/monthly/klines/etcusdt/1m/ETCUSDT-1m-2020-05.csv
futures/um/monthly/klines/etcusdt/1m/ETCUSDT-1m-2020-06.csv
futures/um/monthly/klines/etcusdt/1m/ETCUSDT-1m-2020-07.csv
futures/um/monthly/klines/etcusdt/1m/ETCUSDT-1m-2020-08.csv
futures/um/monthly/klines/etcusdt/1m/ETCUSDT-1m-2020-09.csv
futures/um/monthly/klines/etcusdt/1m/ETCUSDT-1m-2020-10.csv
futures/um/monthly/klines/etcusdt/1m/ETCUSDT-1m-2020-11.csv
futures/um/monthly/klines/etcusdt/1m/ETCUSDT-1m-2020-12.csv
futures/um/monthly/klines/etcusdt/1m/ETCUSDT-1m-2021-01.csv
futures/um/monthly/klines/etcusdt/1m/ETCUSDT-1m-2021-02.csv
futures/um/monthly/klines/etcusdt/1m/ETCUSDT-1m-2021-03.csv
futures/um/monthly/klines/etcusdt/1m/ETCUSDT-1m-2021-04.csv
futures/um/monthly/klines/etcusdt/1m/ETCUSDT-1m-2021-05.csv
futures/um/monthly/klines/etcusdt/1m/ETCUSDT-1m-2021-06.csv
futures/um/monthly/klines/etcusdt/1m/ETCUSDT-1m-2021-07.csv
futures/um/monthly/klines/etcusdt/1m/ETCUSDT-1m-2021-08.csv
futures/um/monthly/klines/etcusdt/1m/ETCUSDT-1m-2021-09.csv
futures/um/monthly/klines/etcusdt/1m/ETCUSDT-1m-2021-10.csv
futures/um/monthly/klines/etcusdt/1m/ETCUSDT-1m-2021-11.csv
futures/um/monthly/klines/etcusdt/1m/ETCUSDT-1m-2021-12.csv
futures/um/monthly/klines/etcusdt/1m/ETCUSDT-1m-2022-01.csv
futures/um/monthly/klines/etcusdt/1m/ETCUSDT-1m-2022-02.csv
futures/um/monthly/klines/etcusdt/1m/ETCUSDT-1m-2022-03.csv
futures/um/monthly/klines/etcusdt/1m/ETCUSDT-1m-2022-04.csv
futures/um/monthly/klines/etcusdt/1m/ETCUSDT-1m-2022-05.csv
futures/um/monthly/klines/etcusdt/1m/ETCUSDT-1m-2022-06.csv
futures/um/monthly/klines/etcusdt/1m/ETCUSDT-1m-2022-07.csv
futures/um/monthly/klines/etcusdt/1m/ETCUSDT-1m-2022-08.csv
futures/um/monthly/klines/etcusdt/1m/ETCUSDT-1m-2022-09.csv
futures/um/monthly/klines/etcusdt/1m/ETCUSDT-1m-2022-10.csv
futures/um/monthly/klines/etcusdt/1m/ETCUSDT-1m-2022-11.csv
futures/um/monthly/klines/etcusdt/1m/ETCUSDT-1m-2022-12.csv
futures/um/monthly/klines/etcusdt/1m/ETCUSDT-1m-2023-01.csv
futures/um/monthly/klines/etcusdt/1m/ETCUSDT-1m-2023-02.csv
futures/um/monthly/klines/etcusdt/1m/ETCUSDT-1m-2023-03.csv
futures/um/monthly/klines/etcusdt/1m/ETCUSDT-1m-2023-04.csv
futures/um/monthly/klines/etcusdt/1m/ETCUSDT-1m-2023-05.csv
futures/um/monthly/klines/etcusdt/1m/ETCUSDT-1m-2023-06.csv
futures/um/monthly/klines/etcusdt/1m/ETCUSDT-1m-2023-07.csv
futures/um/monthly/klines/etcusdt/1m/ETCUSDT-1m-2023-08.csv
futures/um/monthly/klines/etcusdt/1m/ETCUSDT-1m-2023-09.csv
futures/um/monthly/klines/etcusdt/1m/ETCUSDT-1m-2023-10.csv
futures/um/monthly/klines/etcusdt/1m/ETCUSDT-1m-2023-11.csv
futures/um/monthly/klines/etcusdt/1m/ETCUSDT-1m-2023-12.csv
futures/um/monthly/klines/etcusdt/1m/ETCUSDT-1m-2024-01.csv
futures/um/monthly/klines/etcusdt/1m/ETCUSDT-1m-2024-02.csv
futures/um/monthly/klines/etcusdt/1m/ETCUSDT-1m-2024-03.csv
futures/um/monthly/klines/etcusdt/1m/ETCUSDT-1m-2024-04.csv
futures/um/monthly/klines/etcusdt/1m/ETCUSDT-1m-2024-05.csv
futures/um/monthly/klines/etcusdt/1m/ETCUSDT-1m-2024-06.csv
futures/um/monthly/klines/etcusdt/1m/ETCUSDT-1m-2024-07.csv
futures/um/monthly/klines/etcusdt/1m/ETCUSDT-1m-2024-08.csv
futures/um/monthly/klines/etcusdt/1m/ETCUSDT-1m-2024-09.csv
futures/um/monthly/klines/etcusdt/1m/ETCUSDT-1m-2024-10.csv
futures/um/monthly/klines/etcusdt/1m/ETCUSDT-1m-2024-11.csv
futures/um/monthly/klines/etcusdt/1m/ETCUSDT-1m-2024-12.csv
futures/um/monthly/klines/etcusdt/1m/ETCUSDT-1m-2025-01.csv
futures/um/monthly/klines/etcusdt/1m/ETCUSDT-1m-2025-02.csv
futures/um/monthly/klines/etcusdt/1m/ETCUSDT-1m-2025-03.csv
futures/um/monthly/klines/etcusdt/1m/ETCUSDT-1m-2025-04.csv
futures/um/monthly/klines/etcusdt/1m/ETCUSDT-1m-2025-05.csv
futures/um/monthly/klines/etcusdt/1m/ETCUSDT-1m-2025-06.csv
futures/um/monthly/klines/etcusdt/1m/ETCUSDT-1m-2025-07.csv
futures/um/monthly/klines/etcusdt/1m/ETCUSDT-1m-2025-08.csv
futures/um/monthly/klines/etcusdt/1m/ETCUSDT-1m-2025-09.csv
futures/um/monthly/klines/etcusdt/1m/ETCUSDT-1m-2025-10.csv
futures/um/monthly/klines/etcusdt/1m/ETCUSDT-1m-2025-11.csv
futures/um/monthly/klines/etcusdt/1m/ETCUSDT-1m-2025-12.csv
futures/um/monthly/klines/etcusdt/1m/ETCUSDT-1m-2026-01.csv
futures/um/monthly/klines/etcusdt/1m/ETCUSDT-1m-2026-02.csv
futures/um/monthly/klines/etcusdt/1m/ETCUSDT-1m-2026-03.csv
futures/um/monthly/klines/etcusdt/1m/ETCUSDT-1m-2026-04.csv
futures/um/monthly/klines/etcusdt/1m/ETCUSDT-1m-2026-05.csv
futures/um/monthly/klines/etcusdt/1m/ETCUSDT-1m-2026-06.csv
futures/um/monthly/klines/etcusdt/1m/ETCUSDT-1m-2026-07.csv
futures/um/monthly/klines/etcusdt/1m/ETCUSDT-1m-2026-08.csv
futures/um/monthly/klines/ethfiusdt/1m/ETHFIUSDT-1m-2024-03.csv
futures/um/monthly/klines/ethfiusdt/1m/ETHFIUSDT-1m-2024-04.csv
futures/um/monthly/klines/ethfiusdt/1m/ETHFIUSDT-1m-2024-05.csv
futures/um/monthly/klines/ethfiusdt/1m/ETHFIUSDT-1m-2024-06.csv
futures/um/monthly/klines/ethfiusdt/1m/ETHFIUSDT-1m-2024-07.csv
futures/um/monthly/klines/ethfiusdt/1m/ETHFIUSDT-1m-2024-08.csv
futures/um/monthly/klines/ethfiusdt/1m/ETHFIUSDT-1m-2024-09.csv
futures/um/monthly/klines/ethfiusdt/1m/ETHFIUSDT-1m-2024-10.csv
futures/um/monthly/klines/ethfiusdt/1m/ETHFIUSDT-1m-2024-11.csv
futures/um/monthly/klines/ethfiusdt/1m/ETHFIUSDT-1m-2024-12.csv
futures/um/monthly/klines/ethfiusdt/1m/ETHFIUSDT-1m-2025-01.csv
futures/um/monthly/klines/ethfiusdt/1m/ETHFIUSDT-1m-2025-02.csv
futures/um/monthly/klines/ethfiusdt/1m/ETHFIUSDT-1m-2025-03.csv
futures/um/monthly/klines/ethfiusdt/1m/ETHFIUSDT-1m-2025-04.csv
futures/um/monthly/klines/ethfiusdt/1m/ETHFIUSDT-1m-2025-05.csv
futures/um/monthly/klines/ethfiusdt/1m/ETHFIUSDT-1m-2025-06.csv
futures/um/monthly/klines/ethfiusdt/1m/ETHFIUSDT-1m-2025-07.csv
futures/um/monthly/klines/ethfiusdt/1m/ETHFIUSDT-1m-2025-08.csv
futures/um/monthly/klines/ethfiusdt/1m/ETHFIUSDT-1m-2025-09.csv
futures/um/monthly/klines/ethfiusdt/1m/ETHFIUSDT-1m-2025-10.csv
futures/um/monthly/klines/ethfiusdt/1m/ETHFIUSDT-1m-2025-11.csv
futures/um/monthly/klines/ethfiusdt/1m/ETHFIUSDT-1m-2025-12.csv
futures/um/monthly/klines/ethfiusdt/1m/ETHFIUSDT-1m-2026-01.csv
futures/um/monthly/klines/ethfiusdt/1m/ETHFIUSDT-1m-2026-02.csv
futures/um/monthly/klines/ethfiusdt/1m/ETHFIUSDT-1m-2026-03.csv
futures/um/monthly/klines/ethfiusdt/1m/ETHFIUSDT-1m-2026-04.csv
futures/um/monthly/klines/ethfiusdt/1m/ETHFIUSDT-1m-2026-05.csv
futures/um/monthly/klines/ethfiusdt/1m/ETHFIUSDT-1m-2026-06.csv
futures/um/monthly/klines/ethfiusdt/1m/ETHFIUSDT-1m-2026-07.csv
futures/um/monthly/klines/ethfiusdt/1m/ETHFIUSDT-1m-2026-08.csv
futures/um/monthly/klines/ethusdt/1m/ETHUSDT-1m-2020-01.csv
futures/um/monthly/klines/ethusdt/1m/ETHUSDT-1m-2020-02.csv
futures/um/monthly/klines/ethusdt/1m/ETHUSDT-1m-2020-03.csv
futures/um/monthly/klines/ethusdt/1m/ETHUSDT-1m-2020-04.csv
futures/um/monthly/klines/ethusdt/1m/ETHUSDT-1m-2020-05.csv
futures/um/monthly/klines/ethusdt/1m/ETHUSDT-1m-2020-06.csv
futures/um/monthly/klines/ethusdt/1m/ETHUSDT-1m-2020-07.csv
futures/um/monthly/klines/ethusdt/1m/ETHUSDT-1m-2020-08.csv
futures/um/monthly/klines/ethusdt/1m/ETHUSDT-1m-2020-09.csv
futures/um/monthly/klines/ethusdt/1m/ETHUSDT-1m-2020-10.csv
futures/um/monthly/klines/ethusdt/1m/ETHUSDT-1m-2020-11.csv
futures/um/monthly/klines/ethusdt/1m/ETHUSDT-1m-2020-12.csv
futures/um/monthly/klines/ethusdt/1m/ETHUSDT-1m-2021-01.csv
futures/um/monthly/klines/ethusdt/1m/ETHUSDT-1m-2021-02.csv
futures/um/monthly/klines/ethusdt/1m/ETHUSDT-1m-2021-03.csv
futures/um/monthly/klines/ethusdt/1m/ETHUSDT-1m-2021-04.csv
futures/um/monthly/klines/ethusdt/1m/ETHUSDT-1m-2021-05.csv
futures/um/monthly/klines/ethusdt/1m/ETHUSDT-1m-2021-06.csv
futures/um/monthly/klines/ethusdt/1m/ETHUSDT-1m-2021-07.csv
futures/um/monthly/klines/ethusdt/1m/ETHUSDT-1m-2021-08.csv
futures/um/monthly/klines/ethusdt/1m/ETHUSDT-1m-2021-09.csv
futures/um/monthly/klines/ethusdt/1m/ETHUSDT-1m-2021-10.csv
futures/um/monthly/klines/ethusdt/1m/ETHUSDT-1m-2021-11.csv
futures/um/monthly/klines/ethusdt/1m/ETHUSDT-1m-2021-12.csv
futures/um/monthly/klines/ethusdt/1m/ETHUSDT-1m-2022-01.csv
futures/um/monthly/klines/ethusdt/1m/ETHUSDT-1m-2022-02.csv
futures/um/monthly/klines/ethusdt/1m/ETHUSDT-1m-2022-03.csv
futures/um/monthly/klines/ethusdt/1m/ETHUSDT-1m-2022-04.csv
futures/um/monthly/klines/ethusdt/1m/ETHUSDT-1m-2022-05.csv
futures/um/monthly/klines/ethusdt/1m/ETHUSDT-1m-2022-06.csv
futures/um/monthly/klines/ethusdt/1m/ETHUSDT-1m-2022-07.csv
futures/um/monthly/klines/ethusdt/1m/ETHUSDT-1m-2022-08.csv
futures/um/monthly/klines/ethusdt/1m/ETHUSDT-1m-2022-09.csv
futures/um/monthly/klines/ethusdt/1m/ETHUSDT-1m-2022-10.csv
futures/um/monthly/klines/ethusdt/1m/ETHUSDT-1m-2022-11.csv
futures/um/monthly/klines/ethusdt/1m/ETHUSDT-1m-2022-12.csv
futures/um/monthly/klines/ethusdt/1m/ETHUSDT-1m-2023-01.csv
futures/um/monthly/klines/ethusdt/1m/ETHUSDT-1m-2023-02.csv
futures/um/monthly/klines/ethusdt/1m/ETHUSDT-1m-2023-03.csv
futures/um/monthly/klines/ethusdt/1m/ETHUSDT-1m-2023-04.csv
futures/um/monthly/klines/ethusdt/1m/ETHUSDT-1m-2023-05.csv
futures/um/monthly/klines/ethusdt/1m/ETHUSDT-1m-2023-06.csv
futures/um/monthly/klines/ethusdt/1m/ETHUSDT-1m-2023-07.csv
futures/um/monthly/klines/ethusdt/1m/ETHUSDT-1m-2023-08.csv
futures/um/monthly/klines/ethusdt/1m/ETHUSDT-1m-2023-09.csv
futures/um/monthly/klines/ethusdt/1m/ETHUSDT-1m-2023-10.csv
futures/um/monthly/klines/ethusdt/1m/ETHUSDT-1m-2023-11.csv
futures/um/monthly/klines/ethusdt/1m/ETHUSDT-1m-2023-12.csv
futures/um/monthly/klines/ethusdt/1m/ETHUSDT-1m-2024-01.csv
futures/um/monthly/klines/ethusdt/1m/ETHUSDT-1m-2024-02.csv
futures/um/monthly/klines/ethusdt/1m/ETHUSDT-1m-2024-03.csv
futures/um/monthly/klines/ethusdt/1m/ETHUSDT-1m-2024-04.csv
futures/um/monthly/klines/ethusdt/1m/ETHUSDT-1m-2024-05.csv
futures/um/monthly/klines/ethusdt/1m/ETHUSDT-1m-2024-06.csv
futures/um/monthly/klines/ethusdt/1m/ETHUSDT-1m-2024-07.csv
futures/um/monthly/klines/ethusdt/1m/ETHUSDT-1m-2024-08.csv
futures/um/monthly/klines/ethusdt/1m/ETHUSDT-1m-2024-09.csv
futures/um/monthly/klines/ethusdt/1m/ETHUSDT-1m-2024-10.csv
futures/um/monthly/klines/ethusdt/1m/ETHUSDT-1m-2024-11.csv
futures/um/monthly/klines/ethusdt/1m/ETHUSDT-1m-2024-12.csv
futures/um/monthly/klines/ethusdt/1m/ETHUSDT-1m-2025-01.csv
futures/um/monthly/klines/ethusdt/1m/ETHUSDT-1m-2025-02.csv
futures/um/monthly/klines/ethusdt/1m/ETHUSDT-1m-2025-03.csv
futures/um/monthly/klines/ethusdt/1m/ETHUSDT-1m-2025-04.csv
futures/um/monthly/klines/ethusdt/1m/ETHUSDT-1m-2025-05.csv
futures/um/monthly/klines/ethusdt/1m/ETHUSDT-1m-2025-06.csv
futures/um/monthly/klines/ethusdt/1m/ETHUSDT-1m-2025-07.csv
futures/um/monthly/klines/ethusdt/1m/ETHUSDT-1m-2025-08.csv
futures/um/monthly/klines/ethusdt/1m/ETHUSDT-1m-2025-09.csv
futures/um/monthly/klines/ethusdt/1m/ETHUSDT-1m-2025-10.csv
futures/um/monthly/klines/ethusdt/1m/ETHUSDT-1m-2025-11.csv
futures/um/monthly/klines/ethusdt/1m/ETHUSDT-1m-2025-12.csv
futures/um/monthly/klines/ethusdt/1m/ETHUSDT-1m-2026-01.csv
futures/um/monthly/klines/ethusdt/1m/ETHUSDT-1m-2026-02.csv
futures/um/monthly/klines/ethusdt/1m/ETHUSDT-1m-2026-03.csv
futures/um/monthly/klines/ethusdt/1m/ETHUSDT-1m-2026-04.csv
futures/um/monthly/klines/ethusdt/1m/ETHUSDT-1m-2026-05.csv
futures/um/monthly/klines/ethusdt/1m/ETHUSDT-1m-2026-06.csv
futures/um/monthly/klines/ethusdt/1m/ETHUSDT-1m-2026-07.csv
futures/um/monthly/klines/ethusdt/1m/ETHUSDT-1m-2026-08.csv
futures/um/monthly/klines/ethwusdt/1m/ETHWUSDT-1m-2023-11.csv
futures/um/monthly/klines/ethwusdt/1m/ETHWUSDT-1m-2023-12.csv
futures/um/monthly/klines/ethwusdt/1m/ETHWUSDT-1m-2024-01.csv
futures/um/monthly/klines/ethwusdt/1m/ETHWUSDT-1m-2024-02.csv
futures/um/monthly/klines/ethwusdt/1m/ETHWUSDT-1m-2024-03.csv
futures/um/monthly/klines/ethwusdt/1m/ETHWUSDT-1m-2024-04.csv
futures/um/monthly/klines/ethwusdt/1m/ETHWUSDT-1m-2024-05.csv
futures/um/monthly/klines/ethwusdt/1m/ETHWUSDT-1m-2024-06.csv
futures/um/monthly/klines/ethwusdt/1m/ETHWUSDT-1m-2024-07.csv
futures/um/monthly/klines/ethwusdt/1m/ETHWUSDT-1m-2024-08.csv
futures/um/monthly/klines/ethwusdt/1m/ETHWUSDT-1m-2024-09.csv
futures/um/monthly/klines/ethwusdt/1m/ETHWUSDT-1m-2024-10.csv
futures/um/monthly/klines/ethwusdt/1m/ETHWUSDT-1m-2024-11.csv
futures/um/monthly/klines/ethwusdt/1m/ETHWUSDT-1m-2024-12.csv
futures/um/monthly/klines/ethwusdt/1m/ETHWUSDT-1m-2025-01.csv
futures/um/monthly/klines/ethwusdt/1m/ETHWUSDT-1m-2025-02.csv
futures/um/monthly/klines/ethwusdt/1m/ETHWUSDT-1m-2025-03.csv
futures/um/monthly/klines/ethwusdt/1m/ETHWUSDT-1m-2025-04.csv
futures/um/monthly/klines/ethwusdt/1m/ETHWUSDT-1m-2025-05.csv
futures/um/monthly/klines/ethwusdt/1m/ETHWUSDT-1m-2025-06.csv
futures/um/monthly/klines/ethwusdt/1m/ETHWUSDT-1m-2025-07.csv
futures/um/monthly/klines/ethwusdt/1m/ETHWUSDT-1m-2025-08.csv
futures/um/monthly/klines/ethwusdt/1m/ETHWUSDT-1m-2025-09.csv
futures/um/monthly/klines/ethwusdt/1m/ETHWUSDT-1m-2025-10.csv
futures/um/monthly/klines/ethwusdt/1m/ETHWUSDT-1m-2025-11.csv
futures/um/monthly/klines/ethwusdt/1m/ETHWUSDT-1m-2025-12.csv
futures/um/monthly/klines/ethwusdt/1m/ETHWUSDT-1m-2026-01.csv
futures/um/monthly/klines/ethwusdt/1m/ETHWUSDT-1m-2026-02.csv
futures/um/monthly/klines/ethwusdt/1m/ETHWUSDT-1m-2026-03.csv
futures/um/monthly/klines/ethwusdt/1m/ETHWUSDT-1m-2026-04.csv
futures/um/monthly/klines/ethwusdt/1m/ETHWUSDT-1m-2026-05.csv
futures/um/monthly/klines/ethwusdt/1m/ETHWUSDT-1m-2026-06.csv
futures/um/monthly/klines/ethwusdt/1m/ETHWUSDT-1m-2026-07.csv
futures/um/monthly/klines/ethwusdt/1m/ETHWUSDT-1m-2026-08.csv
futures/um/monthly/klines/eulusdt/1m/EULUSDT-1m-2025-10.csv
futures/um/monthly/klines/eulusdt/1m/EULUSDT-1m-2025-11.csv
futures/um/monthly/klines/eulusdt/1m/EULUSDT-1m-2025-12.csv
futures/um/monthly/klines/eulusdt/1m/EULUSDT-1m-2026-01.csv
futures/um/monthly/klines/eulusdt/1m/EULUSDT-1m-2026-02.csv
futures/um/monthly/klines/eulusdt/1m/EULUSDT-1m-2026-03.csv
futures/um/monthly/klines/eulusdt/1m/EULUSDT-1m-2026-04.csv
futures/um/monthly/klines/eulusdt/1m/EULUSDT-1m-2026-05.csv
futures/um/monthly/klines/eulusdt/1m/EULUSDT-1m-2026-06.csv
futures/um/monthly/klines/eulusdt/1m/EULUSDT-1m-2026-07.csv
futures/um/monthly/klines/eulusdt/1m/EULUSDT-1m-2026-08.csv
futures/um/monthly/klines/evaausdt/1m/EVAAUSDT-1m-2025-10.csv
futures/um/monthly/klines/evaausdt/1m/EVAAUSDT-1m-2025-11.csv
futures/um/monthly/klines/evaausdt/1m/EVAAUSDT-1m-2025-12.csv
futures/um/monthly/klines/evaausdt/1m/EVAAUSDT-1m-2026-01.csv
futures/um/monthly/klines/evaausdt/1m/EVAAUSDT-1m-2026-02.csv
futures/um/monthly/klines/evaausdt/1m/EVAAUSDT-1m-2026-03.csv
futures/um/monthly/klines/evaausdt/1m/EVAAUSDT-1m-2026-04.csv
futures/um/monthly/klines/evaausdt/1m/EVAAUSDT-1m-2026-05.csv
futures/um/monthly/klines/evaausdt/1m/EVAAUSDT-1m-2026-06.csv
futures/um/monthly/klines/evaausdt/1m/EVAAUSDT-1m-2026-07.csv
futures/um/monthly/klines/evaausdt/1m/EVAAUSDT-1m-2026-08.csv
futures/um/monthly/klines/fartcoinusdt/1m/FARTCOINUSDT-1m-2024-12.csv
futures/um/monthly/klines/fartcoinusdt/1m/FARTCOINUSDT-1m-2025-01.csv
futures/um/monthly/klines/fartcoinusdt/1m/FARTCOINUSDT-1m-2025-02.csv
futures/um/monthly/klines/fartcoinusdt/1m/FARTCOINUSDT-1m-2025-03.csv
futures/um/monthly/klines/fartcoinusdt/1m/FARTCOINUSDT-1m-2025-04.csv
futures/um/monthly/klines/fartcoinusdt/1m/FARTCOINUSDT-1m-2025-05.csv
futures/um/monthly/klines/fartcoinusdt/1m/FARTCOINUSDT-1m-2025-06.csv
futures/um/monthly/klines/fartcoinusdt/1m/FARTCOINUSDT-1m-2025-07.csv
futures/um/monthly/klines/fartcoinusdt/1m/FARTCOINUSDT-1m-2025-08.csv
futures/um/monthly/klines/fartcoinusdt/1m/FARTCOINUSDT-1m-2025-09.csv
futures/um/monthly/klines/fartcoinusdt/1m/FARTCOINUSDT-1m-2025-10.csv
futures/um/monthly/klines/fartcoinusdt/1m/FARTCOINUSDT-1m-2025-11.csv
futures/um/monthly/klines/fartcoinusdt/1m/FARTCOINUSDT-1m-2025-12.csv
futures/um/monthly/klines/fartcoinusdt/1m/FARTCOINUSDT-1m-2026-01.csv
futures/um/monthly/klines/fartcoinusdt/1m/FARTCOINUSDT-1m-2026-02.csv
futures/um/monthly/klines/fartcoinusdt/1m/FARTCOINUSDT-1m-2026-03.csv
futures/um/monthly/klines/fartcoinusdt/1m/FARTCOINUSDT-1m-2026-04.csv
futures/um/monthly/klines/fartcoinusdt/1m/FARTCOINUSDT-1m-2026-05.csv
futures/um/monthly/klines/fartcoinusdt/1m/FARTCOINUSDT-1m-2026-06.csv
futures/um/monthly/klines/fartcoinusdt/1m/FARTCOINUSDT-1m-2026-07.csv
futures/um/monthly/klines/fartcoinusdt/1m/FARTCOINUSDT-1m-2026-08.csv
futures/um/monthly/klines/fetusdt/1m/FETUSDT-1m-2023-01.csv
futures/um/monthly/klines/fetusdt/1m/FETUSDT-1m-2023-02.csv
futures/um/monthly/klines/fetusdt/1m/FETUSDT-1m-2023-03.csv
futures/um/monthly/klines/fetusdt/1m/FETUSDT-1m-2023-04.csv
futures/um/monthly/klines/fetusdt/1m/FETUSDT-1m-2023-05.csv
futures/um/monthly/klines/fetusdt/1m/FETUSDT-1m-2023-06.csv
futures/um/monthly/klines/fetusdt/1m/FETUSDT-1m-2023-07.csv
futures/um/monthly/klines/fetusdt/1m/FETUSDT-1m-2023-08.csv
futures/um/monthly/klines/fetusdt/1m/FETUSDT-1m-2023-09.csv
futures/um/monthly/klines/fetusdt/1m/FETUSDT-1m-2023-10.csv
futures/um/monthly/klines/fetusdt/1m/FETUSDT-1m-2023-11.csv
futures/um/monthly/klines/fetusdt/1m/FETUSDT-1m-2023-12.csv
futures/um/monthly/klines/fetusdt/1m/FETUSDT-1m-2024-01.csv
futures/um/monthly/klines/fetusdt/1m/FETUSDT-1m-2024-02.csv
futures/um/monthly/klines/fetusdt/1m/FETUSDT-1m-2024-03.csv
futures/um/monthly/klines/fetusdt/1m/FETUSDT-1m-2024-04.csv
futures/um/monthly/klines/fetusdt/1m/FETUSDT-1m-2024-05.csv
futures/um/monthly/klines/fetusdt/1m/FETUSDT-1m-2024-06.csv
futures/um/monthly/klines/fetusdt/1m/FETUSDT-1m-2024-07.csv
futures/um/monthly/klines/fetusdt/1m/FETUSDT-1m-2024-08.csv
futures/um/monthly/klines/fetusdt/1m/FETUSDT-1m-2024-09.csv
futures/um/monthly/klines/fetusdt/1m/FETUSDT-1m-2024-10.csv
futures/um/monthly/klines/fetusdt/1m/FETUSDT-1m-2024-11.csv
futures/um/monthly/klines/fetusdt/1m/FETUSDT-1m-2024-12.csv
futures/um/monthly/klines/fetusdt/1m/FETUSDT-1m-2025-01.csv
futures/um/monthly/klines/fetusdt/1m/FETUSDT-1m-2025-02.csv
futures/um/monthly/klines/fetusdt/1m/FETUSDT-1m-2025-03.csv
futures/um/monthly/klines/fetusdt/1m/FETUSDT-1m-2025-04.csv
futures/um/monthly/klines/fetusdt/1m/FETUSDT-1m-2025-05.csv
futures/um/monthly/klines/fetusdt/1m/FETUSDT-1m-2025-06.csv
futures/um/monthly/klines/fetusdt/1m/FETUSDT-1m-2025-07.csv
futures/um/monthly/klines/fetusdt/1m/FETUSDT-1m-2025-08.csv
futures/um/monthly/klines/fetusdt/1m/FETUSDT-1m-2025-09.csv
futures/um/monthly/klines/fetusdt/1m/FETUSDT-1m-2025-10.csv
futures/um/monthly/klines/fetusdt/1m/FETUSDT-1m-2025-11.csv
futures/um/monthly/klines/fetusdt/1m/FETUSDT-1m-2025-12.csv
futures/um/monthly/klines/fetusdt/1m/FETUSDT-1m-2026-01.csv
futures/um/monthly/klines/fetusdt/1m/FETUSDT-1m-2026-02.csv
futures/um/monthly/klines/fetusdt/1m/FETUSDT-1m-2026-03.csv
futures/um/monthly/klines/fetusdt/1m/FETUSDT-1m-2026-04.csv
futures/um/monthly/klines/fetusdt/1m/FETUSDT-1m-2026-05.csv
futures/um/monthly/klines/fetusdt/1m/FETUSDT-1m-2026-06.csv
futures/um/monthly/klines/fetusdt/1m/FETUSDT-1m-2026-07.csv
futures/um/monthly/klines/fetusdt/1m/FETUSDT-1m-2026-08.csv
futures/um/monthly/klines/ffusdt/1m/FFUSDT-1m-2025-09.csv
futures/um/monthly/klines/ffusdt/1m/FFUSDT-1m-2025-10.csv
futures/um/monthly/klines/ffusdt/1m/FFUSDT-1m-2025-11.csv
futures/um/monthly/klines/ffusdt/1m/FFUSDT-1m-2025-12.csv
futures/um/monthly/klines/ffusdt/1m/FFUSDT-1m-2026-01.csv
futures/um/monthly/klines/ffusdt/1m/FFUSDT-1m-2026-02.csv
futures/um/monthly/klines/ffusdt/1m/FFUSDT-1m-2026-03.csv
futures/um/monthly/klines/ffusdt/1m/FFUSDT-1m-2026-04.csv
futures/um/monthly/klines/ffusdt/1m/FFUSDT-1m-2026-05.csv
futures/um/monthly/klines/ffusdt/1m/FFUSDT-1m-2026-06.csv
futures/um/monthly/klines/ffusdt/1m/FFUSDT-1m-2026-07.csv
futures/um/monthly/klines/ffusdt/1m/FFUSDT-1m-2026-08.csv
futures/um/monthly/klines/fheusdt/1m/FHEUSDT-1m-2025-04.csv
futures/um/monthly/klines/fheusdt/1m/FHEUSDT-1m-2025-05.csv
futures/um/monthly/klines/fheusdt/1m/FHEUSDT-1m-2025-06.csv
futures/um/monthly/klines/fheusdt/1m/FHEUSDT-1m-2025-07.csv
futures/um/monthly/klines/fheusdt/1m/FHEUSDT-1m-2025-08.csv
futures/um/monthly/klines/fheusdt/1m/FHEUSDT-1m-2025-09.csv
futures/um/monthly/klines/fheusdt/1m/FHEUSDT-1m-2025-10.csv
futures/um/monthly/klines/fheusdt/1m/FHEUSDT-1m-2025-11.csv
futures/um/monthly/klines/fheusdt/1m/FHEUSDT-1m-2025-12.csv
futures/um/monthly/klines/fheusdt/1m/FHEUSDT-1m-2026-01.csv
futures/um/monthly/klines/fheusdt/1m/FHEUSDT-1m-2026-02.csv
futures/um/monthly/klines/fheusdt/1m/FHEUSDT-1m-2026-03.csv
futures/um/monthly/klines/fheusdt/1m/FHEUSDT-1m-2026-04.csv
futures/um/monthly/klines/fheusdt/1m/FHEUSDT-1m-2026-05.csv
futures/um/monthly/klines/fheusdt/1m/FHEUSDT-1m-2026-06.csv
futures/um/monthly/klines/fheusdt/1m/FHEUSDT-1m-2026-07.csv
futures/um/monthly/klines/fheusdt/1m/FHEUSDT-1m-2026-08.csv
futures/um/monthly/klines/fidausdt/1m/FIDAUSDT-1m-2024-09.csv
futures/um/monthly/klines/fidausdt/1m/FIDAUSDT-1m-2024-10.csv
futures/um/monthly/klines/fidausdt/1m/FIDAUSDT-1m-2024-11.csv
futures/um/monthly/klines/fidausdt/1m/FIDAUSDT-1m-2024-12.csv
futures/um/monthly/klines/fidausdt/1m/FIDAUSDT-1m-2025-01.csv
futures/um/monthly/klines/fidausdt/1m/FIDAUSDT-1m-2025-02.csv
futures/um/monthly/klines/fidausdt/1m/FIDAUSDT-1m-2025-03.csv
futures/um/monthly/klines/fidausdt/1m/FIDAUSDT-1m-2025-04.csv
futures/um/monthly/klines/fidausdt/1m/FIDAUSDT-1m-2025-05.csv
futures/um/monthly/klines/fidausdt/1m/FIDAUSDT-1m-2025-06.csv
futures/um/monthly/klines/fidausdt/1m/FIDAUSDT-1m-2025-07.csv
futures/um/monthly/klines/fidausdt/1m/FIDAUSDT-1m-2025-08.csv
futures/um/monthly/klines/fidausdt/1m/FIDAUSDT-1m-2025-09.csv
futures/um/monthly/klines/fidausdt/1m/FIDAUSDT-1m-2025-10.csv
futures/um/monthly/klines/fidausdt/1m/FIDAUSDT-1m-2025-11.csv
futures/um/monthly/klines/fidausdt/1m/FIDAUSDT-1m-2025-12.csv
futures/um/monthly/klines/fidausdt/1m/FIDAUSDT-1m-2026-01.csv
futures/um/monthly/klines/fidausdt/1m/FIDAUSDT-1m-2026-02.csv
futures/um/monthly/klines/fidausdt/1m/FIDAUSDT-1m-2026-03.csv
futures/um/monthly/klines/fidausdt/1m/FIDAUSDT-1m-2026-04.csv
futures/um/monthly/klines/fidausdt/1m/FIDAUSDT-1m-2026-05.csv
futures/um/monthly/klines/fidausdt/1m/FIDAUSDT-1m-2026-06.csv
futures/um/monthly/klines/fidausdt/1m/FIDAUSDT-1m-2026-07.csv
futures/um/monthly/klines/fidausdt/1m/FIDAUSDT-1m-2026-08.csv
futures/um/monthly/klines/fightusdt/1m/FIGHTUSDT-1m-2026-01.csv
futures/um/monthly/klines/fightusdt/1m/FIGHTUSDT-1m-2026-02.csv
futures/um/monthly/klines/fightusdt/1m/FIGHTUSDT-1m-2026-03.csv
futures/um/monthly/klines/fightusdt/1m/FIGHTUSDT-1m-2026-04.csv
futures/um/monthly/klines/fightusdt/1m/FIGHTUSDT-1m-2026-05.csv
futures/um/monthly/klines/fightusdt/1m/FIGHTUSDT-1m-2026-06.csv
futures/um/monthly/klines/fightusdt/1m/FIGHTUSDT-1m-2026-07.csv
futures/um/monthly/klines/fightusdt/1m/FIGHTUSDT-1m-2026-08.csv
futures/um/monthly/klines/filusdt/1m/FILUSDT-1m-2020-10.csv
futures/um/monthly/klines/filusdt/1m/FILUSDT-1m-2020-11.csv
futures/um/monthly/klines/filusdt/1m/FILUSDT-1m-2020-12.csv
futures/um/monthly/klines/filusdt/1m/FILUSDT-1m-2021-01.csv
futures/um/monthly/klines/filusdt/1m/FILUSDT-1m-2021-02.csv
futures/um/monthly/klines/filusdt/1m/FILUSDT-1m-2021-03.csv
futures/um/monthly/klines/filusdt/1m/FILUSDT-1m-2021-04.csv
futures/um/monthly/klines/filusdt/1m/FILUSDT-1m-2021-05.csv
futures/um/monthly/klines/filusdt/1m/FILUSDT-1m-2021-06.csv
futures/um/monthly/klines/filusdt/1m/FILUSDT-1m-2021-07.csv
futures/um/monthly/klines/filusdt/1m/FILUSDT-1m-2021-08.csv
futures/um/monthly/klines/filusdt/1m/FILUSDT-1m-2021-09.csv
futures/um/monthly/klines/filusdt/1m/FILUSDT-1m-2021-10.csv
futures/um/monthly/klines/filusdt/1m/FILUSDT-1m-2021-11.csv
futures/um/monthly/klines/filusdt/1m/FILUSDT-1m-2021-12.csv
futures/um/monthly/klines/filusdt/1m/FILUSDT-1m-2022-01.csv
futures/um/monthly/klines/filusdt/1m/FILUSDT-1m-2022-02.csv
futures/um/monthly/klines/filusdt/1m/FILUSDT-1m-2022-03.csv
futures/um/monthly/klines/filusdt/1m/FILUSDT-1m-2022-04.csv
futures/um/monthly/klines/filusdt/1m/FILUSDT-1m-2022-05.csv
futures/um/monthly/klines/filusdt/1m/FILUSDT-1m-2022-06.csv
futures/um/monthly/klines/filusdt/1m/FILUSDT-1m-2022-07.csv
futures/um/monthly/klines/filusdt/1m/FILUSDT-1m-2022-08.csv
futures/um/monthly/klines/filusdt/1m/FILUSDT-1m-2022-09.csv
futures/um/monthly/klines/filusdt/1m/FILUSDT-1m-2022-10.csv
futures/um/monthly/klines/filusdt/1m/FILUSDT-1m-2022-11.csv
futures/um/monthly/klines/filusdt/1m/FILUSDT-1m-2022-12.csv
futures/um/monthly/klines/filusdt/1m/FILUSDT-1m-2023-01.csv
futures/um/monthly/klines/filusdt/1m/FILUSDT-1m-2023-02.csv
futures/um/monthly/klines/filusdt/1m/FILUSDT-1m-2023-03.csv
futures/um/monthly/klines/filusdt/1m/FILUSDT-1m-2023-04.csv
futures/um/monthly/klines/filusdt/1m/FILUSDT-1m-2023-05.csv
futures/um/monthly/klines/filusdt/1m/FILUSDT-1m-2023-06.csv
futures/um/monthly/klines/filusdt/1m/FILUSDT-1m-2023-07.csv
futures/um/monthly/klines/filusdt/1m/FILUSDT-1m-2023-08.csv
futures/um/monthly/klines/filusdt/1m/FILUSDT-1m-2023-09.csv
futures/um/monthly/klines/filusdt/1m/FILUSDT-1m-2023-10.csv
futures/um/monthly/klines/filusdt/1m/FILUSDT-1m-2023-11.csv
futures/um/monthly/klines/filusdt/1m/FILUSDT-1m-2023-12.csv
futures/um/monthly/klines/filusdt/1m/FILUSDT-1m-2024-01.csv
futures/um/monthly/klines/filusdt/1m/FILUSDT-1m-2024-02.csv
futures/um/monthly/klines/filusdt/1m/FILUSDT-1m-2024-03.csv
futures/um/monthly/klines/filusdt/1m/FILUSDT-1m-2024-04.csv
futures/um/monthly/klines/filusdt/1m/FILUSDT-1m-2024-05.csv
futures/um/monthly/klines/filusdt/1m/FILUSDT-1m-2024-06.csv
futures/um/monthly/klines/filusdt/1m/FILUSDT-1m-2024-07.csv
futures/um/monthly/klines/filusdt/1m/FILUSDT-1m-2024-08.csv
futures/um/monthly/klines/filusdt/1m/FILUSDT-1m-2024-09.csv
futures/um/monthly/klines/filusdt/1m/FILUSDT-1m-2024-10.csv
futures/um/monthly/klines/filusdt/1m/FILUSDT-1m-2024-11.csv
futures/um/monthly/klines/filusdt/1m/FILUSDT-1m-2024-12.csv
futures/um/monthly/klines/filusdt/1m/FILUSDT-1m-2025-01.csv
futures/um/monthly/klines/filusdt/1m/FILUSDT-1m-2025-02.csv
futures/um/monthly/klines/filusdt/1m/FILUSDT-1m-2025-03.csv
futures/um/monthly/klines/filusdt/1m/FILUSDT-1m-2025-04.csv
futures/um/monthly/klines/filusdt/1m/FILUSDT-1m-2025-05.csv
futures/um/monthly/klines/filusdt/1m/FILUSDT-1m-2025-06.csv
futures/um/monthly/klines/filusdt/1m/FILUSDT-1m-2025-07.csv
futures/um/monthly/klines/filusdt/1m/FILUSDT-1m-2025-08.csv
futures/um/monthly/klines/filusdt/1m/FILUSDT-1m-2025-09.csv
futures/um/monthly/klines/filusdt/1m/FILUSDT-1m-2025-10.csv
futures/um/monthly/klines/filusdt/1m/FILUSDT-1m-2025-11.csv
futures/um/monthly/klines/filusdt/1m/FILUSDT-1m-2025-12.csv
futures/um/monthly/klines/filusdt/1m/FILUSDT-1m-2026-01.csv
futures/um/monthly/klines/filusdt/1m/FILUSDT-1m-2026-02.csv
futures/um/monthly/klines/filusdt/1m/FILUSDT-1m-2026-03.csv
futures/um/monthly/klines/filusdt/1m/FILUSDT-1m-2026-04.csv
futures/um/monthly/klines/filusdt/1m/FILUSDT-1m-2026-05.csv
futures/um/monthly/klines/filusdt/1m/FILUSDT-1m-2026-06.csv
futures/um/monthly/klines/filusdt/1m/FILUSDT-1m-2026-07.csv
futures/um/monthly/klines/filusdt/1m/FILUSDT-1m-2026-08.csv
futures/um/monthly/klines/flockusdt/1m/FLOCKUSDT-1m-2025-09.csv
futures/um/monthly/klines/flockusdt/1m/FLOCKUSDT-1m-2025-10.csv
futures/um/monthly/klines/flockusdt/1m/FLOCKUSDT-1m-2025-11.csv
futures/um/monthly/klines/flockusdt/1m/FLOCKUSDT-1m-2025-12.csv
futures/um/monthly/klines/flockusdt/1m/FLOCKUSDT-1m-2026-01.csv
futures/um/monthly/klines/flockusdt/1m/FLOCKUSDT-1m-2026-02.csv
futures/um/monthly/klines/flockusdt/1m/FLOCKUSDT-1m-2026-03.csv
futures/um/monthly/klines/flockusdt/1m/FLOCKUSDT-1m-2026-04.csv
futures/um/monthly/klines/flockusdt/1m/FLOCKUSDT-1m-2026-05.csv
futures/um/monthly/klines/flockusdt/1m/FLOCKUSDT-1m-2026-06.csv
futures/um/monthly/klines/flockusdt/1m/FLOCKUSDT-1m-2026-07.csv
futures/um/monthly/klines/flockusdt/1m/FLOCKUSDT-1m-2026-08.csv
futures/um/monthly/klines/flowusdt/1m/FLOWUSDT-1m-2022-02.csv
futures/um/monthly/klines/flowusdt/1m/FLOWUSDT-1m-2022-03.csv
futures/um/monthly/klines/flowusdt/1m/FLOWUSDT-1m-2022-04.csv
futures/um/monthly/klines/flowusdt/1m/FLOWUSDT-1m-2022-05.csv
futures/um/monthly/klines/flowusdt/1m/FLOWUSDT-1m-2022-06.csv
futures/um/monthly/klines/flowusdt/1m/FLOWUSDT-1m-2022-07.csv
futures/um/monthly/klines/flowusdt/1m/FLOWUSDT-1m-2022-08.csv
futures/um/monthly/klines/flowusdt/1m/FLOWUSDT-1m-2022-09.csv
futures/um/monthly/klines/flowusdt/1m/FLOWUSDT-1m-2022-10.csv
futures/um/monthly/klines/flowusdt/1m/FLOWUSDT-1m-2022-11.csv
futures/um/monthly/klines/flowusdt/1m/FLOWUSDT-1m-2022-12.csv
futures/um/monthly/klines/flowusdt/1m/FLOWUSDT-1m-2023-01.csv
futures/um/monthly/klines/flowusdt/1m/FLOWUSDT-1m-2023-02.csv
futures/um/monthly/klines/flowusdt/1m/FLOWUSDT-1m-2023-03.csv
futures/um/monthly/klines/flowusdt/1m/FLOWUSDT-1m-2023-04.csv
futures/um/monthly/klines/flowusdt/1m/FLOWUSDT-1m-2023-05.csv
futures/um/monthly/klines/flowusdt/1m/FLOWUSDT-1m-2023-06.csv
futures/um/monthly/klines/flowusdt/1m/FLOWUSDT-1m-2023-07.csv
futures/um/monthly/klines/flowusdt/1m/FLOWUSDT-1m-2023-08.csv
futures/um/monthly/klines/flowusdt/1m/FLOWUSDT-1m-2023-09.csv
futures/um/monthly/klines/flowusdt/1m/FLOWUSDT-1m-2023-10.csv
futures/um/monthly/klines/flowusdt/1m/FLOWUSDT-1m-2023-11.csv
futures/um/monthly/klines/flowusdt/1m/FLOWUSDT-1m-2023-12.csv
futures/um/monthly/klines/flowusdt/1m/FLOWUSDT-1m-2024-01.csv
futures/um/monthly/klines/flowusdt/1m/FLOWUSDT-1m-2024-02.csv
futures/um/monthly/klines/flowusdt/1m/FLOWUSDT-1m-2024-03.csv
futures/um/monthly/klines/flowusdt/1m/FLOWUSDT-1m-2024-04.csv
futures/um/monthly/klines/flowusdt/1m/FLOWUSDT-1m-2024-05.csv
futures/um/monthly/klines/flowusdt/1m/FLOWUSDT-1m-2024-06.csv
futures/um/monthly/klines/flowusdt/1m/FLOWUSDT-1m-2024-07.csv
futures/um/monthly/klines/flowusdt/1m/FLOWUSDT-1m-2024-08.csv
futures/um/monthly/klines/flowusdt/1m/FLOWUSDT-1m-2024-09.csv
futures/um/monthly/klines/flowusdt/1m/FLOWUSDT-1m-2024-10.csv
futures/um/monthly/klines/flowusdt/1m/FLOWUSDT-1m-2024-11.csv
futures/um/monthly/klines/flowusdt/1m/FLOWUSDT-1m-2024-12.csv
futures/um/monthly/klines/flowusdt/1m/FLOWUSDT-1m-2025-01.csv
futures/um/monthly/klines/flowusdt/1m/FLOWUSDT-1m-2025-02.csv
futures/um/monthly/klines/flowusdt/1m/FLOWUSDT-1m-2025-03.csv
futures/um/monthly/klines/flowusdt/1m/FLOWUSDT-1m-2025-04.csv
futures/um/monthly/klines/flowusdt/1m/FLOWUSDT-1m-2025-05.csv
futures/um/monthly/klines/flowusdt/1m/FLOWUSDT-1m-2025-06.csv
futures/um/monthly/klines/flowusdt/1m/FLOWUSDT-1m-2025-07.csv
futures/um/monthly/klines/flowusdt/1m/FLOWUSDT-1m-2025-08.csv
futures/um/monthly/klines/flowusdt/1m/FLOWUSDT-1m-2025-09.csv
futures/um/monthly/klines/flowusdt/1m/FLOWUSDT-1m-2025-10.csv
futures/um/monthly/klines/flowusdt/1m/FLOWUSDT-1m-2025-11.csv
futures/um/monthly/klines/flowusdt/1m/FLOWUSDT-1m-2025-12.csv
futures/um/monthly/klines/flowusdt/1m/FLOWUSDT-1m-2026-01.csv
futures/um/monthly/klines/flowusdt/1m/FLOWUSDT-1m-2026-02.csv
futures/um/monthly/klines/flowusdt/1m/FLOWUSDT-1m-2026-03.csv
futures/um/monthly/klines/flowusdt/1m/FLOWUSDT-1m-2026-04.csv
futures/um/monthly/klines/flowusdt/1m/FLOWUSDT-1m-2026-05.csv
futures/um/monthly/klines/flowusdt/1m/FLOWUSDT-1m-2026-06.csv
futures/um/monthly/klines/flowusdt/1m/FLOWUSDT-1m-2026-07.csv
futures/um/monthly/klines/flowusdt/1m/FLOWUSDT-1m-2026-08.csv
futures/um/monthly/klines/fluidusdt/1m/FLUIDUSDT-1m-2025-09.csv
futures/um/monthly/klines/fluidusdt/1m/FLUIDUSDT-1m-2025-10.csv
futures/um/monthly/klines/fluidusdt/1m/FLUIDUSDT-1m-2025-11.csv
futures/um/monthly/klines/fluidusdt/1m/FLUIDUSDT-1m-2025-12.csv
futures/um/monthly/klines/fluidusdt/1m/FLUIDUSDT-1m-2026-01.csv
futures/um/monthly/klines/fluidusdt/1m/FLUIDUSDT-1m-2026-02.csv
futures/um/monthly/klines/fluidusdt/1m/FLUIDUSDT-1m-2026-03.csv
futures/um/monthly/klines/fluidusdt/1m/FLUIDUSDT-1m-2026-04.csv
futures/um/monthly/klines/fluidusdt/1m/FLUIDUSDT-1m-2026-05.csv
futures/um/monthly/klines/fluidusdt/1m/FLUIDUSDT-1m-2026-06.csv
futures/um/monthly/klines/fluidusdt/1m/FLUIDUSDT-1m-2026-07.csv
futures/um/monthly/klines/fluidusdt/1m/FLUIDUSDT-1m-2026-08.csv
futures/um/monthly/klines/fluxusdt/1m/FLUXUSDT-1m-2024-09.csv
futures/um/monthly/klines/fluxusdt/1m/FLUXUSDT-1m-2024-10.csv
futures/um/monthly/klines/fluxusdt/1m/FLUXUSDT-1m-2024-11.csv
futures/um/monthly/klines/fluxusdt/1m/FLUXUSDT-1m-2024-12.csv
futures/um/monthly/klines/fluxusdt/1m/FLUXUSDT-1m-2025-01.csv
futures/um/monthly/klines/fluxusdt/1m/FLUXUSDT-1m-2025-02.csv
futures/um/monthly/klines/fluxusdt/1m/FLUXUSDT-1m-2025-03.csv
futures/um/monthly/klines/fluxusdt/1m/FLUXUSDT-1m-2025-04.csv
futures/um/monthly/klines/fluxusdt/1m/FLUXUSDT-1m-2025-05.csv
futures/um/monthly/klines/fluxusdt/1m/FLUXUSDT-1m-2025-06.csv
futures/um/monthly/klines/fluxusdt/1m/FLUXUSDT-1m-2025-07.csv
futures/um/monthly/klines/fluxusdt/1m/FLUXUSDT-1m-2025-08.csv
futures/um/monthly/klines/fluxusdt/1m/FLUXUSDT-1m-2025-09.csv
futures/um/monthly/klines/fluxusdt/1m/FLUXUSDT-1m-2025-10.csv
futures/um/monthly/klines/fluxusdt/1m/FLUXUSDT-1m-2025-11.csv
futures/um/monthly/klines/fluxusdt/1m/FLUXUSDT-1m-2025-12.csv
futures/um/monthly/klines/fluxusdt/1m/FLUXUSDT-1m-2026-01.csv
futures/um/monthly/klines/fluxusdt/1m/FLUXUSDT-1m-2026-02.csv
futures/um/monthly/klines/fluxusdt/1m/FLUXUSDT-1m-2026-03.csv
futures/um/monthly/klines/fluxusdt/1m/FLUXUSDT-1m-2026-04.csv
futures/um/monthly/klines/fluxusdt/1m/FLUXUSDT-1m-2026-05.csv
futures/um/monthly/klines/fluxusdt/1m/FLUXUSDT-1m-2026-06.csv
futures/um/monthly/klines/fluxusdt/1m/FLUXUSDT-1m-2026-07.csv
futures/um/monthly/klines/fluxusdt/1m/FLUXUSDT-1m-2026-08.csv
futures/um/monthly/klines/fogousdt/1m/FOGOUSDT-1m-2026-01.csv
futures/um/monthly/klines/fogousdt/1m/FOGOUSDT-1m-2026-02.csv
futures/um/monthly/klines/fogousdt/1m/FOGOUSDT-1m-2026-03.csv
futures/um/monthly/klines/fogousdt/1m/FOGOUSDT-1m-2026-04.csv
futures/um/monthly/klines/fogousdt/1m/FOGOUSDT-1m-2026-05.csv
futures/um/monthly/klines/fogousdt/1m/FOGOUSDT-1m-2026-06.csv
futures/um/monthly/klines/fogousdt/1m/FOGOUSDT-1m-2026-07.csv
futures/um/monthly/klines/fogousdt/1m/FOGOUSDT-1m-2026-08.csv
futures/um/monthly/klines/folksusdt/1m/FOLKSUSDT-1m-2025-11.csv
futures/um/monthly/klines/folksusdt/1m/FOLKSUSDT-1m-2025-12.csv
futures/um/monthly/klines/folksusdt/1m/FOLKSUSDT-1m-2026-01.csv
futures/um/monthly/klines/folksusdt/1m/FOLKSUSDT-1m-2026-02.csv
futures/um/monthly/klines/folksusdt/1m/FOLKSUSDT-1m-2026-03.csv
futures/um/monthly/klines/folksusdt/1m/FOLKSUSDT-1m-2026-04.csv
futures/um/monthly/klines/folksusdt/1m/FOLKSUSDT-1m-2026-05.csv
futures/um/monthly/klines/folksusdt/1m/FOLKSUSDT-1m-2026-06.csv
futures/um/monthly/klines/folksusdt/1m/FOLKSUSDT-1m-2026-07.csv
futures/um/monthly/klines/folksusdt/1m/FOLKSUSDT-1m-2026-08.csv
futures/um/monthly/klines/formusdt/1m/FORMUSDT-1m-2025-03.csv
futures/um/monthly/klines/formusdt/1m/FORMUSDT-1m-2025-04.csv
futures/um/monthly/klines/formusdt/1m/FORMUSDT-1m-2025-05.csv
futures/um/monthly/klines/formusdt/1m/FORMUSDT-1m-2025-06.csv
futures/um/monthly/klines/formusdt/1m/FORMUSDT-1m-2025-07.csv
futures/um/monthly/klines/formusdt/1m/FORMUSDT-1m-2025-08.csv
futures/um/monthly/klines/formusdt/1m/FORMUSDT-1m-2025-09.csv
futures/um/monthly/klines/formusdt/1m/FORMUSDT-1m-2025-10.csv
futures/um/monthly/klines/formusdt/1m/FORMUSDT-1m-2025-11.csv
futures/um/monthly/klines/formusdt/1m/FORMUSDT-1m-2025-12.csv
futures/um/monthly/klines/formusdt/1m/FORMUSDT-1m-2026-01.csv
futures/um/monthly/klines/formusdt/1m/FORMUSDT-1m-2026-02.csv
futures/um/monthly/klines/formusdt/1m/FORMUSDT-1m-2026-03.csv
futures/um/monthly/klines/formusdt/1m/FORMUSDT-1m-2026-04.csv
futures/um/monthly/klines/formusdt/1m/FORMUSDT-1m-2026-05.csv
futures/um/monthly/klines/formusdt/1m/FORMUSDT-1m-2026-06.csv
futures/um/monthly/klines/formusdt/1m/FORMUSDT-1m-2026-07.csv
futures/um/monthly/klines/formusdt/1m/FORMUSDT-1m-2026-08.csv
futures/um/monthly/klines/fraxusdt/1m/FRAXUSDT-1m-2026-01.csv
futures/um/monthly/klines/fraxusdt/1m/FRAXUSDT-1m-2026-02.csv
futures/um/monthly/klines/fraxusdt/1m/FRAXUSDT-1m-2026-03.csv
futures/um/monthly/klines/fraxusdt/1m/FRAXUSDT-1m-2026-04.csv
futures/um/monthly/klines/fraxusdt/1m/FRAXUSDT-1m-2026-05.csv
futures/um/monthly/klines/fraxusdt/1m/FRAXUSDT-1m-2026-06.csv
futures/um/monthly/klines/fraxusdt/1m/FRAXUSDT-1m-2026-07.csv
futures/um/monthly/klines/fraxusdt/1m/FRAXUSDT-1m-2026-08.csv
futures/um/monthly/klines/fusdt/1m/FUSDT-1m-2025-06.csv
futures/um/monthly/klines/fusdt/1m/FUSDT-1m-2025-07.csv
futures/um/monthly/klines/fusdt/1m/FUSDT-1m-2025-08.csv
futures/um/monthly/klines/fusdt/1m/FUSDT-1m-2025-09.csv
futures/um/monthly/klines/fusdt/1m/FUSDT-1m-2025-10.csv
futures/um/monthly/klines/fusdt/1m/FUSDT-1m-2025-11.csv
futures/um/monthly/klines/fusdt/1m/FUSDT-1m-2025-12.csv
futures/um/monthly/klines/fusdt/1m/FUSDT-1m-2026-01.csv
futures/um/monthly/klines/fusdt/1m/FUSDT-1m-2026-02.csv
futures/um/monthly/klines/fusdt/1m/FUSDT-1m-2026-03.csv
futures/um/monthly/klines/fusdt/1m/FUSDT-1m-2026-04.csv
futures/um/monthly/klines/fusdt/1m/FUSDT-1m-2026-05.csv
futures/um/monthly/klines/fusdt/1m/FUSDT-1m-2026-06.csv
futures/um/monthly/klines/fusdt/1m/FUSDT-1m-2026-07.csv
futures/um/monthly/klines/fusdt/1m/FUSDT-1m-2026-08.csv
futures/um/monthly/klines/galausdt/1m/GALAUSDT-1m-2021-09.csv
futures/um/monthly/klines/galausdt/1m/GALAUSDT-1m-2021-10.csv
futures/um/monthly/klines/galausdt/1m/GALAUSDT-1m-2021-11.csv
futures/um/monthly/klines/galausdt/1m/GALAUSDT-1m-2021-12.csv
futures/um/monthly/klines/galausdt/1m/GALAUSDT-1m-2022-01.csv
futures/um/monthly/klines/galausdt/1m/GALAUSDT-1m-2022-02.csv
futures/um/monthly/klines/galausdt/1m/GALAUSDT-1m-2022-03.csv
futures/um/monthly/klines/galausdt/1m/GALAUSDT-1m-2022-04.csv
futures/um/monthly/klines/galausdt/1m/GALAUSDT-1m-2022-05.csv
futures/um/monthly/klines/galausdt/1m/GALAUSDT-1m-2022-06.csv
futures/um/monthly/klines/galausdt/1m/GALAUSDT-1m-2022-07.csv
futures/um/monthly/klines/galausdt/1m/GALAUSDT-1m-2022-08.csv
futures/um/monthly/klines/galausdt/1m/GALAUSDT-1m-2022-09.csv
futures/um/monthly/klines/galausdt/1m/GALAUSDT-1m-2022-10.csv
futures/um/monthly/klines/galausdt/1m/GALAUSDT-1m-2022-11.csv
futures/um/monthly/klines/galausdt/1m/GALAUSDT-1m-2022-12.csv
futures/um/monthly/klines/galausdt/1m/GALAUSDT-1m-2023-01.csv
futures/um/monthly/klines/galausdt/1m/GALAUSDT-1m-2023-02.csv
futures/um/monthly/klines/galausdt/1m/GALAUSDT-1m-2023-03.csv
futures/um/monthly/klines/galausdt/1m/GALAUSDT-1m-2023-04.csv
futures/um/monthly/klines/galausdt/1m/GALAUSDT-1m-2023-05.csv
futures/um/monthly/klines/galausdt/1m/GALAUSDT-1m-2023-06.csv
futures/um/monthly/klines/galausdt/1m/GALAUSDT-1m-2023-07.csv
futures/um/monthly/klines/galausdt/1m/GALAUSDT-1m-2023-08.csv
futures/um/monthly/klines/galausdt/1m/GALAUSDT-1m-2023-09.csv
futures/um/monthly/klines/galausdt/1m/GALAUSDT-1m-2023-10.csv
futures/um/monthly/klines/galausdt/1m/GALAUSDT-1m-2023-11.csv
futures/um/monthly/klines/galausdt/1m/GALAUSDT-1m-2023-12.csv
futures/um/monthly/klines/galausdt/1m/GALAUSDT-1m-2024-01.csv
futures/um/monthly/klines/galausdt/1m/GALAUSDT-1m-2024-02.csv
futures/um/monthly/klines/galausdt/1m/GALAUSDT-1m-2024-03.csv
futures/um/monthly/klines/galausdt/1m/GALAUSDT-1m-2024-04.csv
futures/um/monthly/klines/galausdt/1m/GALAUSDT-1m-2024-05.csv
futures/um/monthly/klines/galausdt/1m/GALAUSDT-1m-2024-06.csv
futures/um/monthly/klines/galausdt/1m/GALAUSDT-1m-2024-07.csv
futures/um/monthly/klines/galausdt/1m/GALAUSDT-1m-2024-08.csv
futures/um/monthly/klines/galausdt/1m/GALAUSDT-1m-2024-09.csv
futures/um/monthly/klines/galausdt/1m/GALAUSDT-1m-2024-10.csv
futures/um/monthly/klines/galausdt/1m/GALAUSDT-1m-2024-11.csv
futures/um/monthly/klines/galausdt/1m/GALAUSDT-1m-2024-12.csv
futures/um/monthly/klines/galausdt/1m/GALAUSDT-1m-2025-01.csv
futures/um/monthly/klines/galausdt/1m/GALAUSDT-1m-2025-02.csv
futures/um/monthly/klines/galausdt/1m/GALAUSDT-1m-2025-03.csv
futures/um/monthly/klines/galausdt/1m/GALAUSDT-1m-2025-04.csv
futures/um/monthly/klines/galausdt/1m/GALAUSDT-1m-2025-05.csv
futures/um/monthly/klines/galausdt/1m/GALAUSDT-1m-2025-06.csv
futures/um/monthly/klines/galausdt/1m/GALAUSDT-1m-2025-07.csv
futures/um/monthly/klines/galausdt/1m/GALAUSDT-1m-2025-08.csv
futures/um/monthly/klines/galausdt/1m/GALAUSDT-1m-2025-09.csv
futures/um/monthly/klines/galausdt/1m/GALAUSDT-1m-2025-10.csv
futures/um/monthly/klines/galausdt/1m/GALAUSDT-1m-2025-11.csv
futures/um/monthly/klines/galausdt/1m/GALAUSDT-1m-2025-12.csv
futures/um/monthly/klines/galausdt/1m/GALAUSDT-1m-2026-01.csv
futures/um/monthly/klines/galausdt/1m/GALAUSDT-1m-2026-02.csv
futures/um/monthly/klines/galausdt/1m/GALAUSDT-1m-2026-03.csv
futures/um/monthly/klines/galausdt/1m/GALAUSDT-1m-2026-04.csv
futures/um/monthly/klines/galausdt/1m/GALAUSDT-1m-2026-05.csv
futures/um/monthly/klines/galausdt/1m/GALAUSDT-1m-2026-06.csv
futures/um/monthly/klines/galausdt/1m/GALAUSDT-1m-2026-07.csv
futures/um/monthly/klines/galausdt/1m/GALAUSDT-1m-2026-08.csv
futures/um/monthly/klines/gasusdt/1m/GASUSDT-1m-2023-10.csv
futures/um/monthly/klines/gasusdt/1m/GASUSDT-1m-2023-11.csv
futures/um/monthly/klines/gasusdt/1m/GASUSDT-1m-2023-12.csv
futures/um/monthly/klines/gasusdt/1m/GASUSDT-1m-2024-01.csv
futures/um/monthly/klines/gasusdt/1m/GASUSDT-1m-2024-02.csv
futures/um/monthly/klines/gasusdt/1m/GASUSDT-1m-2024-03.csv
futures/um/monthly/klines/gasusdt/1m/GASUSDT-1m-2024-04.csv
futures/um/monthly/klines/gasusdt/1m/GASUSDT-1m-2024-05.csv
futures/um/monthly/klines/gasusdt/1m/GASUSDT-1m-2024-06.csv
futures/um/monthly/klines/gasusdt/1m/GASUSDT-1m-2024-07.csv
futures/um/monthly/klines/gasusdt/1m/GASUSDT-1m-2024-08.csv
futures/um/monthly/klines/gasusdt/1m/GASUSDT-1m-2024-09.csv
futures/um/monthly/klines/gasusdt/1m/GASUSDT-1m-2024-10.csv
futures/um/monthly/klines/gasusdt/1m/GASUSDT-1m-2024-11.csv
futures/um/monthly/klines/gasusdt/1m/GASUSDT-1m-2024-12.csv
futures/um/monthly/klines/gasusdt/1m/GASUSDT-1m-2025-01.csv
futures/um/monthly/klines/gasusdt/1m/GASUSDT-1m-2025-02.csv
futures/um/monthly/klines/gasusdt/1m/GASUSDT-1m-2025-03.csv
futures/um/monthly/klines/gasusdt/1m/GASUSDT-1m-2025-04.csv
futures/um/monthly/klines/gasusdt/1m/GASUSDT-1m-2025-05.csv
futures/um/monthly/klines/gasusdt/1m/GASUSDT-1m-2025-06.csv
futures/um/monthly/klines/gasusdt/1m/GASUSDT-1m-2025-07.csv
futures/um/monthly/klines/gasusdt/1m/GASUSDT-1m-2025-08.csv
futures/um/monthly/klines/gasusdt/1m/GASUSDT-1m-2025-09.csv
futures/um/monthly/klines/gasusdt/1m/GASUSDT-1m-2025-10.csv
futures/um/monthly/klines/gasusdt/1m/GASUSDT-1m-2025-11.csv
futures/um/monthly/klines/gasusdt/1m/GASUSDT-1m-2025-12.csv
futures/um/monthly/klines/gasusdt/1m/GASUSDT-1m-2026-01.csv
futures/um/monthly/klines/gasusdt/1m/GASUSDT-1m-2026-02.csv
futures/um/monthly/klines/gasusdt/1m/GASUSDT-1m-2026-03.csv
futures/um/monthly/klines/gasusdt/1m/GASUSDT-1m-2026-04.csv
futures/um/monthly/klines/gasusdt/1m/GASUSDT-1m-2026-05.csv
futures/um/monthly/klines/gasusdt/1m/GASUSDT-1m-2026-06.csv
futures/um/monthly/klines/gasusdt/1m/GASUSDT-1m-2026-07.csv
futures/um/monthly/klines/gasusdt/1m/GASUSDT-1m-2026-08.csv
futures/um/monthly/klines/geniususdt/1m/GENIUSUSDT-1m-2026-04.csv
futures/um/monthly/klines/geniususdt/1m/GENIUSUSDT-1m-2026-05.csv
futures/um/monthly/klines/geniususdt/1m/GENIUSUSDT-1m-2026-06.csv
futures/um/monthly/klines/geniususdt/1m/GENIUSUSDT-1m-2026-07.csv
futures/um/monthly/klines/geniususdt/1m/GENIUSUSDT-1m-2026-08.csv
futures/um/monthly/klines/giggleusdt/1m/GIGGLEUSDT-1m-2025-10.csv
futures/um/monthly/klines/giggleusdt/1m/GIGGLEUSDT-1m-2025-11.csv
futures/um/monthly/klines/giggleusdt/1m/GIGGLEUSDT-1m-2025-12.csv
futures/um/monthly/klines/giggleusdt/1m/GIGGLEUSDT-1m-2026-01.csv
futures/um/monthly/klines/giggleusdt/1m/GIGGLEUSDT-1m-2026-02.csv
futures/um/monthly/klines/giggleusdt/1m/GIGGLEUSDT-1m-2026-03.csv
futures/um/monthly/klines/giggleusdt/1m/GIGGLEUSDT-1m-2026-04.csv
futures/um/monthly/klines/giggleusdt/1m/GIGGLEUSDT-1m-2026-05.csv
futures/um/monthly/klines/giggleusdt/1m/GIGGLEUSDT-1m-2026-06.csv
futures/um/monthly/klines/giggleusdt/1m/GIGGLEUSDT-1m-2026-07.csv
futures/um/monthly/klines/giggleusdt/1m/GIGGLEUSDT-1m-2026-08.csv
futures/um/monthly/klines/glmusdt/1m/GLMUSDT-1m-2024-02.csv
futures/um/monthly/klines/glmusdt/1m/GLMUSDT-1m-2024-03.csv
futures/um/monthly/klines/glmusdt/1m/GLMUSDT-1m-2024-04.csv
futures/um/monthly/klines/glmusdt/1m/GLMUSDT-1m-2024-05.csv
futures/um/monthly/klines/glmusdt/1m/GLMUSDT-1m-2024-06.csv
futures/um/monthly/klines/glmusdt/1m/GLMUSDT-1m-2024-07.csv
futures/um/monthly/klines/glmusdt/1m/GLMUSDT-1m-2024-08.csv
futures/um/monthly/klines/glmusdt/1m/GLMUSDT-1m-2024-09.csv
futures/um/monthly/klines/glmusdt/1m/GLMUSDT-1m-2024-10.csv
futures/um/monthly/klines/glmusdt/1m/GLMUSDT-1m-2024-11.csv
futures/um/monthly/klines/glmusdt/1m/GLMUSDT-1m-2024-12.csv
futures/um/monthly/klines/glmusdt/1m/GLMUSDT-1m-2025-01.csv
futures/um/monthly/klines/glmusdt/1m/GLMUSDT-1m-2025-02.csv
futures/um/monthly/klines/glmusdt/1m/GLMUSDT-1m-2025-03.csv
futures/um/monthly/klines/glmusdt/1m/GLMUSDT-1m-2025-04.csv
futures/um/monthly/klines/glmusdt/1m/GLMUSDT-1m-2025-05.csv
futures/um/monthly/klines/glmusdt/1m/GLMUSDT-1m-2025-06.csv
futures/um/monthly/klines/glmusdt/1m/GLMUSDT-1m-2025-07.csv
futures/um/monthly/klines/glmusdt/1m/GLMUSDT-1m-2025-08.csv
futures/um/monthly/klines/glmusdt/1m/GLMUSDT-1m-2025-09.csv
futures/um/monthly/klines/glmusdt/1m/GLMUSDT-1m-2025-10.csv
futures/um/monthly/klines/glmusdt/1m/GLMUSDT-1m-2025-11.csv
futures/um/monthly/klines/glmusdt/1m/GLMUSDT-1m-2025-12.csv
futures/um/monthly/klines/glmusdt/1m/GLMUSDT-1m-2026-01.csv
futures/um/monthly/klines/glmusdt/1m/GLMUSDT-1m-2026-02.csv
futures/um/monthly/klines/glmusdt/1m/GLMUSDT-1m-2026-03.csv
futures/um/monthly/klines/glmusdt/1m/GLMUSDT-1m-2026-04.csv
futures/um/monthly/klines/glmusdt/1m/GLMUSDT-1m-2026-05.csv
futures/um/monthly/klines/glmusdt/1m/GLMUSDT-1m-2026-06.csv
futures/um/monthly/klines/glmusdt/1m/GLMUSDT-1m-2026-07.csv
futures/um/monthly/klines/glmusdt/1m/GLMUSDT-1m-2026-08.csv
futures/um/monthly/klines/gmtusdt/1m/GMTUSDT-1m-2022-03.csv
futures/um/monthly/klines/gmtusdt/1m/GMTUSDT-1m-2022-04.csv
futures/um/monthly/klines/gmtusdt/1m/GMTUSDT-1m-2022-05.csv
futures/um/monthly/klines/gmtusdt/1m/GMTUSDT-1m-2022-06.csv
futures/um/monthly/klines/gmtusdt/1m/GMTUSDT-1m-2022-07.csv
futures/um/monthly/klines/gmtusdt/1m/GMTUSDT-1m-2022-08.csv
futures/um/monthly/klines/gmtusdt/1m/GMTUSDT-1m-2022-09.csv
futures/um/monthly/klines/gmtusdt/1m/GMTUSDT-1m-2022-10.csv
futures/um/monthly/klines/gmtusdt/1m/GMTUSDT-1m-2022-11.csv
futures/um/monthly/klines/gmtusdt/1m/GMTUSDT-1m-2022-12.csv
futures/um/monthly/klines/gmtusdt/1m/GMTUSDT-1m-2023-01.csv
futures/um/monthly/klines/gmtusdt/1m/GMTUSDT-1m-2023-02.csv
futures/um/monthly/klines/gmtusdt/1m/GMTUSDT-1m-2023-03.csv
futures/um/monthly/klines/gmtusdt/1m/GMTUSDT-1m-2023-04.csv
futures/um/monthly/klines/gmtusdt/1m/GMTUSDT-1m-2023-05.csv
futures/um/monthly/klines/gmtusdt/1m/GMTUSDT-1m-2023-06.csv
futures/um/monthly/klines/gmtusdt/1m/GMTUSDT-1m-2023-07.csv
futures/um/monthly/klines/gmtusdt/1m/GMTUSDT-1m-2023-08.csv
futures/um/monthly/klines/gmtusdt/1m/GMTUSDT-1m-2023-09.csv
futures/um/monthly/klines/gmtusdt/1m/GMTUSDT-1m-2023-10.csv
futures/um/monthly/klines/gmtusdt/1m/GMTUSDT-1m-2023-11.csv
futures/um/monthly/klines/gmtusdt/1m/GMTUSDT-1m-2023-12.csv
futures/um/monthly/klines/gmtusdt/1m/GMTUSDT-1m-2024-01.csv
futures/um/monthly/klines/gmtusdt/1m/GMTUSDT-1m-2024-02.csv
futures/um/monthly/klines/gmtusdt/1m/GMTUSDT-1m-2024-03.csv
futures/um/monthly/klines/gmtusdt/1m/GMTUSDT-1m-2024-04.csv
futures/um/monthly/klines/gmtusdt/1m/GMTUSDT-1m-2024-05.csv
futures/um/monthly/klines/gmtusdt/1m/GMTUSDT-1m-2024-06.csv
futures/um/monthly/klines/gmtusdt/1m/GMTUSDT-1m-2024-07.csv
futures/um/monthly/klines/gmtusdt/1m/GMTUSDT-1m-2024-08.csv
futures/um/monthly/klines/gmtusdt/1m/GMTUSDT-1m-2024-09.csv
futures/um/monthly/klines/gmtusdt/1m/GMTUSDT-1m-2024-10.csv
futures/um/monthly/klines/gmtusdt/1m/GMTUSDT-1m-2024-11.csv
futures/um/monthly/klines/gmtusdt/1m/GMTUSDT-1m-2024-12.csv
futures/um/monthly/klines/gmtusdt/1m/GMTUSDT-1m-2025-01.csv
futures/um/monthly/klines/gmtusdt/1m/GMTUSDT-1m-2025-02.csv
futures/um/monthly/klines/gmtusdt/1m/GMTUSDT-1m-2025-03.csv
futures/um/monthly/klines/gmtusdt/1m/GMTUSDT-1m-2025-04.csv
futures/um/monthly/klines/gmtusdt/1m/GMTUSDT-1m-2025-05.csv
futures/um/monthly/klines/gmtusdt/1m/GMTUSDT-1m-2025-06.csv
futures/um/monthly/klines/gmtusdt/1m/GMTUSDT-1m-2025-07.csv
futures/um/monthly/klines/gmtusdt/1m/GMTUSDT-1m-2025-08.csv
futures/um/monthly/klines/gmtusdt/1m/GMTUSDT-1m-2025-09.csv
futures/um/monthly/klines/gmtusdt/1m/GMTUSDT-1m-2025-10.csv
futures/um/monthly/klines/gmtusdt/1m/GMTUSDT-1m-2025-11.csv
futures/um/monthly/klines/gmtusdt/1m/GMTUSDT-1m-2025-12.csv
futures/um/monthly/klines/gmtusdt/1m/GMTUSDT-1m-2026-01.csv
futures/um/monthly/klines/gmtusdt/1m/GMTUSDT-1m-2026-02.csv
futures/um/monthly/klines/gmtusdt/1m/GMTUSDT-1m-2026-03.csv
futures/um/monthly/klines/gmtusdt/1m/GMTUSDT-1m-2026-04.csv
futures/um/monthly/klines/gmtusdt/1m/GMTUSDT-1m-2026-05.csv
futures/um/monthly/klines/gmtusdt/1m/GMTUSDT-1m-2026-06.csv
futures/um/monthly/klines/gmtusdt/1m/GMTUSDT-1m-2026-07.csv
futures/um/monthly/klines/gmtusdt/1m/GMTUSDT-1m-2026-08.csv
futures/um/monthly/klines/gmxusdt/1m/GMXUSDT-1m-2023-02.csv
futures/um/monthly/klines/gmxusdt/1m/GMXUSDT-1m-2023-03.csv
futures/um/monthly/klines/gmxusdt/1m/GMXUSDT-1m-2023-04.csv
futures/um/monthly/klines/gmxusdt/1m/GMXUSDT-1m-2023-05.csv
futures/um/monthly/klines/gmxusdt/1m/GMXUSDT-1m-2023-06.csv
futures/um/monthly/klines/gmxusdt/1m/GMXUSDT-1m-2023-07.csv
futures/um/monthly/klines/gmxusdt/1m/GMXUSDT-1m-2023-08.csv
futures/um/monthly/klines/gmxusdt/1m/GMXUSDT-1m-2023-09.csv
futures/um/monthly/klines/gmxusdt/1m/GMXUSDT-1m-2023-10.csv
futures/um/monthly/klines/gmxusdt/1m/GMXUSDT-1m-2023-11.csv
futures/um/monthly/klines/gmxusdt/1m/GMXUSDT-1m-2023-12.csv
futures/um/monthly/klines/gmxusdt/1m/GMXUSDT-1m-2024-01.csv
futures/um/monthly/klines/gmxusdt/1m/GMXUSDT-1m-2024-02.csv
futures/um/monthly/klines/gmxusdt/1m/GMXUSDT-1m-2024-03.csv
futures/um/monthly/klines/gmxusdt/1m/GMXUSDT-1m-2024-04.csv
futures/um/monthly/klines/gmxusdt/1m/GMXUSDT-1m-2024-05.csv
futures/um/monthly/klines/gmxusdt/1m/GMXUSDT-1m-2024-06.csv
futures/um/monthly/klines/gmxusdt/1m/GMXUSDT-1m-2024-07.csv
futures/um/monthly/klines/gmxusdt/1m/GMXUSDT-1m-2024-08.csv
futures/um/monthly/klines/gmxusdt/1m/GMXUSDT-1m-2024-09.csv
futures/um/monthly/klines/gmxusdt/1m/GMXUSDT-1m-2024-10.csv
futures/um/monthly/klines/gmxusdt/1m/GMXUSDT-1m-2024-11.csv
futures/um/monthly/klines/gmxusdt/1m/GMXUSDT-1m-2024-12.csv
futures/um/monthly/klines/gmxusdt/1m/GMXUSDT-1m-2025-01.csv
futures/um/monthly/klines/gmxusdt/1m/GMXUSDT-1m-2025-02.csv
futures/um/monthly/klines/gmxusdt/1m/GMXUSDT-1m-2025-03.csv
futures/um/monthly/klines/gmxusdt/1m/GMXUSDT-1m-2025-04.csv
futures/um/monthly/klines/gmxusdt/1m/GMXUSDT-1m-2025-05.csv
futures/um/monthly/klines/gmxusdt/1m/GMXUSDT-1m-2025-06.csv
futures/um/monthly/klines/gmxusdt/1m/GMXUSDT-1m-2025-07.csv
futures/um/monthly/klines/gmxusdt/1m/GMXUSDT-1m-2025-08.csv
futures/um/monthly/klines/gmxusdt/1m/GMXUSDT-1m-2025-09.csv
futures/um/monthly/klines/gmxusdt/1m/GMXUSDT-1m-2025-10.csv
futures/um/monthly/klines/gmxusdt/1m/GMXUSDT-1m-2025-11.csv
futures/um/monthly/klines/gmxusdt/1m/GMXUSDT-1m-2025-12.csv
futures/um/monthly/klines/gmxusdt/1m/GMXUSDT-1m-2026-01.csv
futures/um/monthly/klines/gmxusdt/1m/GMXUSDT-1m-2026-02.csv
futures/um/monthly/klines/gmxusdt/1m/GMXUSDT-1m-2026-03.csv
futures/um/monthly/klines/gmxusdt/1m/GMXUSDT-1m-2026-04.csv
futures/um/monthly/klines/gmxusdt/1m/GMXUSDT-1m-2026-05.csv
futures/um/monthly/klines/gmxusdt/1m/GMXUSDT-1m-2026-06.csv
futures/um/monthly/klines/gmxusdt/1m/GMXUSDT-1m-2026-07.csv
futures/um/monthly/klines/gmxusdt/1m/GMXUSDT-1m-2026-08.csv
futures/um/monthly/klines/goatusdt/1m/GOATUSDT-1m-2024-10.csv
futures/um/monthly/klines/goatusdt/1m/GOATUSDT-1m-2024-11.csv
futures/um/monthly/klines/goatusdt/1m/GOATUSDT-1m-2024-12.csv
futures/um/monthly/klines/goatusdt/1m/GOATUSDT-1m-2025-01.csv
futures/um/monthly/klines/goatusdt/1m/GOATUSDT-1m-2025-02.csv
futures/um/monthly/klines/goatusdt/1m/GOATUSDT-1m-2025-03.csv
futures/um/monthly/klines/goatusdt/1m/GOATUSDT-1m-2025-04.csv
futures/um/monthly/klines/goatusdt/1m/GOATUSDT-1m-2025-05.csv
futures/um/monthly/klines/goatusdt/1m/GOATUSDT-1m-2025-06.csv
futures/um/monthly/klines/goatusdt/1m/GOATUSDT-1m-2025-07.csv
futures/um/monthly/klines/goatusdt/1m/GOATUSDT-1m-2025-08.csv
futures/um/monthly/klines/goatusdt/1m/GOATUSDT-1m-2025-09.csv
futures/um/monthly/klines/goatusdt/1m/GOATUSDT-1m-2025-10.csv
futures/um/monthly/klines/goatusdt/1m/GOATUSDT-1m-2025-11.csv
futures/um/monthly/klines/goatusdt/1m/GOATUSDT-1m-2025-12.csv
futures/um/monthly/klines/goatusdt/1m/GOATUSDT-1m-2026-01.csv
futures/um/monthly/klines/goatusdt/1m/GOATUSDT-1m-2026-02.csv
futures/um/monthly/klines/goatusdt/1m/GOATUSDT-1m-2026-03.csv
futures/um/monthly/klines/goatusdt/1m/GOATUSDT-1m-2026-04.csv
futures/um/monthly/klines/goatusdt/1m/GOATUSDT-1m-2026-05.csv
futures/um/monthly/klines/goatusdt/1m/GOATUSDT-1m-2026-06.csv
futures/um/monthly/klines/goatusdt/1m/GOATUSDT-1m-2026-07.csv
futures/um/monthly/klines/goatusdt/1m/GOATUSDT-1m-2026-08.csv
futures/um/monthly/klines/gpsusdt/1m/GPSUSDT-1m-2025-02.csv
futures/um/monthly/klines/gpsusdt/1m/GPSUSDT-1m-2025-03.csv
futures/um/monthly/klines/gpsusdt/1m/GPSUSDT-1m-2025-04.csv
futures/um/monthly/klines/gpsusdt/1m/GPSUSDT-1m-2025-05.csv
futures/um/monthly/klines/gpsusdt/1m/GPSUSDT-1m-2025-06.csv
futures/um/monthly/klines/gpsusdt/1m/GPSUSDT-1m-2025-07.csv
futures/um/monthly/klines/gpsusdt/1m/GPSUSDT-1m-2025-08.csv
futures/um/monthly/klines/gpsusdt/1m/GPSUSDT-1m-2025-09.csv
futures/um/monthly/klines/gpsusdt/1m/GPSUSDT-1m-2025-10.csv
futures/um/monthly/klines/gpsusdt/1m/GPSUSDT-1m-2025-11.csv
futures/um/monthly/klines/gpsusdt/1m/GPSUSDT-1m-2025-12.csv
futures/um/monthly/klines/gpsusdt/1m/GPSUSDT-1m-2026-01.csv
futures/um/monthly/klines/gpsusdt/1m/GPSUSDT-1m-2026-02.csv
futures/um/monthly/klines/gpsusdt/1m/GPSUSDT-1m-2026-03.csv
futures/um/monthly/klines/gpsusdt/1m/GPSUSDT-1m-2026-04.csv
futures/um/monthly/klines/gpsusdt/1m/GPSUSDT-1m-2026-05.csv
futures/um/monthly/klines/gpsusdt/1m/GPSUSDT-1m-2026-06.csv
futures/um/monthly/klines/gpsusdt/1m/GPSUSDT-1m-2026-07.csv
futures/um/monthly/klines/gpsusdt/1m/GPSUSDT-1m-2026-08.csv
futures/um/monthly/klines/gramusdt/1m/GRAMUSDT-1m-2026-07.csv
futures/um/monthly/klines/gramusdt/1m/GRAMUSDT-1m-2026-08.csv
futures/um/monthly/klines/grassusdt/1m/GRASSUSDT-1m-2024-11.csv
futures/um/monthly/klines/grassusdt/1m/GRASSUSDT-1m-2024-12.csv
futures/um/monthly/klines/grassusdt/1m/GRASSUSDT-1m-2025-01.csv
futures/um/monthly/klines/grassusdt/1m/GRASSUSDT-1m-2025-02.csv
futures/um/monthly/klines/grassusdt/1m/GRASSUSDT-1m-2025-03.csv
futures/um/monthly/klines/grassusdt/1m/GRASSUSDT-1m-2025-04.csv
futures/um/monthly/klines/grassusdt/1m/GRASSUSDT-1m-2025-05.csv
futures/um/monthly/klines/grassusdt/1m/GRASSUSDT-1m-2025-06.csv
futures/um/monthly/klines/grassusdt/1m/GRASSUSDT-1m-2025-07.csv
futures/um/monthly/klines/grassusdt/1m/GRASSUSDT-1m-2025-08.csv
futures/um/monthly/klines/grassusdt/1m/GRASSUSDT-1m-2025-09.csv
futures/um/monthly/klines/grassusdt/1m/GRASSUSDT-1m-2025-10.csv
futures/um/monthly/klines/grassusdt/1m/GRASSUSDT-1m-2025-11.csv
futures/um/monthly/klines/grassusdt/1m/GRASSUSDT-1m-2025-12.csv
futures/um/monthly/klines/grassusdt/1m/GRASSUSDT-1m-2026-01.csv
futures/um/monthly/klines/grassusdt/1m/GRASSUSDT-1m-2026-02.csv
futures/um/monthly/klines/grassusdt/1m/GRASSUSDT-1m-2026-03.csv
futures/um/monthly/klines/grassusdt/1m/GRASSUSDT-1m-2026-04.csv
futures/um/monthly/klines/grassusdt/1m/GRASSUSDT-1m-2026-05.csv
futures/um/monthly/klines/grassusdt/1m/GRASSUSDT-1m-2026-06.csv
futures/um/monthly/klines/grassusdt/1m/GRASSUSDT-1m-2026-07.csv
futures/um/monthly/klines/grassusdt/1m/GRASSUSDT-1m-2026-08.csv
futures/um/monthly/klines/griffainusdt/1m/GRIFFAINUSDT-1m-2025-01.csv
futures/um/monthly/klines/griffainusdt/1m/GRIFFAINUSDT-1m-2025-02.csv
futures/um/monthly/klines/griffainusdt/1m/GRIFFAINUSDT-1m-2025-03.csv
futures/um/monthly/klines/griffainusdt/1m/GRIFFAINUSDT-1m-2025-04.csv
futures/um/monthly/klines/griffainusdt/1m/GRIFFAINUSDT-1m-2025-05.csv
futures/um/monthly/klines/griffainusdt/1m/GRIFFAINUSDT-1m-2025-06.csv
futures/um/monthly/klines/griffainusdt/1m/GRIFFAINUSDT-1m-2025-07.csv
futures/um/monthly/klines/griffainusdt/1m/GRIFFAINUSDT-1m-2025-08.csv
futures/um/monthly/klines/griffainusdt/1m/GRIFFAINUSDT-1m-2025-09.csv
futures/um/monthly/klines/griffainusdt/1m/GRIFFAINUSDT-1m-2025-10.csv
futures/um/monthly/klines/griffainusdt/1m/GRIFFAINUSDT-1m-2025-11.csv
futures/um/monthly/klines/griffainusdt/1m/GRIFFAINUSDT-1m-2025-12.csv
futures/um/monthly/klines/griffainusdt/1m/GRIFFAINUSDT-1m-2026-01.csv
futures/um/monthly/klines/griffainusdt/1m/GRIFFAINUSDT-1m-2026-02.csv
futures/um/monthly/klines/griffainusdt/1m/GRIFFAINUSDT-1m-2026-03.csv
futures/um/monthly/klines/griffainusdt/1m/GRIFFAINUSDT-1m-2026-04.csv
futures/um/monthly/klines/griffainusdt/1m/GRIFFAINUSDT-1m-2026-05.csv
futures/um/monthly/klines/griffainusdt/1m/GRIFFAINUSDT-1m-2026-06.csv
futures/um/monthly/klines/griffainusdt/1m/GRIFFAINUSDT-1m-2026-07.csv
futures/um/monthly/klines/griffainusdt/1m/GRIFFAINUSDT-1m-2026-08.csv
futures/um/monthly/klines/grtusdt/1m/GRTUSDT-1m-2020-12.csv
futures/um/monthly/klines/grtusdt/1m/GRTUSDT-1m-2021-01.csv
futures/um/monthly/klines/grtusdt/1m/GRTUSDT-1m-2021-02.csv
futures/um/monthly/klines/grtusdt/1m/GRTUSDT-1m-2021-03.csv
futures/um/monthly/klines/grtusdt/1m/GRTUSDT-1m-2021-04.csv
futures/um/monthly/klines/grtusdt/1m/GRTUSDT-1m-2021-05.csv
futures/um/monthly/klines/grtusdt/1m/GRTUSDT-1m-2021-06.csv
futures/um/monthly/klines/grtusdt/1m/GRTUSDT-1m-2021-07.csv
futures/um/monthly/klines/grtusdt/1m/GRTUSDT-1m-2021-08.csv
futures/um/monthly/klines/grtusdt/1m/GRTUSDT-1m-2021-09.csv
futures/um/monthly/klines/grtusdt/1m/GRTUSDT-1m-2021-10.csv
futures/um/monthly/klines/grtusdt/1m/GRTUSDT-1m-2021-11.csv
futures/um/monthly/klines/grtusdt/1m/GRTUSDT-1m-2021-12.csv
futures/um/monthly/klines/grtusdt/1m/GRTUSDT-1m-2022-01.csv
futures/um/monthly/klines/grtusdt/1m/GRTUSDT-1m-2022-02.csv
futures/um/monthly/klines/grtusdt/1m/GRTUSDT-1m-2022-03.csv
futures/um/monthly/klines/grtusdt/1m/GRTUSDT-1m-2022-04.csv
futures/um/monthly/klines/grtusdt/1m/GRTUSDT-1m-2022-05.csv
futures/um/monthly/klines/grtusdt/1m/GRTUSDT-1m-2022-06.csv
futures/um/monthly/klines/grtusdt/1m/GRTUSDT-1m-2022-07.csv
futures/um/monthly/klines/grtusdt/1m/GRTUSDT-1m-2022-08.csv
futures/um/monthly/klines/grtusdt/1m/GRTUSDT-1m-2022-09.csv
futures/um/monthly/klines/grtusdt/1m/GRTUSDT-1m-2022-10.csv
futures/um/monthly/klines/grtusdt/1m/GRTUSDT-1m-2022-11.csv
futures/um/monthly/klines/grtusdt/1m/GRTUSDT-1m-2022-12.csv
futures/um/monthly/klines/grtusdt/1m/GRTUSDT-1m-2023-01.csv
futures/um/monthly/klines/grtusdt/1m/GRTUSDT-1m-2023-02.csv
futures/um/monthly/klines/grtusdt/1m/GRTUSDT-1m-2023-03.csv
futures/um/monthly/klines/grtusdt/1m/GRTUSDT-1m-2023-04.csv
futures/um/monthly/klines/grtusdt/1m/GRTUSDT-1m-2023-05.csv
futures/um/monthly/klines/grtusdt/1m/GRTUSDT-1m-2023-06.csv
futures/um/monthly/klines/grtusdt/1m/GRTUSDT-1m-2023-07.csv
futures/um/monthly/klines/grtusdt/1m/GRTUSDT-1m-2023-08.csv
futures/um/monthly/klines/grtusdt/1m/GRTUSDT-1m-2023-09.csv
futures/um/monthly/klines/grtusdt/1m/GRTUSDT-1m-2023-10.csv
futures/um/monthly/klines/grtusdt/1m/GRTUSDT-1m-2023-11.csv
futures/um/monthly/klines/grtusdt/1m/GRTUSDT-1m-2023-12.csv
futures/um/monthly/klines/grtusdt/1m/GRTUSDT-1m-2024-01.csv
futures/um/monthly/klines/grtusdt/1m/GRTUSDT-1m-2024-02.csv
futures/um/monthly/klines/grtusdt/1m/GRTUSDT-1m-2024-03.csv
futures/um/monthly/klines/grtusdt/1m/GRTUSDT-1m-2024-04.csv
futures/um/monthly/klines/grtusdt/1m/GRTUSDT-1m-2024-05.csv
futures/um/monthly/klines/grtusdt/1m/GRTUSDT-1m-2024-06.csv
futures/um/monthly/klines/grtusdt/1m/GRTUSDT-1m-2024-07.csv
futures/um/monthly/klines/grtusdt/1m/GRTUSDT-1m-2024-08.csv
futures/um/monthly/klines/grtusdt/1m/GRTUSDT-1m-2024-09.csv
futures/um/monthly/klines/grtusdt/1m/GRTUSDT-1m-2024-10.csv
futures/um/monthly/klines/grtusdt/1m/GRTUSDT-1m-2024-11.csv
futures/um/monthly/klines/grtusdt/1m/GRTUSDT-1m-2024-12.csv
futures/um/monthly/klines/grtusdt/1m/GRTUSDT-1m-2025-01.csv
futures/um/monthly/klines/grtusdt/1m/GRTUSDT-1m-2025-02.csv
futures/um/monthly/klines/grtusdt/1m/GRTUSDT-1m-2025-03.csv
futures/um/monthly/klines/grtusdt/1m/GRTUSDT-1m-2025-04.csv
futures/um/monthly/klines/grtusdt/1m/GRTUSDT-1m-2025-05.csv
futures/um/monthly/klines/grtusdt/1m/GRTUSDT-1m-2025-06.csv
futures/um/monthly/klines/grtusdt/1m/GRTUSDT-1m-2025-07.csv
futures/um/monthly/klines/grtusdt/1m/GRTUSDT-1m-2025-08.csv
futures/um/monthly/klines/grtusdt/1m/GRTUSDT-1m-2025-09.csv
futures/um/monthly/klines/grtusdt/1m/GRTUSDT-1m-2025-10.csv
futures/um/monthly/klines/grtusdt/1m/GRTUSDT-1m-2025-11.csv
futures/um/monthly/klines/grtusdt/1m/GRTUSDT-1m-2025-12.csv
futures/um/monthly/klines/grtusdt/1m/GRTUSDT-1m-2026-01.csv
futures/um/monthly/klines/grtusdt/1m/GRTUSDT-1m-2026-02.csv
futures/um/monthly/klines/grtusdt/1m/GRTUSDT-1m-2026-03.csv
futures/um/monthly/klines/grtusdt/1m/GRTUSDT-1m-2026-04.csv
futures/um/monthly/klines/grtusdt/1m/GRTUSDT-1m-2026-05.csv
futures/um/monthly/klines/grtusdt/1m/GRTUSDT-1m-2026-06.csv
futures/um/monthly/klines/grtusdt/1m/GRTUSDT-1m-2026-07.csv
futures/um/monthly/klines/grtusdt/1m/GRTUSDT-1m-2026-08.csv
futures/um/monthly/klines/grvtusdt/1m/GRVTUSDT-1m-2026-07.csv
futures/um/monthly/klines/grvtusdt/1m/GRVTUSDT-1m-2026-08.csv
futures/um/monthly/klines/gtcusdt/1m/GTCUSDT-1m-2021-06.csv
futures/um/monthly/klines/gtcusdt/1m/GTCUSDT-1m-2021-07.csv
futures/um/monthly/klines/gtcusdt/1m/GTCUSDT-1m-2021-08.csv
futures/um/monthly/klines/gtcusdt/1m/GTCUSDT-1m-2021-09.csv
futures/um/monthly/klines/gtcusdt/1m/GTCUSDT-1m-2021-10.csv
futures/um/monthly/klines/gtcusdt/1m/GTCUSDT-1m-2021-11.csv
futures/um/monthly/klines/gtcusdt/1m/GTCUSDT-1m-2021-12.csv
futures/um/monthly/klines/gtcusdt/1m/GTCUSDT-1m-2022-01.csv
futures/um/monthly/klines/gtcusdt/1m/GTCUSDT-1m-2022-02.csv
futures/um/monthly/klines/gtcusdt/1m/GTCUSDT-1m-2022-03.csv
futures/um/monthly/klines/gtcusdt/1m/GTCUSDT-1m-2022-04.csv
futures/um/monthly/klines/gtcusdt/1m/GTCUSDT-1m-2022-05.csv
futures/um/monthly/klines/gtcusdt/1m/GTCUSDT-1m-2022-06.csv
futures/um/monthly/klines/gtcusdt/1m/GTCUSDT-1m-2022-07.csv
futures/um/monthly/klines/gtcusdt/1m/GTCUSDT-1m-2022-08.csv
futures/um/monthly/klines/gtcusdt/1m/GTCUSDT-1m-2022-09.csv
futures/um/monthly/klines/gtcusdt/1m/GTCUSDT-1m-2022-10.csv
futures/um/monthly/klines/gtcusdt/1m/GTCUSDT-1m-2022-11.csv
futures/um/monthly/klines/gtcusdt/1m/GTCUSDT-1m-2022-12.csv
futures/um/monthly/klines/gtcusdt/1m/GTCUSDT-1m-2023-01.csv
futures/um/monthly/klines/gtcusdt/1m/GTCUSDT-1m-2023-02.csv
futures/um/monthly/klines/gtcusdt/1m/GTCUSDT-1m-2023-03.csv
futures/um/monthly/klines/gtcusdt/1m/GTCUSDT-1m-2023-04.csv
futures/um/monthly/klines/gtcusdt/1m/GTCUSDT-1m-2023-05.csv
futures/um/monthly/klines/gtcusdt/1m/GTCUSDT-1m-2023-06.csv
futures/um/monthly/klines/gtcusdt/1m/GTCUSDT-1m-2023-07.csv
futures/um/monthly/klines/gtcusdt/1m/GTCUSDT-1m-2023-08.csv
futures/um/monthly/klines/gtcusdt/1m/GTCUSDT-1m-2023-09.csv
futures/um/monthly/klines/gtcusdt/1m/GTCUSDT-1m-2023-10.csv
futures/um/monthly/klines/gtcusdt/1m/GTCUSDT-1m-2023-11.csv
futures/um/monthly/klines/gtcusdt/1m/GTCUSDT-1m-2023-12.csv
futures/um/monthly/klines/gtcusdt/1m/GTCUSDT-1m-2024-01.csv
futures/um/monthly/klines/gtcusdt/1m/GTCUSDT-1m-2024-02.csv
futures/um/monthly/klines/gtcusdt/1m/GTCUSDT-1m-2024-03.csv
futures/um/monthly/klines/gtcusdt/1m/GTCUSDT-1m-2024-04.csv
futures/um/monthly/klines/gtcusdt/1m/GTCUSDT-1m-2024-05.csv
futures/um/monthly/klines/gtcusdt/1m/GTCUSDT-1m-2024-06.csv
futures/um/monthly/klines/gtcusdt/1m/GTCUSDT-1m-2024-07.csv
futures/um/monthly/klines/gtcusdt/1m/GTCUSDT-1m-2024-08.csv
futures/um/monthly/klines/gtcusdt/1m/GTCUSDT-1m-2024-09.csv
futures/um/monthly/klines/gtcusdt/1m/GTCUSDT-1m-2024-10.csv
futures/um/monthly/klines/gtcusdt/1m/GTCUSDT-1m-2024-11.csv
futures/um/monthly/klines/gtcusdt/1m/GTCUSDT-1m-2024-12.csv
futures/um/monthly/klines/gtcusdt/1m/GTCUSDT-1m-2025-01.csv
futures/um/monthly/klines/gtcusdt/1m/GTCUSDT-1m-2025-02.csv
futures/um/monthly/klines/gtcusdt/1m/GTCUSDT-1m-2025-03.csv
futures/um/monthly/klines/gtcusdt/1m/GTCUSDT-1m-2025-04.csv
futures/um/monthly/klines/gtcusdt/1m/GTCUSDT-1m-2025-05.csv
futures/um/monthly/klines/gtcusdt/1m/GTCUSDT-1m-2025-06.csv
futures/um/monthly/klines/gtcusdt/1m/GTCUSDT-1m-2025-07.csv
futures/um/monthly/klines/gtcusdt/1m/GTCUSDT-1m-2025-08.csv
futures/um/monthly/klines/gtcusdt/1m/GTCUSDT-1m-2025-09.csv
futures/um/monthly/klines/gtcusdt/1m/GTCUSDT-1m-2025-10.csv
futures/um/monthly/klines/gtcusdt/1m/GTCUSDT-1m-2025-11.csv
futures/um/monthly/klines/gtcusdt/1m/GTCUSDT-1m-2025-12.csv
futures/um/monthly/klines/gtcusdt/1m/GTCUSDT-1m-2026-01.csv
futures/um/monthly/klines/gtcusdt/1m/GTCUSDT-1m-2026-02.csv
futures/um/monthly/klines/gtcusdt/1m/GTCUSDT-1m-2026-03.csv
futures/um/monthly/klines/gtcusdt/1m/GTCUSDT-1m-2026-04.csv
futures/um/monthly/klines/gtcusdt/1m/GTCUSDT-1m-2026-05.csv
futures/um/monthly/klines/gtcusdt/1m/GTCUSDT-1m-2026-06.csv
futures/um/monthly/klines/gtcusdt/1m/GTCUSDT-1m-2026-07.csv
futures/um/monthly/klines/gtcusdt/1m/GTCUSDT-1m-2026-08.csv
futures/um/monthly/klines/guausdt/1m/GUAUSDT-1m-2025-12.csv
futures/um/monthly/klines/guausdt/1m/GUAUSDT-1m-2026-01.csv
futures/um/monthly/klines/guausdt/1m/GUAUSDT-1m-2026-02.csv
futures/um/monthly/klines/guausdt/1m/GUAUSDT-1m-2026-03.csv
futures/um/monthly/klines/guausdt/1m/GUAUSDT-1m-2026-04.csv
futures/um/monthly/klines/guausdt/1m/GUAUSDT-1m-2026-05.csv
futures/um/monthly/klines/guausdt/1m/GUAUSDT-1m-2026-06.csv
futures/um/monthly/klines/guausdt/1m/GUAUSDT-1m-2026-07.csv
futures/um/monthly/klines/guausdt/1m/GUAUSDT-1m-2026-08.csv
futures/um/monthly/klines/gunusdt/1m/GUNUSDT-1m-2025-03.csv
futures/um/monthly/klines/gunusdt/1m/GUNUSDT-1m-2025-04.csv
futures/um/monthly/klines/gunusdt/1m/GUNUSDT-1m-2025-05.csv
futures/um/monthly/klines/gunusdt/1m/GUNUSDT-1m-2025-06.csv
futures/um/monthly/klines/gunusdt/1m/GUNUSDT-1m-2025-07.csv
futures/um/monthly/klines/gunusdt/1m/GUNUSDT-1m-2025-08.csv
futures/um/monthly/klines/gunusdt/1m/GUNUSDT-1m-2025-09.csv
futures/um/monthly/klines/gunusdt/1m/GUNUSDT-1m-2025-10.csv
futures/um/monthly/klines/gunusdt/1m/GUNUSDT-1m-2025-11.csv
futures/um/monthly/klines/gunusdt/1m/GUNUSDT-1m-2025-12.csv
futures/um/monthly/klines/gunusdt/1m/GUNUSDT-1m-2026-01.csv
futures/um/monthly/klines/gunusdt/1m/GUNUSDT-1m-2026-02.csv
futures/um/monthly/klines/gunusdt/1m/GUNUSDT-1m-2026-03.csv
futures/um/monthly/klines/gunusdt/1m/GUNUSDT-1m-2026-04.csv
futures/um/monthly/klines/gunusdt/1m/GUNUSDT-1m-2026-05.csv
futures/um/monthly/klines/gunusdt/1m/GUNUSDT-1m-2026-06.csv
futures/um/monthly/klines/gunusdt/1m/GUNUSDT-1m-2026-07.csv
futures/um/monthly/klines/gunusdt/1m/GUNUSDT-1m-2026-08.csv
futures/um/monthly/klines/gusdt/1m/GUSDT-1m-2024-08.csv
futures/um/monthly/klines/gusdt/1m/GUSDT-1m-2024-09.csv
futures/um/monthly/klines/gusdt/1m/GUSDT-1m-2024-10.csv
futures/um/monthly/klines/gusdt/1m/GUSDT-1m-2024-11.csv
futures/um/monthly/klines/gusdt/1m/GUSDT-1m-2024-12.csv
futures/um/monthly/klines/gusdt/1m/GUSDT-1m-2025-01.csv
futures/um/monthly/klines/gusdt/1m/GUSDT-1m-2025-02.csv
futures/um/monthly/klines/gusdt/1m/GUSDT-1m-2025-03.csv
futures/um/monthly/klines/gusdt/1m/GUSDT-1m-2025-04.csv
futures/um/monthly/klines/gusdt/1m/GUSDT-1m-2025-05.csv
futures/um/monthly/klines/gusdt/1m/GUSDT-1m-2025-06.csv
futures/um/monthly/klines/gusdt/1m/GUSDT-1m-2025-07.csv
futures/um/monthly/klines/gusdt/1m/GUSDT-1m-2025-08.csv
futures/um/monthly/klines/gusdt/1m/GUSDT-1m-2025-09.csv
futures/um/monthly/klines/gusdt/1m/GUSDT-1m-2025-10.csv
futures/um/monthly/klines/gusdt/1m/GUSDT-1m-2025-11.csv
futures/um/monthly/klines/gusdt/1m/GUSDT-1m-2025-12.csv
futures/um/monthly/klines/gusdt/1m/GUSDT-1m-2026-01.csv
futures/um/monthly/klines/gusdt/1m/GUSDT-1m-2026-02.csv
futures/um/monthly/klines/gusdt/1m/GUSDT-1m-2026-03.csv
futures/um/monthly/klines/gusdt/1m/GUSDT-1m-2026-04.csv
futures/um/monthly/klines/gusdt/1m/GUSDT-1m-2026-05.csv
futures/um/monthly/klines/gusdt/1m/GUSDT-1m-2026-06.csv
futures/um/monthly/klines/gusdt/1m/GUSDT-1m-2026-07.csv
futures/um/monthly/klines/gusdt/1m/GUSDT-1m-2026-08.csv
futures/um/monthly/klines/gweiusdt/1m/GWEIUSDT-1m-2026-01.csv
futures/um/monthly/klines/gweiusdt/1m/GWEIUSDT-1m-2026-02.csv
futures/um/monthly/klines/gweiusdt/1m/GWEIUSDT-1m-2026-03.csv
futures/um/monthly/klines/gweiusdt/1m/GWEIUSDT-1m-2026-04.csv
futures/um/monthly/klines/gweiusdt/1m/GWEIUSDT-1m-2026-05.csv
futures/um/monthly/klines/gweiusdt/1m/GWEIUSDT-1m-2026-06.csv
futures/um/monthly/klines/gweiusdt/1m/GWEIUSDT-1m-2026-07.csv
futures/um/monthly/klines/gweiusdt/1m/GWEIUSDT-1m-2026-08.csv
futures/um/monthly/klines/haedalusdt/1m/HAEDALUSDT-1m-2025-05.csv
futures/um/monthly/klines/haedalusdt/1m/HAEDALUSDT-1m-2025-06.csv
futures/um/monthly/klines/haedalusdt/1m/HAEDALUSDT-1m-2025-07.csv
futures/um/monthly/klines/haedalusdt/1m/HAEDALUSDT-1m-2025-08.csv
futures/um/monthly/klines/haedalusdt/1m/HAEDALUSDT-1m-2025-09.csv
futures/um/monthly/klines/haedalusdt/1m/HAEDALUSDT-1m-2025-10.csv
futures/um/monthly/klines/haedalusdt/1m/HAEDALUSDT-1m-2025-11.csv
futures/um/monthly/klines/haedalusdt/1m/HAEDALUSDT-1m-2025-12.csv
futures/um/monthly/klines/haedalusdt/1m/HAEDALUSDT-1m-2026-01.csv
futures/um/monthly/klines/haedalusdt/1m/HAEDALUSDT-1m-2026-02.csv
futures/um/monthly/klines/haedalusdt/1m/HAEDALUSDT-1m-2026-03.csv
futures/um/monthly/klines/haedalusdt/1m/HAEDALUSDT-1m-2026-04.csv
futures/um/monthly/klines/haedalusdt/1m/HAEDALUSDT-1m-2026-05.csv
futures/um/monthly/klines/haedalusdt/1m/HAEDALUSDT-1m-2026-06.csv
futures/um/monthly/klines/haedalusdt/1m/HAEDALUSDT-1m-2026-07.csv
futures/um/monthly/klines/haedalusdt/1m/HAEDALUSDT-1m-2026-08.csv
futures/um/monthly/klines/hanausdt/1m/HANAUSDT-1m-2025-09.csv
futures/um/monthly/klines/hanausdt/1m/HANAUSDT-1m-2025-10.csv
futures/um/monthly/klines/hanausdt/1m/HANAUSDT-1m-2025-11.csv
futures/um/monthly/klines/hanausdt/1m/HANAUSDT-1m-2025-12.csv
futures/um/monthly/klines/hanausdt/1m/HANAUSDT-1m-2026-01.csv
futures/um/monthly/klines/hanausdt/1m/HANAUSDT-1m-2026-02.csv
futures/um/monthly/klines/hanausdt/1m/HANAUSDT-1m-2026-03.csv
futures/um/monthly/klines/hanausdt/1m/HANAUSDT-1m-2026-04.csv
futures/um/monthly/klines/hanausdt/1m/HANAUSDT-1m-2026-05.csv
futures/um/monthly/klines/hanausdt/1m/HANAUSDT-1m-2026-06.csv
futures/um/monthly/klines/hanausdt/1m/HANAUSDT-1m-2026-07.csv
futures/um/monthly/klines/hanausdt/1m/HANAUSDT-1m-2026-08.csv
futures/um/monthly/klines/hbarusdt/1m/HBARUSDT-1m-2021-03.csv
futures/um/monthly/klines/hbarusdt/1m/HBARUSDT-1m-2021-04.csv
futures/um/monthly/klines/hbarusdt/1m/HBARUSDT-1m-2021-05.csv
futures/um/monthly/klines/hbarusdt/1m/HBARUSDT-1m-2021-06.csv
futures/um/monthly/klines/hbarusdt/1m/HBARUSDT-1m-2021-07.csv
futures/um/monthly/klines/hbarusdt/1m/HBARUSDT-1m-2021-08.csv
futures/um/monthly/klines/hbarusdt/1m/HBARUSDT-1m-2021-09.csv
futures/um/monthly/klines/hbarusdt/1m/HBARUSDT-1m-2021-10.csv
futures/um/monthly/klines/hbarusdt/1m/HBARUSDT-1m-2021-11.csv
futures/um/monthly/klines/hbarusdt/1m/HBARUSDT-1m-2021-12.csv
futures/um/monthly/klines/hbarusdt/1m/HBARUSDT-1m-2022-01.csv
futures/um/monthly/klines/hbarusdt/1m/HBARUSDT-1m-2022-02.csv
futures/um/monthly/klines/hbarusdt/1m/HBARUSDT-1m-2022-03.csv
futures/um/monthly/klines/hbarusdt/1m/HBARUSDT-1m-2022-04.csv
futures/um/monthly/klines/hbarusdt/1m/HBARUSDT-1m-2022-05.csv
futures/um/monthly/klines/hbarusdt/1m/HBARUSDT-1m-2022-06.csv
futures/um/monthly/klines/hbarusdt/1m/HBARUSDT-1m-2022-07.csv
futures/um/monthly/klines/hbarusdt/1m/HBARUSDT-1m-2022-08.csv
futures/um/monthly/klines/hbarusdt/1m/HBARUSDT-1m-2022-09.csv
futures/um/monthly/klines/hbarusdt/1m/HBARUSDT-1m-2022-10.csv
futures/um/monthly/klines/hbarusdt/1m/HBARUSDT-1m-2022-11.csv
futures/um/monthly/klines/hbarusdt/1m/HBARUSDT-1m-2022-12.csv
futures/um/monthly/klines/hbarusdt/1m/HBARUSDT-1m-2023-01.csv
futures/um/monthly/klines/hbarusdt/1m/HBARUSDT-1m-2023-02.csv
futures/um/monthly/klines/hbarusdt/1m/HBARUSDT-1m-2023-03.csv
futures/um/monthly/klines/hbarusdt/1m/HBARUSDT-1m-2023-04.csv
futures/um/monthly/klines/hbarusdt/1m/HBARUSDT-1m-2023-05.csv
futures/um/monthly/klines/hbarusdt/1m/HBARUSDT-1m-2023-06.csv
futures/um/monthly/klines/hbarusdt/1m/HBARUSDT-1m-2023-07.csv
futures/um/monthly/klines/hbarusdt/1m/HBARUSDT-1m-2023-08.csv
futures/um/monthly/klines/hbarusdt/1m/HBARUSDT-1m-2023-09.csv
futures/um/monthly/klines/hbarusdt/1m/HBARUSDT-1m-2023-10.csv
futures/um/monthly/klines/hbarusdt/1m/HBARUSDT-1m-2023-11.csv
futures/um/monthly/klines/hbarusdt/1m/HBARUSDT-1m-2023-12.csv
futures/um/monthly/klines/hbarusdt/1m/HBARUSDT-1m-2024-01.csv
futures/um/monthly/klines/hbarusdt/1m/HBARUSDT-1m-2024-02.csv
futures/um/monthly/klines/hbarusdt/1m/HBARUSDT-1m-2024-03.csv
futures/um/monthly/klines/hbarusdt/1m/HBARUSDT-1m-2024-04.csv
futures/um/monthly/klines/hbarusdt/1m/HBARUSDT-1m-2024-05.csv
futures/um/monthly/klines/hbarusdt/1m/HBARUSDT-1m-2024-06.csv
futures/um/monthly/klines/hbarusdt/1m/HBARUSDT-1m-2024-07.csv
futures/um/monthly/klines/hbarusdt/1m/HBARUSDT-1m-2024-08.csv
futures/um/monthly/klines/hbarusdt/1m/HBARUSDT-1m-2024-09.csv
futures/um/monthly/klines/hbarusdt/1m/HBARUSDT-1m-2024-10.csv
futures/um/monthly/klines/hbarusdt/1m/HBARUSDT-1m-2024-11.csv
futures/um/monthly/klines/hbarusdt/1m/HBARUSDT-1m-2024-12.csv
futures/um/monthly/klines/hbarusdt/1m/HBARUSDT-1m-2025-01.csv
futures/um/monthly/klines/hbarusdt/1m/HBARUSDT-1m-2025-02.csv
futures/um/monthly/klines/hbarusdt/1m/HBARUSDT-1m-2025-03.csv
futures/um/monthly/klines/hbarusdt/1m/HBARUSDT-1m-2025-04.csv
futures/um/monthly/klines/hbarusdt/1m/HBARUSDT-1m-2025-05.csv
futures/um/monthly/klines/hbarusdt/1m/HBARUSDT-1m-2025-06.csv
futures/um/monthly/klines/hbarusdt/1m/HBARUSDT-1m-2025-07.csv
futures/um/monthly/klines/hbarusdt/1m/HBARUSDT-1m-2025-08.csv
futures/um/monthly/klines/hbarusdt/1m/HBARUSDT-1m-2025-09.csv
futures/um/monthly/klines/hbarusdt/1m/HBARUSDT-1m-2025-10.csv
futures/um/monthly/klines/hbarusdt/1m/HBARUSDT-1m-2025-11.csv
futures/um/monthly/klines/hbarusdt/1m/HBARUSDT-1m-2025-12.csv
futures/um/monthly/klines/hbarusdt/1m/HBARUSDT-1m-2026-01.csv
futures/um/monthly/klines/hbarusdt/1m/HBARUSDT-1m-2026-02.csv
futures/um/monthly/klines/hbarusdt/1m/HBARUSDT-1m-2026-03.csv
futures/um/monthly/klines/hbarusdt/1m/HBARUSDT-1m-2026-04.csv
futures/um/monthly/klines/hbarusdt/1m/HBARUSDT-1m-2026-05.csv
futures/um/monthly/klines/hbarusdt/1m/HBARUSDT-1m-2026-06.csv
futures/um/monthly/klines/hbarusdt/1m/HBARUSDT-1m-2026-07.csv
futures/um/monthly/klines/hbarusdt/1m/HBARUSDT-1m-2026-08.csv
futures/um/monthly/klines/heiusdt/1m/HEIUSDT-1m-2025-02.csv
futures/um/monthly/klines/heiusdt/1m/HEIUSDT-1m-2025-03.csv
futures/um/monthly/klines/heiusdt/1m/HEIUSDT-1m-2025-04.csv
futures/um/monthly/klines/heiusdt/1m/HEIUSDT-1m-2025-05.csv
futures/um/monthly/klines/heiusdt/1m/HEIUSDT-1m-2025-06.csv
futures/um/monthly/klines/heiusdt/1m/HEIUSDT-1m-2025-07.csv
futures/um/monthly/klines/heiusdt/1m/HEIUSDT-1m-2025-08.csv
futures/um/monthly/klines/heiusdt/1m/HEIUSDT-1m-2025-09.csv
futures/um/monthly/klines/heiusdt/1m/HEIUSDT-1m-2025-10.csv
futures/um/monthly/klines/heiusdt/1m/HEIUSDT-1m-2025-11.csv
futures/um/monthly/klines/heiusdt/1m/HEIUSDT-1m-2025-12.csv
futures/um/monthly/klines/heiusdt/1m/HEIUSDT-1m-2026-01.csv
futures/um/monthly/klines/heiusdt/1m/HEIUSDT-1m-2026-02.csv
futures/um/monthly/klines/heiusdt/1m/HEIUSDT-1m-2026-03.csv
futures/um/monthly/klines/heiusdt/1m/HEIUSDT-1m-2026-04.csv
futures/um/monthly/klines/heiusdt/1m/HEIUSDT-1m-2026-05.csv
futures/um/monthly/klines/heiusdt/1m/HEIUSDT-1m-2026-06.csv
futures/um/monthly/klines/heiusdt/1m/HEIUSDT-1m-2026-07.csv
futures/um/monthly/klines/heiusdt/1m/HEIUSDT-1m-2026-08.csv
futures/um/monthly/klines/hemiusdt/1m/HEMIUSDT-1m-2025-08.csv
futures/um/monthly/klines/hemiusdt/1m/HEMIUSDT-1m-2025-09.csv
futures/um/monthly/klines/hemiusdt/1m/HEMIUSDT-1m-2025-10.csv
futures/um/monthly/klines/hemiusdt/1m/HEMIUSDT-1m-2025-11.csv
futures/um/monthly/klines/hemiusdt/1m/HEMIUSDT-1m-2025-12.csv
futures/um/monthly/klines/hemiusdt/1m/HEMIUSDT-1m-2026-01.csv
futures/um/monthly/klines/hemiusdt/1m/HEMIUSDT-1m-2026-02.csv
futures/um/monthly/klines/hemiusdt/1m/HEMIUSDT-1m-2026-03.csv
futures/um/monthly/klines/hemiusdt/1m/HEMIUSDT-1m-2026-04.csv
futures/um/monthly/klines/hemiusdt/1m/HEMIUSDT-1m-2026-05.csv
futures/um/monthly/klines/hemiusdt/1m/HEMIUSDT-1m-2026-06.csv
futures/um/monthly/klines/hemiusdt/1m/HEMIUSDT-1m-2026-07.csv
futures/um/monthly/klines/hemiusdt/1m/HEMIUSDT-1m-2026-08.csv
futures/um/monthly/klines/hiveusdt/1m/HIVEUSDT-1m-2024-12.csv
futures/um/monthly/klines/hiveusdt/1m/HIVEUSDT-1m-2025-01.csv
futures/um/monthly/klines/hiveusdt/1m/HIVEUSDT-1m-2025-02.csv
futures/um/monthly/klines/hiveusdt/1m/HIVEUSDT-1m-2025-03.csv
futures/um/monthly/klines/hiveusdt/1m/HIVEUSDT-1m-2025-04.csv
futures/um/monthly/klines/hiveusdt/1m/HIVEUSDT-1m-2025-05.csv
futures/um/monthly/klines/hiveusdt/1m/HIVEUSDT-1m-2025-06.csv
futures/um/monthly/klines/hiveusdt/1m/HIVEUSDT-1m-2025-07.csv
futures/um/monthly/klines/hiveusdt/1m/HIVEUSDT-1m-2025-08.csv
futures/um/monthly/klines/hiveusdt/1m/HIVEUSDT-1m-2025-09.csv
futures/um/monthly/klines/hiveusdt/1m/HIVEUSDT-1m-2025-10.csv
futures/um/monthly/klines/hiveusdt/1m/HIVEUSDT-1m-2025-11.csv
futures/um/monthly/klines/hiveusdt/1m/HIVEUSDT-1m-2025-12.csv
futures/um/monthly/klines/hiveusdt/1m/HIVEUSDT-1m-2026-01.csv
futures/um/monthly/klines/hiveusdt/1m/HIVEUSDT-1m-2026-02.csv
futures/um/monthly/klines/hiveusdt/1m/HIVEUSDT-1m-2026-03.csv
futures/um/monthly/klines/hiveusdt/1m/HIVEUSDT-1m-2026-04.csv
futures/um/monthly/klines/hiveusdt/1m/HIVEUSDT-1m-2026-05.csv
futures/um/monthly/klines/hiveusdt/1m/HIVEUSDT-1m-2026-06.csv
futures/um/monthly/klines/hiveusdt/1m/HIVEUSDT-1m-2026-07.csv
futures/um/monthly/klines/hiveusdt/1m/HIVEUSDT-1m-2026-08.csv
futures/um/monthly/klines/hmstrusdt/1m/HMSTRUSDT-1m-2024-09.csv
futures/um/monthly/klines/hmstrusdt/1m/HMSTRUSDT-1m-2024-10.csv
futures/um/monthly/klines/hmstrusdt/1m/HMSTRUSDT-1m-2024-11.csv
futures/um/monthly/klines/hmstrusdt/1m/HMSTRUSDT-1m-2024-12.csv
futures/um/monthly/klines/hmstrusdt/1m/HMSTRUSDT-1m-2025-01.csv
futures/um/monthly/klines/hmstrusdt/1m/HMSTRUSDT-1m-2025-02.csv
futures/um/monthly/klines/hmstrusdt/1m/HMSTRUSDT-1m-2025-03.csv
futures/um/monthly/klines/hmstrusdt/1m/HMSTRUSDT-1m-2025-04.csv
futures/um/monthly/klines/hmstrusdt/1m/HMSTRUSDT-1m-2025-05.csv
futures/um/monthly/klines/hmstrusdt/1m/HMSTRUSDT-1m-2025-06.csv
futures/um/monthly/klines/hmstrusdt/1m/HMSTRUSDT-1m-2025-07.csv
futures/um/monthly/klines/hmstrusdt/1m/HMSTRUSDT-1m-2025-08.csv
futures/um/monthly/klines/hmstrusdt/1m/HMSTRUSDT-1m-2025-09.csv
futures/um/monthly/klines/hmstrusdt/1m/HMSTRUSDT-1m-2025-10.csv
futures/um/monthly/klines/hmstrusdt/1m/HMSTRUSDT-1m-2025-11.csv
futures/um/monthly/klines/hmstrusdt/1m/HMSTRUSDT-1m-2025-12.csv
futures/um/monthly/klines/hmstrusdt/1m/HMSTRUSDT-1m-2026-01.csv
futures/um/monthly/klines/hmstrusdt/1m/HMSTRUSDT-1m-2026-02.csv
futures/um/monthly/klines/hmstrusdt/1m/HMSTRUSDT-1m-2026-03.csv
futures/um/monthly/klines/hmstrusdt/1m/HMSTRUSDT-1m-2026-04.csv
futures/um/monthly/klines/hmstrusdt/1m/HMSTRUSDT-1m-2026-05.csv
futures/um/monthly/klines/hmstrusdt/1m/HMSTRUSDT-1m-2026-06.csv
futures/um/monthly/klines/hmstrusdt/1m/HMSTRUSDT-1m-2026-07.csv
futures/um/monthly/klines/hmstrusdt/1m/HMSTRUSDT-1m-2026-08.csv
futures/um/monthly/klines/holousdt/1m/HOLOUSDT-1m-2025-09.csv
futures/um/monthly/klines/holousdt/1m/HOLOUSDT-1m-2025-10.csv
futures/um/monthly/klines/holousdt/1m/HOLOUSDT-1m-2025-11.csv
futures/um/monthly/klines/holousdt/1m/HOLOUSDT-1m-2025-12.csv
futures/um/monthly/klines/holousdt/1m/HOLOUSDT-1m-2026-01.csv
futures/um/monthly/klines/holousdt/1m/HOLOUSDT-1m-2026-02.csv
futures/um/monthly/klines/holousdt/1m/HOLOUSDT-1m-2026-03.csv
futures/um/monthly/klines/holousdt/1m/HOLOUSDT-1m-2026-04.csv
futures/um/monthly/klines/holousdt/1m/HOLOUSDT-1m-2026-05.csv
futures/um/monthly/klines/holousdt/1m/HOLOUSDT-1m-2026-06.csv
futures/um/monthly/klines/holousdt/1m/HOLOUSDT-1m-2026-07.csv
futures/um/monthly/klines/holousdt/1m/HOLOUSDT-1m-2026-08.csv
futures/um/monthly/klines/homeusdt/1m/HOMEUSDT-1m-2025-06.csv
futures/um/monthly/klines/homeusdt/1m/HOMEUSDT-1m-2025-07.csv
futures/um/monthly/klines/homeusdt/1m/HOMEUSDT-1m-2025-08.csv
futures/um/monthly/klines/homeusdt/1m/HOMEUSDT-1m-2025-09.csv
futures/um/monthly/klines/homeusdt/1m/HOMEUSDT-1m-2025-10.csv
futures/um/monthly/klines/homeusdt/1m/HOMEUSDT-1m-2025-11.csv
futures/um/monthly/klines/homeusdt/1m/HOMEUSDT-1m-2025-12.csv
futures/um/monthly/klines/homeusdt/1m/HOMEUSDT-1m-2026-01.csv
futures/um/monthly/klines/homeusdt/1m/HOMEUSDT-1m-2026-02.csv
futures/um/monthly/klines/homeusdt/1m/HOMEUSDT-1m-2026-03.csv
futures/um/monthly/klines/homeusdt/1m/HOMEUSDT-1m-2026-04.csv
futures/um/monthly/klines/homeusdt/1m/HOMEUSDT-1m-2026-05.csv
futures/um/monthly/klines/homeusdt/1m/HOMEUSDT-1m-2026-06.csv
futures/um/monthly/klines/homeusdt/1m/HOMEUSDT-1m-2026-07.csv
futures/um/monthly/klines/homeusdt/1m/HOMEUSDT-1m-2026-08.csv
futures/um/monthly/klines/hotusdt/1m/HOTUSDT-1m-2021-03.csv
futures/um/monthly/klines/hotusdt/1m/HOTUSDT-1m-2021-04.csv
futures/um/monthly/klines/hotusdt/1m/HOTUSDT-1m-2021-05.csv
futures/um/monthly/klines/hotusdt/1m/HOTUSDT-1m-2021-06.csv
futures/um/monthly/klines/hotusdt/1m/HOTUSDT-1m-2021-07.csv
futures/um/monthly/klines/hotusdt/1m/HOTUSDT-1m-2021-08.csv
futures/um/monthly/klines/hotusdt/1m/HOTUSDT-1m-2021-09.csv
futures/um/monthly/klines/hotusdt/1m/HOTUSDT-1m-2021-10.csv
futures/um/monthly/klines/hotusdt/1m/HOTUSDT-1m-2021-11.csv
futures/um/monthly/klines/hotusdt/1m/HOTUSDT-1m-2021-12.csv
futures/um/monthly/klines/hotusdt/1m/HOTUSDT-1m-2022-01.csv
futures/um/monthly/klines/hotusdt/1m/HOTUSDT-1m-2022-02.csv
futures/um/monthly/klines/hotusdt/1m/HOTUSDT-1m-2022-03.csv
futures/um/monthly/klines/hotusdt/1m/HOTUSDT-1m-2022-04.csv
futures/um/monthly/klines/hotusdt/1m/HOTUSDT-1m-2022-05.csv
futures/um/monthly/klines/hotusdt/1m/HOTUSDT-1m-2022-06.csv
futures/um/monthly/klines/hotusdt/1m/HOTUSDT-1m-2022-07.csv
futures/um/monthly/klines/hotusdt/1m/HOTUSDT-1m-2022-08.csv
futures/um/monthly/klines/hotusdt/1m/HOTUSDT-1m-2022-09.csv
futures/um/monthly/klines/hotusdt/1m/HOTUSDT-1m-2022-10.csv
futures/um/monthly/klines/hotusdt/1m/HOTUSDT-1m-2022-11.csv
futures/um/monthly/klines/hotusdt/1m/HOTUSDT-1m-2022-12.csv
futures/um/monthly/klines/hotusdt/1m/HOTUSDT-1m-2023-01.csv
futures/um/monthly/klines/hotusdt/1m/HOTUSDT-1m-2023-02.csv
futures/um/monthly/klines/hotusdt/1m/HOTUSDT-1m-2023-03.csv
futures/um/monthly/klines/hotusdt/1m/HOTUSDT-1m-2023-04.csv
futures/um/monthly/klines/hotusdt/1m/HOTUSDT-1m-2023-05.csv
futures/um/monthly/klines/hotusdt/1m/HOTUSDT-1m-2023-06.csv
futures/um/monthly/klines/hotusdt/1m/HOTUSDT-1m-2023-07.csv
futures/um/monthly/klines/hotusdt/1m/HOTUSDT-1m-2023-08.csv
futures/um/monthly/klines/hotusdt/1m/HOTUSDT-1m-2023-09.csv
futures/um/monthly/klines/hotusdt/1m/HOTUSDT-1m-2023-10.csv
futures/um/monthly/klines/hotusdt/1m/HOTUSDT-1m-2023-11.csv
futures/um/monthly/klines/hotusdt/1m/HOTUSDT-1m-2023-12.csv
futures/um/monthly/klines/hotusdt/1m/HOTUSDT-1m-2024-01.csv
futures/um/monthly/klines/hotusdt/1m/HOTUSDT-1m-2024-02.csv
futures/um/monthly/klines/hotusdt/1m/HOTUSDT-1m-2024-03.csv
futures/um/monthly/klines/hotusdt/1m/HOTUSDT-1m-2024-04.csv
futures/um/monthly/klines/hotusdt/1m/HOTUSDT-1m-2024-05.csv
futures/um/monthly/klines/hotusdt/1m/HOTUSDT-1m-2024-06.csv
futures/um/monthly/klines/hotusdt/1m/HOTUSDT-1m-2024-07.csv
futures/um/monthly/klines/hotusdt/1m/HOTUSDT-1m-2024-08.csv
futures/um/monthly/klines/hotusdt/1m/HOTUSDT-1m-2024-09.csv
futures/um/monthly/klines/hotusdt/1m/HOTUSDT-1m-2024-10.csv
futures/um/monthly/klines/hotusdt/1m/HOTUSDT-1m-2024-11.csv
futures/um/monthly/klines/hotusdt/1m/HOTUSDT-1m-2024-12.csv
futures/um/monthly/klines/hotusdt/1m/HOTUSDT-1m-2025-01.csv
futures/um/monthly/klines/hotusdt/1m/HOTUSDT-1m-2025-02.csv
futures/um/monthly/klines/hotusdt/1m/HOTUSDT-1m-2025-03.csv
futures/um/monthly/klines/hotusdt/1m/HOTUSDT-1m-2025-04.csv
futures/um/monthly/klines/hotusdt/1m/HOTUSDT-1m-2025-05.csv
futures/um/monthly/klines/hotusdt/1m/HOTUSDT-1m-2025-06.csv
futures/um/monthly/klines/hotusdt/1m/HOTUSDT-1m-2025-07.csv
futures/um/monthly/klines/hotusdt/1m/HOTUSDT-1m-2025-08.csv
futures/um/monthly/klines/hotusdt/1m/HOTUSDT-1m-2025-09.csv
futures/um/monthly/klines/hotusdt/1m/HOTUSDT-1m-2025-10.csv
futures/um/monthly/klines/hotusdt/1m/HOTUSDT-1m-2025-11.csv
futures/um/monthly/klines/hotusdt/1m/HOTUSDT-1m-2025-12.csv
futures/um/monthly/klines/hotusdt/1m/HOTUSDT-1m-2026-01.csv
futures/um/monthly/klines/hotusdt/1m/HOTUSDT-1m-2026-02.csv
futures/um/monthly/klines/hotusdt/1m/HOTUSDT-1m-2026-03.csv
futures/um/monthly/klines/hotusdt/1m/HOTUSDT-1m-2026-04.csv
futures/um/monthly/klines/hotusdt/1m/HOTUSDT-1m-2026-05.csv
futures/um/monthly/klines/hotusdt/1m/HOTUSDT-1m-2026-06.csv
futures/um/monthly/klines/hotusdt/1m/HOTUSDT-1m-2026-07.csv
futures/um/monthly/klines/hotusdt/1m/HOTUSDT-1m-2026-08.csv
futures/um/monthly/klines/humausdt/1m/HUMAUSDT-1m-2025-05.csv
futures/um/monthly/klines/humausdt/1m/HUMAUSDT-1m-2025-06.csv
futures/um/monthly/klines/humausdt/1m/HUMAUSDT-1m-2025-07.csv
futures/um/monthly/klines/humausdt/1m/HUMAUSDT-1m-2025-08.csv
futures/um/monthly/klines/humausdt/1m/HUMAUSDT-1m-2025-09.csv
futures/um/monthly/klines/humausdt/1m/HUMAUSDT-1m-2025-10.csv
futures/um/monthly/klines/humausdt/1m/HUMAUSDT-1m-2025-11.csv
futures/um/monthly/klines/humausdt/1m/HUMAUSDT-1m-2025-12.csv
futures/um/monthly/klines/humausdt/1m/HUMAUSDT-1m-2026-01.csv
futures/um/monthly/klines/humausdt/1m/HUMAUSDT-1m-2026-02.csv
futures/um/monthly/klines/humausdt/1m/HUMAUSDT-1m-2026-03.csv
futures/um/monthly/klines/humausdt/1m/HUMAUSDT-1m-2026-04.csv
futures/um/monthly/klines/humausdt/1m/HUMAUSDT-1m-2026-05.csv
futures/um/monthly/klines/humausdt/1m/HUMAUSDT-1m-2026-06.csv
futures/um/monthly/klines/humausdt/1m/HUMAUSDT-1m-2026-07.csv
futures/um/monthly/klines/humausdt/1m/HUMAUSDT-1m-2026-08.csv
futures/um/monthly/klines/husdt/1m/HUSDT-1m-2025-06.csv
futures/um/monthly/klines/husdt/1m/HUSDT-1m-2025-07.csv
futures/um/monthly/klines/husdt/1m/HUSDT-1m-2025-08.csv
futures/um/monthly/klines/husdt/1m/HUSDT-1m-2025-09.csv
futures/um/monthly/klines/husdt/1m/HUSDT-1m-2025-10.csv
futures/um/monthly/klines/husdt/1m/HUSDT-1m-2025-11.csv
futures/um/monthly/klines/husdt/1m/HUSDT-1m-2025-12.csv
futures/um/monthly/klines/husdt/1m/HUSDT-1m-2026-01.csv
futures/um/monthly/klines/husdt/1m/HUSDT-1m-2026-02.csv
futures/um/monthly/klines/husdt/1m/HUSDT-1m-2026-03.csv
futures/um/monthly/klines/husdt/1m/HUSDT-1m-2026-04.csv
futures/um/monthly/klines/husdt/1m/HUSDT-1m-2026-05.csv
futures/um/monthly/klines/husdt/1m/HUSDT-1m-2026-06.csv
futures/um/monthly/klines/husdt/1m/HUSDT-1m-2026-07.csv
futures/um/monthly/klines/husdt/1m/HUSDT-1m-2026-08.csv
futures/um/monthly/klines/hyperusdt/1m/HYPERUSDT-1m-2025-04.csv
futures/um/monthly/klines/hyperusdt/1m/HYPERUSDT-1m-2025-05.csv
futures/um/monthly/klines/hyperusdt/1m/HYPERUSDT-1m-2025-06.csv
futures/um/monthly/klines/hyperusdt/1m/HYPERUSDT-1m-2025-07.csv
futures/um/monthly/klines/hyperusdt/1m/HYPERUSDT-1m-2025-08.csv
futures/um/monthly/klines/hyperusdt/1m/HYPERUSDT-1m-2025-09.csv
futures/um/monthly/klines/hyperusdt/1m/HYPERUSDT-1m-2025-10.csv
futures/um/monthly/klines/hyperusdt/1m/HYPERUSDT-1m-2025-11.csv
futures/um/monthly/klines/hyperusdt/1m/HYPERUSDT-1m-2025-12.csv
futures/um/monthly/klines/hyperusdt/1m/HYPERUSDT-1m-2026-01.csv
futures/um/monthly/klines/hyperusdt/1m/HYPERUSDT-1m-2026-02.csv
futures/um/monthly/klines/hyperusdt/1m/HYPERUSDT-1m-2026-03.csv
futures/um/monthly/klines/hyperusdt/1m/HYPERUSDT-1m-2026-04.csv
futures/um/monthly/klines/hyperusdt/1m/HYPERUSDT-1m-2026-05.csv
futures/um/monthly/klines/hyperusdt/1m/HYPERUSDT-1m-2026-06.csv
futures/um/monthly/klines/hyperusdt/1m/HYPERUSDT-1m-2026-07.csv
futures/um/monthly/klines/hyperusdt/1m/HYPERUSDT-1m-2026-08.csv
futures/um/monthly/klines/hypeusdt/1m/HYPEUSDT-1m-2025-05.csv
futures/um/monthly/klines/hypeusdt/1m/HYPEUSDT-1m-2025-06.csv
futures/um/monthly/klines/hypeusdt/1m/HYPEUSDT-1m-2025-07.csv
futures/um/monthly/klines/hypeusdt/1m/HYPEUSDT-1m-2025-08.csv
futures/um/monthly/klines/hypeusdt/1m/HYPEUSDT-1m-2025-09.csv
futures/um/monthly/klines/hypeusdt/1m/HYPEUSDT-1m-2025-10.csv
futures/um/monthly/klines/hypeusdt/1m/HYPEUSDT-1m-2025-11.csv
futures/um/monthly/klines/hypeusdt/1m/HYPEUSDT-1m-2025-12.csv
futures/um/monthly/klines/hypeusdt/1m/HYPEUSDT-1m-2026-01.csv
futures/um/monthly/klines/hypeusdt/1m/HYPEUSDT-1m-2026-02.csv
futures/um/monthly/klines/hypeusdt/1m/HYPEUSDT-1m-2026-03.csv
futures/um/monthly/klines/hypeusdt/1m/HYPEUSDT-1m-2026-04.csv
futures/um/monthly/klines/hypeusdt/1m/HYPEUSDT-1m-2026-05.csv
futures/um/monthly/klines/hypeusdt/1m/HYPEUSDT-1m-2026-06.csv
futures/um/monthly/klines/hypeusdt/1m/HYPEUSDT-1m-2026-07.csv
futures/um/monthly/klines/hypeusdt/1m/HYPEUSDT-1m-2026-08.csv
futures/um/monthly/klines/icntusdt/1m/ICNTUSDT-1m-2025-07.csv
futures/um/monthly/klines/icntusdt/1m/ICNTUSDT-1m-2025-08.csv
futures/um/monthly/klines/icntusdt/1m/ICNTUSDT-1m-2025-09.csv
futures/um/monthly/klines/icntusdt/1m/ICNTUSDT-1m-2025-10.csv
futures/um/monthly/klines/icntusdt/1m/ICNTUSDT-1m-2025-11.csv
futures/um/monthly/klines/icntusdt/1m/ICNTUSDT-1m-2025-12.csv
futures/um/monthly/klines/icntusdt/1m/ICNTUSDT-1m-2026-01.csv
futures/um/monthly/klines/icntusdt/1m/ICNTUSDT-1m-2026-02.csv
futures/um/monthly/klines/icntusdt/1m/ICNTUSDT-1m-2026-03.csv
futures/um/monthly/klines/icntusdt/1m/ICNTUSDT-1m-2026-04.csv
futures/um/monthly/klines/icntusdt/1m/ICNTUSDT-1m-2026-05.csv
futures/um/monthly/klines/icntusdt/1m/ICNTUSDT-1m-2026-06.csv
futures/um/monthly/klines/icntusdt/1m/ICNTUSDT-1m-2026-07.csv
futures/um/monthly/klines/icntusdt/1m/ICNTUSDT-1m-2026-08.csv
futures/um/monthly/klines/icpusdt/1m/ICPUSDT-1m-2021-05.csv
futures/um/monthly/klines/icpusdt/1m/ICPUSDT-1m-2021-06.csv
futures/um/monthly/klines/icpusdt/1m/ICPUSDT-1m-2021-07.csv
futures/um/monthly/klines/icpusdt/1m/ICPUSDT-1m-2021-08.csv
futures/um/monthly/klines/icpusdt/1m/ICPUSDT-1m-2021-09.csv
futures/um/monthly/klines/icpusdt/1m/ICPUSDT-1m-2021-10.csv
futures/um/monthly/klines/icpusdt/1m/ICPUSDT-1m-2021-11.csv
futures/um/monthly/klines/icpusdt/1m/ICPUSDT-1m-2021-12.csv
futures/um/monthly/klines/icpusdt/1m/ICPUSDT-1m-2022-01.csv
futures/um/monthly/klines/icpusdt/1m/ICPUSDT-1m-2022-02.csv
futures/um/monthly/klines/icpusdt/1m/ICPUSDT-1m-2022-03.csv
futures/um/monthly/klines/icpusdt/1m/ICPUSDT-1m-2022-04.csv
futures/um/monthly/klines/icpusdt/1m/ICPUSDT-1m-2022-05.csv
futures/um/monthly/klines/icpusdt/1m/ICPUSDT-1m-2022-06.csv
futures/um/monthly/klines/icpusdt/1m/ICPUSDT-1m-2022-07.csv
futures/um/monthly/klines/icpusdt/1m/ICPUSDT-1m-2022-08.csv
futures/um/monthly/klines/icpusdt/1m/ICPUSDT-1m-2022-09.csv
futures/um/monthly/klines/icpusdt/1m/ICPUSDT-1m-2022-10.csv
futures/um/monthly/klines/icpusdt/1m/ICPUSDT-1m-2022-11.csv
futures/um/monthly/klines/icpusdt/1m/ICPUSDT-1m-2022-12.csv
futures/um/monthly/klines/icpusdt/1m/ICPUSDT-1m-2023-01.csv
futures/um/monthly/klines/icpusdt/1m/ICPUSDT-1m-2023-02.csv
futures/um/monthly/klines/icpusdt/1m/ICPUSDT-1m-2023-03.csv
futures/um/monthly/klines/icpusdt/1m/ICPUSDT-1m-2023-04.csv
futures/um/monthly/klines/icpusdt/1m/ICPUSDT-1m-2023-05.csv
futures/um/monthly/klines/icpusdt/1m/ICPUSDT-1m-2023-06.csv
futures/um/monthly/klines/icpusdt/1m/ICPUSDT-1m-2023-07.csv
futures/um/monthly/klines/icpusdt/1m/ICPUSDT-1m-2023-08.csv
futures/um/monthly/klines/icpusdt/1m/ICPUSDT-1m-2023-09.csv
futures/um/monthly/klines/icpusdt/1m/ICPUSDT-1m-2023-10.csv
futures/um/monthly/klines/icpusdt/1m/ICPUSDT-1m-2023-11.csv
futures/um/monthly/klines/icpusdt/1m/ICPUSDT-1m-2023-12.csv
futures/um/monthly/klines/icpusdt/1m/ICPUSDT-1m-2024-01.csv
futures/um/monthly/klines/icpusdt/1m/ICPUSDT-1m-2024-02.csv
futures/um/monthly/klines/icpusdt/1m/ICPUSDT-1m-2024-03.csv
futures/um/monthly/klines/icpusdt/1m/ICPUSDT-1m-2024-04.csv
futures/um/monthly/klines/icpusdt/1m/ICPUSDT-1m-2024-05.csv
futures/um/monthly/klines/icpusdt/1m/ICPUSDT-1m-2024-06.csv
futures/um/monthly/klines/icpusdt/1m/ICPUSDT-1m-2024-07.csv
futures/um/monthly/klines/icpusdt/1m/ICPUSDT-1m-2024-08.csv
futures/um/monthly/klines/icpusdt/1m/ICPUSDT-1m-2024-09.csv
futures/um/monthly/klines/icpusdt/1m/ICPUSDT-1m-2024-10.csv
futures/um/monthly/klines/icpusdt/1m/ICPUSDT-1m-2024-11.csv
futures/um/monthly/klines/icpusdt/1m/ICPUSDT-1m-2024-12.csv
futures/um/monthly/klines/icpusdt/1m/ICPUSDT-1m-2025-01.csv
futures/um/monthly/klines/icpusdt/1m/ICPUSDT-1m-2025-02.csv
futures/um/monthly/klines/icpusdt/1m/ICPUSDT-1m-2025-03.csv
futures/um/monthly/klines/icpusdt/1m/ICPUSDT-1m-2025-04.csv
futures/um/monthly/klines/icpusdt/1m/ICPUSDT-1m-2025-05.csv
futures/um/monthly/klines/icpusdt/1m/ICPUSDT-1m-2025-06.csv
futures/um/monthly/klines/icpusdt/1m/ICPUSDT-1m-2025-07.csv
futures/um/monthly/klines/icpusdt/1m/ICPUSDT-1m-2025-08.csv
futures/um/monthly/klines/icpusdt/1m/ICPUSDT-1m-2025-09.csv
futures/um/monthly/klines/icpusdt/1m/ICPUSDT-1m-2025-10.csv
futures/um/monthly/klines/icpusdt/1m/ICPUSDT-1m-2025-11.csv
futures/um/monthly/klines/icpusdt/1m/ICPUSDT-1m-2025-12.csv
futures/um/monthly/klines/icpusdt/1m/ICPUSDT-1m-2026-01.csv
futures/um/monthly/klines/icpusdt/1m/ICPUSDT-1m-2026-02.csv
futures/um/monthly/klines/icpusdt/1m/ICPUSDT-1m-2026-03.csv
futures/um/monthly/klines/icpusdt/1m/ICPUSDT-1m-2026-04.csv
futures/um/monthly/klines/icpusdt/1m/ICPUSDT-1m-2026-05.csv
futures/um/monthly/klines/icpusdt/1m/ICPUSDT-1m-2026-06.csv
futures/um/monthly/klines/icpusdt/1m/ICPUSDT-1m-2026-07.csv
futures/um/monthly/klines/icpusdt/1m/ICPUSDT-1m-2026-08.csv
futures/um/monthly/klines/idolusdt/1m/IDOLUSDT-1m-2025-07.csv
futures/um/monthly/klines/idolusdt/1m/IDOLUSDT-1m-2025-08.csv
futures/um/monthly/klines/idolusdt/1m/IDOLUSDT-1m-2025-09.csv
futures/um/monthly/klines/idolusdt/1m/IDOLUSDT-1m-2025-10.csv
futures/um/monthly/klines/idolusdt/1m/IDOLUSDT-1m-2025-11.csv
futures/um/monthly/klines/idolusdt/1m/IDOLUSDT-1m-2025-12.csv
futures/um/monthly/klines/idolusdt/1m/IDOLUSDT-1m-2026-01.csv
futures/um/monthly/klines/idolusdt/1m/IDOLUSDT-1m-2026-02.csv
futures/um/monthly/klines/idolusdt/1m/IDOLUSDT-1m-2026-03.csv
futures/um/monthly/klines/idolusdt/1m/IDOLUSDT-1m-2026-04.csv
futures/um/monthly/klines/idolusdt/1m/IDOLUSDT-1m-2026-05.csv
futures/um/monthly/klines/idolusdt/1m/IDOLUSDT-1m-2026-06.csv
futures/um/monthly/klines/idolusdt/1m/IDOLUSDT-1m-2026-07.csv
futures/um/monthly/klines/idolusdt/1m/IDOLUSDT-1m-2026-08.csv
futures/um/monthly/klines/idusdt/1m/IDUSDT-1m-2023-03.csv
futures/um/monthly/klines/idusdt/1m/IDUSDT-1m-2023-04.csv
futures/um/monthly/klines/idusdt/1m/IDUSDT-1m-2023-05.csv
futures/um/monthly/klines/idusdt/1m/IDUSDT-1m-2023-06.csv
futures/um/monthly/klines/idusdt/1m/IDUSDT-1m-2023-07.csv
futures/um/monthly/klines/idusdt/1m/IDUSDT-1m-2023-08.csv
futures/um/monthly/klines/idusdt/1m/IDUSDT-1m-2023-09.csv
futures/um/monthly/klines/idusdt/1m/IDUSDT-1m-2023-10.csv
futures/um/monthly/klines/idusdt/1m/IDUSDT-1m-2023-11.csv
futures/um/monthly/klines/idusdt/1m/IDUSDT-1m-2023-12.csv
futures/um/monthly/klines/idusdt/1m/IDUSDT-1m-2024-01.csv
futures/um/monthly/klines/idusdt/1m/IDUSDT-1m-2024-02.csv
futures/um/monthly/klines/idusdt/1m/IDUSDT-1m-2024-03.csv
futures/um/monthly/klines/idusdt/1m/IDUSDT-1m-2024-04.csv
futures/um/monthly/klines/idusdt/1m/IDUSDT-1m-2024-05.csv
futures/um/monthly/klines/idusdt/1m/IDUSDT-1m-2024-06.csv
futures/um/monthly/klines/idusdt/1m/IDUSDT-1m-2024-07.csv
futures/um/monthly/klines/idusdt/1m/IDUSDT-1m-2024-08.csv
futures/um/monthly/klines/idusdt/1m/IDUSDT-1m-2024-09.csv
futures/um/monthly/klines/idusdt/1m/IDUSDT-1m-2024-10.csv
futures/um/monthly/klines/idusdt/1m/IDUSDT-1m-2024-11.csv
futures/um/monthly/klines/idusdt/1m/IDUSDT-1m-2024-12.csv
futures/um/monthly/klines/idusdt/1m/IDUSDT-1m-2025-01.csv
futures/um/monthly/klines/idusdt/1m/IDUSDT-1m-2025-02.csv
futures/um/monthly/klines/idusdt/1m/IDUSDT-1m-2025-03.csv
futures/um/monthly/klines/idusdt/1m/IDUSDT-1m-2025-04.csv
futures/um/monthly/klines/idusdt/1m/IDUSDT-1m-2025-05.csv
futures/um/monthly/klines/idusdt/1m/IDUSDT-1m-2025-06.csv
futures/um/monthly/klines/idusdt/1m/IDUSDT-1m-2025-07.csv
futures/um/monthly/klines/idusdt/1m/IDUSDT-1m-2025-08.csv
futures/um/monthly/klines/idusdt/1m/IDUSDT-1m-2025-09.csv
futures/um/monthly/klines/idusdt/1m/IDUSDT-1m-2025-10.csv
futures/um/monthly/klines/idusdt/1m/IDUSDT-1m-2025-11.csv
futures/um/monthly/klines/idusdt/1m/IDUSDT-1m-2025-12.csv
futures/um/monthly/klines/idusdt/1m/IDUSDT-1m-2026-01.csv
futures/um/monthly/klines/idusdt/1m/IDUSDT-1m-2026-02.csv
futures/um/monthly/klines/idusdt/1m/IDUSDT-1m-2026-03.csv
futures/um/monthly/klines/idusdt/1m/IDUSDT-1m-2026-04.csv
futures/um/monthly/klines/idusdt/1m/IDUSDT-1m-2026-05.csv
futures/um/monthly/klines/idusdt/1m/IDUSDT-1m-2026-06.csv
futures/um/monthly/klines/idusdt/1m/IDUSDT-1m-2026-07.csv
futures/um/monthly/klines/idusdt/1m/IDUSDT-1m-2026-08.csv
futures/um/monthly/klines/ilvusdt/1m/ILVUSDT-1m-2023-11.csv
futures/um/monthly/klines/ilvusdt/1m/ILVUSDT-1m-2023-12.csv
futures/um/monthly/klines/ilvusdt/1m/ILVUSDT-1m-2024-01.csv
futures/um/monthly/klines/ilvusdt/1m/ILVUSDT-1m-2024-02.csv
futures/um/monthly/klines/ilvusdt/1m/ILVUSDT-1m-2024-03.csv
futures/um/monthly/klines/ilvusdt/1m/ILVUSDT-1m-2024-04.csv
futures/um/monthly/klines/ilvusdt/1m/ILVUSDT-1m-2024-05.csv
futures/um/monthly/klines/ilvusdt/1m/ILVUSDT-1m-2024-06.csv
futures/um/monthly/klines/ilvusdt/1m/ILVUSDT-1m-2024-07.csv
futures/um/monthly/klines/ilvusdt/1m/ILVUSDT-1m-2024-08.csv
futures/um/monthly/klines/ilvusdt/1m/ILVUSDT-1m-2024-09.csv
futures/um/monthly/klines/ilvusdt/1m/ILVUSDT-1m-2024-10.csv
futures/um/monthly/klines/ilvusdt/1m/ILVUSDT-1m-2024-11.csv
futures/um/monthly/klines/ilvusdt/1m/ILVUSDT-1m-2024-12.csv
futures/um/monthly/klines/ilvusdt/1m/ILVUSDT-1m-2025-01.csv
futures/um/monthly/klines/ilvusdt/1m/ILVUSDT-1m-2025-02.csv
futures/um/monthly/klines/ilvusdt/1m/ILVUSDT-1m-2025-03.csv
futures/um/monthly/klines/ilvusdt/1m/ILVUSDT-1m-2025-04.csv
futures/um/monthly/klines/ilvusdt/1m/ILVUSDT-1m-2025-05.csv
futures/um/monthly/klines/ilvusdt/1m/ILVUSDT-1m-2025-06.csv
futures/um/monthly/klines/ilvusdt/1m/ILVUSDT-1m-2025-07.csv
futures/um/monthly/klines/ilvusdt/1m/ILVUSDT-1m-2025-08.csv
futures/um/monthly/klines/ilvusdt/1m/ILVUSDT-1m-2025-09.csv
futures/um/monthly/klines/ilvusdt/1m/ILVUSDT-1m-2025-10.csv
futures/um/monthly/klines/ilvusdt/1m/ILVUSDT-1m-2025-11.csv
futures/um/monthly/klines/ilvusdt/1m/ILVUSDT-1m-2025-12.csv
futures/um/monthly/klines/ilvusdt/1m/ILVUSDT-1m-2026-01.csv
futures/um/monthly/klines/ilvusdt/1m/ILVUSDT-1m-2026-02.csv
futures/um/monthly/klines/ilvusdt/1m/ILVUSDT-1m-2026-03.csv
futures/um/monthly/klines/ilvusdt/1m/ILVUSDT-1m-2026-04.csv
futures/um/monthly/klines/ilvusdt/1m/ILVUSDT-1m-2026-05.csv
futures/um/monthly/klines/ilvusdt/1m/ILVUSDT-1m-2026-06.csv
futures/um/monthly/klines/ilvusdt/1m/ILVUSDT-1m-2026-07.csv
futures/um/monthly/klines/ilvusdt/1m/ILVUSDT-1m-2026-08.csv
futures/um/monthly/klines/imxusdt/1m/IMXUSDT-1m-2022-02.csv
futures/um/monthly/klines/imxusdt/1m/IMXUSDT-1m-2022-03.csv
futures/um/monthly/klines/imxusdt/1m/IMXUSDT-1m-2022-04.csv
futures/um/monthly/klines/imxusdt/1m/IMXUSDT-1m-2022-05.csv
futures/um/monthly/klines/imxusdt/1m/IMXUSDT-1m-2022-06.csv
futures/um/monthly/klines/imxusdt/1m/IMXUSDT-1m-2022-07.csv
futures/um/monthly/klines/imxusdt/1m/IMXUSDT-1m-2022-08.csv
futures/um/monthly/klines/imxusdt/1m/IMXUSDT-1m-2022-09.csv
futures/um/monthly/klines/imxusdt/1m/IMXUSDT-1m-2022-10.csv
futures/um/monthly/klines/imxusdt/1m/IMXUSDT-1m-2022-11.csv
futures/um/monthly/klines/imxusdt/1m/IMXUSDT-1m-2022-12.csv
futures/um/monthly/klines/imxusdt/1m/IMXUSDT-1m-2023-01.csv
futures/um/monthly/klines/imxusdt/1m/IMXUSDT-1m-2023-02.csv
futures/um/monthly/klines/imxusdt/1m/IMXUSDT-1m-2023-03.csv
futures/um/monthly/klines/imxusdt/1m/IMXUSDT-1m-2023-04.csv
futures/um/monthly/klines/imxusdt/1m/IMXUSDT-1m-2023-05.csv
futures/um/monthly/klines/imxusdt/1m/IMXUSDT-1m-2023-06.csv
futures/um/monthly/klines/imxusdt/1m/IMXUSDT-1m-2023-07.csv
futures/um/monthly/klines/imxusdt/1m/IMXUSDT-1m-2023-08.csv
futures/um/monthly/klines/imxusdt/1m/IMXUSDT-1m-2023-09.csv
futures/um/monthly/klines/imxusdt/1m/IMXUSDT-1m-2023-10.csv
futures/um/monthly/klines/imxusdt/1m/IMXUSDT-1m-2023-11.csv
futures/um/monthly/klines/imxusdt/1m/IMXUSDT-1m-2023-12.csv
futures/um/monthly/klines/imxusdt/1m/IMXUSDT-1m-2024-01.csv
futures/um/monthly/klines/imxusdt/1m/IMXUSDT-1m-2024-02.csv
futures/um/monthly/klines/imxusdt/1m/IMXUSDT-1m-2024-03.csv
futures/um/monthly/klines/imxusdt/1m/IMXUSDT-1m-2024-04.csv
futures/um/monthly/klines/imxusdt/1m/IMXUSDT-1m-2024-05.csv
futures/um/monthly/klines/imxusdt/1m/IMXUSDT-1m-2024-06.csv
futures/um/monthly/klines/imxusdt/1m/IMXUSDT-1m-2024-07.csv
futures/um/monthly/klines/imxusdt/1m/IMXUSDT-1m-2024-08.csv
futures/um/monthly/klines/imxusdt/1m/IMXUSDT-1m-2024-09.csv
futures/um/monthly/klines/imxusdt/1m/IMXUSDT-1m-2024-10.csv
futures/um/monthly/klines/imxusdt/1m/IMXUSDT-1m-2024-11.csv
futures/um/monthly/klines/imxusdt/1m/IMXUSDT-1m-2024-12.csv
futures/um/monthly/klines/imxusdt/1m/IMXUSDT-1m-2025-01.csv
futures/um/monthly/klines/imxusdt/1m/IMXUSDT-1m-2025-02.csv
futures/um/monthly/klines/imxusdt/1m/IMXUSDT-1m-2025-03.csv
futures/um/monthly/klines/imxusdt/1m/IMXUSDT-1m-2025-04.csv
futures/um/monthly/klines/imxusdt/1m/IMXUSDT-1m-2025-05.csv
futures/um/monthly/klines/imxusdt/1m/IMXUSDT-1m-2025-06.csv
futures/um/monthly/klines/imxusdt/1m/IMXUSDT-1m-2025-07.csv
futures/um/monthly/klines/imxusdt/1m/IMXUSDT-1m-2025-08.csv
futures/um/monthly/klines/imxusdt/1m/IMXUSDT-1m-2025-09.csv
futures/um/monthly/klines/imxusdt/1m/IMXUSDT-1m-2025-10.csv
futures/um/monthly/klines/imxusdt/1m/IMXUSDT-1m-2025-11.csv
futures/um/monthly/klines/imxusdt/1m/IMXUSDT-1m-2025-12.csv
futures/um/monthly/klines/imxusdt/1m/IMXUSDT-1m-2026-01.csv
futures/um/monthly/klines/imxusdt/1m/IMXUSDT-1m-2026-02.csv
futures/um/monthly/klines/imxusdt/1m/IMXUSDT-1m-2026-03.csv
futures/um/monthly/klines/imxusdt/1m/IMXUSDT-1m-2026-04.csv
futures/um/monthly/klines/imxusdt/1m/IMXUSDT-1m-2026-05.csv
futures/um/monthly/klines/imxusdt/1m/IMXUSDT-1m-2026-06.csv
futures/um/monthly/klines/imxusdt/1m/IMXUSDT-1m-2026-07.csv
futures/um/monthly/klines/imxusdt/1m/IMXUSDT-1m-2026-08.csv
futures/um/monthly/klines/initusdt/1m/INITUSDT-1m-2025-04.csv
futures/um/monthly/klines/initusdt/1m/INITUSDT-1m-2025-05.csv
futures/um/monthly/klines/initusdt/1m/INITUSDT-1m-2025-06.csv
futures/um/monthly/klines/initusdt/1m/INITUSDT-1m-2025-07.csv
futures/um/monthly/klines/initusdt/1m/INITUSDT-1m-2025-08.csv
futures/um/monthly/klines/initusdt/1m/INITUSDT-1m-2025-09.csv
futures/um/monthly/klines/initusdt/1m/INITUSDT-1m-2025-10.csv
futures/um/monthly/klines/initusdt/1m/INITUSDT-1m-2025-11.csv
futures/um/monthly/klines/initusdt/1m/INITUSDT-1m-2025-12.csv
futures/um/monthly/klines/initusdt/1m/INITUSDT-1m-2026-01.csv
futures/um/monthly/klines/initusdt/1m/INITUSDT-1m-2026-02.csv
futures/um/monthly/klines/initusdt/1m/INITUSDT-1m-2026-03.csv
futures/um/monthly/klines/initusdt/1m/INITUSDT-1m-2026-04.csv
futures/um/monthly/klines/initusdt/1m/INITUSDT-1m-2026-05.csv
futures/um/monthly/klines/initusdt/1m/INITUSDT-1m-2026-06.csv
futures/um/monthly/klines/initusdt/1m/INITUSDT-1m-2026-07.csv
futures/um/monthly/klines/initusdt/1m/INITUSDT-1m-2026-08.csv
futures/um/monthly/klines/injusdt/1m/INJUSDT-1m-2022-08.csv
futures/um/monthly/klines/injusdt/1m/INJUSDT-1m-2022-09.csv
futures/um/monthly/klines/injusdt/1m/INJUSDT-1m-2022-10.csv
futures/um/monthly/klines/injusdt/1m/INJUSDT-1m-2022-11.csv
futures/um/monthly/klines/injusdt/1m/INJUSDT-1m-2022-12.csv
futures/um/monthly/klines/injusdt/1m/INJUSDT-1m-2023-01.csv
futures/um/monthly/klines/injusdt/1m/INJUSDT-1m-2023-02.csv
futures/um/monthly/klines/injusdt/1m/INJUSDT-1m-2023-03.csv
futures/um/monthly/klines/injusdt/1m/INJUSDT-1m-2023-04.csv
futures/um/monthly/klines/injusdt/1m/INJUSDT-1m-2023-05.csv
futures/um/monthly/klines/injusdt/1m/INJUSDT-1m-2023-06.csv
futures/um/monthly/klines/injusdt/1m/INJUSDT-1m-2023-07.csv
futures/um/monthly/klines/injusdt/1m/INJUSDT-1m-2023-08.csv
futures/um/monthly/klines/injusdt/1m/INJUSDT-1m-2023-09.csv
futures/um/monthly/klines/injusdt/1m/INJUSDT-1m-2023-10.csv
futures/um/monthly/klines/injusdt/1m/INJUSDT-1m-2023-11.csv
futures/um/monthly/klines/injusdt/1m/INJUSDT-1m-2023-12.csv
futures/um/monthly/klines/injusdt/1m/INJUSDT-1m-2024-01.csv
futures/um/monthly/klines/injusdt/1m/INJUSDT-1m-2024-02.csv
futures/um/monthly/klines/injusdt/1m/INJUSDT-1m-2024-03.csv
futures/um/monthly/klines/injusdt/1m/INJUSDT-1m-2024-04.csv
futures/um/monthly/klines/injusdt/1m/INJUSDT-1m-2024-05.csv
futures/um/monthly/klines/injusdt/1m/INJUSDT-1m-2024-06.csv
futures/um/monthly/klines/injusdt/1m/INJUSDT-1m-2024-07.csv
futures/um/monthly/klines/injusdt/1m/INJUSDT-1m-2024-08.csv
futures/um/monthly/klines/injusdt/1m/INJUSDT-1m-2024-09.csv
futures/um/monthly/klines/injusdt/1m/INJUSDT-1m-2024-10.csv
futures/um/monthly/klines/injusdt/1m/INJUSDT-1m-2024-11.csv
futures/um/monthly/klines/injusdt/1m/INJUSDT-1m-2024-12.csv
futures/um/monthly/klines/injusdt/1m/INJUSDT-1m-2025-01.csv
futures/um/monthly/klines/injusdt/1m/INJUSDT-1m-2025-02.csv
futures/um/monthly/klines/injusdt/1m/INJUSDT-1m-2025-03.csv
futures/um/monthly/klines/injusdt/1m/INJUSDT-1m-2025-04.csv
futures/um/monthly/klines/injusdt/1m/INJUSDT-1m-2025-05.csv
futures/um/monthly/klines/injusdt/1m/INJUSDT-1m-2025-06.csv
futures/um/monthly/klines/injusdt/1m/INJUSDT-1m-2025-07.csv
futures/um/monthly/klines/injusdt/1m/INJUSDT-1m-2025-08.csv
futures/um/monthly/klines/injusdt/1m/INJUSDT-1m-2025-09.csv
futures/um/monthly/klines/injusdt/1m/INJUSDT-1m-2025-10.csv
futures/um/monthly/klines/injusdt/1m/INJUSDT-1m-2025-11.csv
futures/um/monthly/klines/injusdt/1m/INJUSDT-1m-2025-12.csv
futures/um/monthly/klines/injusdt/1m/INJUSDT-1m-2026-01.csv
futures/um/monthly/klines/injusdt/1m/INJUSDT-1m-2026-02.csv
futures/um/monthly/klines/injusdt/1m/INJUSDT-1m-2026-03.csv
futures/um/monthly/klines/injusdt/1m/INJUSDT-1m-2026-04.csv
futures/um/monthly/klines/injusdt/1m/INJUSDT-1m-2026-05.csv
futures/um/monthly/klines/injusdt/1m/INJUSDT-1m-2026-06.csv
futures/um/monthly/klines/injusdt/1m/INJUSDT-1m-2026-07.csv
futures/um/monthly/klines/injusdt/1m/INJUSDT-1m-2026-08.csv
futures/um/monthly/klines/inusdt/1m/INUSDT-1m-2025-08.csv
futures/um/monthly/klines/inusdt/1m/INUSDT-1m-2025-09.csv
futures/um/monthly/klines/inusdt/1m/INUSDT-1m-2025-10.csv
futures/um/monthly/klines/inusdt/1m/INUSDT-1m-2025-11.csv
futures/um/monthly/klines/inusdt/1m/INUSDT-1m-2025-12.csv
futures/um/monthly/klines/inusdt/1m/INUSDT-1m-2026-01.csv
futures/um/monthly/klines/inusdt/1m/INUSDT-1m-2026-02.csv
futures/um/monthly/klines/inusdt/1m/INUSDT-1m-2026-03.csv
futures/um/monthly/klines/inusdt/1m/INUSDT-1m-2026-04.csv
futures/um/monthly/klines/inusdt/1m/INUSDT-1m-2026-05.csv
futures/um/monthly/klines/inusdt/1m/INUSDT-1m-2026-06.csv
futures/um/monthly/klines/inusdt/1m/INUSDT-1m-2026-07.csv
futures/um/monthly/klines/inusdt/1m/INUSDT-1m-2026-08.csv
futures/um/monthly/klines/inxusdt/1m/INXUSDT-1m-2026-01.csv
futures/um/monthly/klines/inxusdt/1m/INXUSDT-1m-2026-02.csv
futures/um/monthly/klines/inxusdt/1m/INXUSDT-1m-2026-03.csv
futures/um/monthly/klines/inxusdt/1m/INXUSDT-1m-2026-04.csv
futures/um/monthly/klines/inxusdt/1m/INXUSDT-1m-2026-05.csv
futures/um/monthly/klines/inxusdt/1m/INXUSDT-1m-2026-06.csv
futures/um/monthly/klines/inxusdt/1m/INXUSDT-1m-2026-07.csv
futures/um/monthly/klines/inxusdt/1m/INXUSDT-1m-2026-08.csv
futures/um/monthly/klines/iostusdt/1m/IOSTUSDT-1m-2020-02.csv
futures/um/monthly/klines/iostusdt/1m/IOSTUSDT-1m-2020-03.csv
futures/um/monthly/klines/iostusdt/1m/IOSTUSDT-1m-2020-04.csv
futures/um/monthly/klines/iostusdt/1m/IOSTUSDT-1m-2020-05.csv
futures/um/monthly/klines/iostusdt/1m/IOSTUSDT-1m-2020-06.csv
futures/um/monthly/klines/iostusdt/1m/IOSTUSDT-1m-2020-07.csv
futures/um/monthly/klines/iostusdt/1m/IOSTUSDT-1m-2020-08.csv
futures/um/monthly/klines/iostusdt/1m/IOSTUSDT-1m-2020-09.csv
futures/um/monthly/klines/iostusdt/1m/IOSTUSDT-1m-2020-10.csv
futures/um/monthly/klines/iostusdt/1m/IOSTUSDT-1m-2020-11.csv
futures/um/monthly/klines/iostusdt/1m/IOSTUSDT-1m-2020-12.csv
futures/um/monthly/klines/iostusdt/1m/IOSTUSDT-1m-2021-01.csv
futures/um/monthly/klines/iostusdt/1m/IOSTUSDT-1m-2021-02.csv
futures/um/monthly/klines/iostusdt/1m/IOSTUSDT-1m-2021-03.csv
futures/um/monthly/klines/iostusdt/1m/IOSTUSDT-1m-2021-04.csv
futures/um/monthly/klines/iostusdt/1m/IOSTUSDT-1m-2021-05.csv
futures/um/monthly/klines/iostusdt/1m/IOSTUSDT-1m-2021-06.csv
futures/um/monthly/klines/iostusdt/1m/IOSTUSDT-1m-2021-07.csv
futures/um/monthly/klines/iostusdt/1m/IOSTUSDT-1m-2021-08.csv
futures/um/monthly/klines/iostusdt/1m/IOSTUSDT-1m-2021-09.csv
futures/um/monthly/klines/iostusdt/1m/IOSTUSDT-1m-2021-10.csv
futures/um/monthly/klines/iostusdt/1m/IOSTUSDT-1m-2021-11.csv
futures/um/monthly/klines/iostusdt/1m/IOSTUSDT-1m-2021-12.csv
futures/um/monthly/klines/iostusdt/1m/IOSTUSDT-1m-2022-01.csv
futures/um/monthly/klines/iostusdt/1m/IOSTUSDT-1m-2022-02.csv
futures/um/monthly/klines/iostusdt/1m/IOSTUSDT-1m-2022-03.csv
futures/um/monthly/klines/iostusdt/1m/IOSTUSDT-1m-2022-04.csv
futures/um/monthly/klines/iostusdt/1m/IOSTUSDT-1m-2022-05.csv
futures/um/monthly/klines/iostusdt/1m/IOSTUSDT-1m-2022-06.csv
futures/um/monthly/klines/iostusdt/1m/IOSTUSDT-1m-2022-07.csv
futures/um/monthly/klines/iostusdt/1m/IOSTUSDT-1m-2022-08.csv
futures/um/monthly/klines/iostusdt/1m/IOSTUSDT-1m-2022-09.csv
futures/um/monthly/klines/iostusdt/1m/IOSTUSDT-1m-2022-10.csv
futures/um/monthly/klines/iostusdt/1m/IOSTUSDT-1m-2022-11.csv
futures/um/monthly/klines/iostusdt/1m/IOSTUSDT-1m-2022-12.csv
futures/um/monthly/klines/iostusdt/1m/IOSTUSDT-1m-2023-01.csv
futures/um/monthly/klines/iostusdt/1m/IOSTUSDT-1m-2023-02.csv
futures/um/monthly/klines/iostusdt/1m/IOSTUSDT-1m-2023-03.csv
futures/um/monthly/klines/iostusdt/1m/IOSTUSDT-1m-2023-04.csv
futures/um/monthly/klines/iostusdt/1m/IOSTUSDT-1m-2023-05.csv
futures/um/monthly/klines/iostusdt/1m/IOSTUSDT-1m-2023-06.csv
futures/um/monthly/klines/iostusdt/1m/IOSTUSDT-1m-2023-07.csv
futures/um/monthly/klines/iostusdt/1m/IOSTUSDT-1m-2023-08.csv
futures/um/monthly/klines/iostusdt/1m/IOSTUSDT-1m-2023-09.csv
futures/um/monthly/klines/iostusdt/1m/IOSTUSDT-1m-2023-10.csv
futures/um/monthly/klines/iostusdt/1m/IOSTUSDT-1m-2023-11.csv
futures/um/monthly/klines/iostusdt/1m/IOSTUSDT-1m-2023-12.csv
futures/um/monthly/klines/iostusdt/1m/IOSTUSDT-1m-2024-01.csv
futures/um/monthly/klines/iostusdt/1m/IOSTUSDT-1m-2024-02.csv
futures/um/monthly/klines/iostusdt/1m/IOSTUSDT-1m-2024-03.csv
futures/um/monthly/klines/iostusdt/1m/IOSTUSDT-1m-2024-04.csv
futures/um/monthly/klines/iostusdt/1m/IOSTUSDT-1m-2024-05.csv
futures/um/monthly/klines/iostusdt/1m/IOSTUSDT-1m-2024-06.csv
futures/um/monthly/klines/iostusdt/1m/IOSTUSDT-1m-2024-07.csv
futures/um/monthly/klines/iostusdt/1m/IOSTUSDT-1m-2024-08.csv
futures/um/monthly/klines/iostusdt/1m/IOSTUSDT-1m-2024-09.csv
futures/um/monthly/klines/iostusdt/1m/IOSTUSDT-1m-2024-10.csv
futures/um/monthly/klines/iostusdt/1m/IOSTUSDT-1m-2024-11.csv
futures/um/monthly/klines/iostusdt/1m/IOSTUSDT-1m-2024-12.csv
futures/um/monthly/klines/iostusdt/1m/IOSTUSDT-1m-2025-01.csv
futures/um/monthly/klines/iostusdt/1m/IOSTUSDT-1m-2025-02.csv
futures/um/monthly/klines/iostusdt/1m/IOSTUSDT-1m-2025-03.csv
futures/um/monthly/klines/iostusdt/1m/IOSTUSDT-1m-2025-04.csv
futures/um/monthly/klines/iostusdt/1m/IOSTUSDT-1m-2025-05.csv
futures/um/monthly/klines/iostusdt/1m/IOSTUSDT-1m-2025-06.csv
futures/um/monthly/klines/iostusdt/1m/IOSTUSDT-1m-2025-07.csv
futures/um/monthly/klines/iostusdt/1m/IOSTUSDT-1m-2025-08.csv
futures/um/monthly/klines/iostusdt/1m/IOSTUSDT-1m-2025-09.csv
futures/um/monthly/klines/iostusdt/1m/IOSTUSDT-1m-2025-10.csv
futures/um/monthly/klines/iostusdt/1m/IOSTUSDT-1m-2025-11.csv
futures/um/monthly/klines/iostusdt/1m/IOSTUSDT-1m-2025-12.csv
futures/um/monthly/klines/iostusdt/1m/IOSTUSDT-1m-2026-01.csv
futures/um/monthly/klines/iostusdt/1m/IOSTUSDT-1m-2026-02.csv
futures/um/monthly/klines/iostusdt/1m/IOSTUSDT-1m-2026-03.csv
futures/um/monthly/klines/iostusdt/1m/IOSTUSDT-1m-2026-04.csv
futures/um/monthly/klines/iostusdt/1m/IOSTUSDT-1m-2026-05.csv
futures/um/monthly/klines/iostusdt/1m/IOSTUSDT-1m-2026-06.csv
futures/um/monthly/klines/iostusdt/1m/IOSTUSDT-1m-2026-07.csv
futures/um/monthly/klines/iostusdt/1m/IOSTUSDT-1m-2026-08.csv
futures/um/monthly/klines/iotausdt/1m/IOTAUSDT-1m-2020-02.csv
futures/um/monthly/klines/iotausdt/1m/IOTAUSDT-1m-2020-03.csv
futures/um/monthly/klines/iotausdt/1m/IOTAUSDT-1m-2020-04.csv
futures/um/monthly/klines/iotausdt/1m/IOTAUSDT-1m-2020-05.csv
futures/um/monthly/klines/iotausdt/1m/IOTAUSDT-1m-2020-06.csv
futures/um/monthly/klines/iotausdt/1m/IOTAUSDT-1m-2020-07.csv
futures/um/monthly/klines/iotausdt/1m/IOTAUSDT-1m-2020-08.csv
futures/um/monthly/klines/iotausdt/1m/IOTAUSDT-1m-2020-09.csv
futures/um/monthly/klines/iotausdt/1m/IOTAUSDT-1m-2020-10.csv
futures/um/monthly/klines/iotausdt/1m/IOTAUSDT-1m-2020-11.csv
futures/um/monthly/klines/iotausdt/1m/IOTAUSDT-1m-2020-12.csv
futures/um/monthly/klines/iotausdt/1m/IOTAUSDT-1m-2021-01.csv
futures/um/monthly/klines/iotausdt/1m/IOTAUSDT-1m-2021-02.csv
futures/um/monthly/klines/iotausdt/1m/IOTAUSDT-1m-2021-03.csv
futures/um/monthly/klines/iotausdt/1m/IOTAUSDT-1m-2021-04.csv
futures/um/monthly/klines/iotausdt/1m/IOTAUSDT-1m-2021-05.csv
futures/um/monthly/klines/iotausdt/1m/IOTAUSDT-1m-2021-06.csv
futures/um/monthly/klines/iotausdt/1m/IOTAUSDT-1m-2021-07.csv
futures/um/monthly/klines/iotausdt/1m/IOTAUSDT-1m-2021-08.csv
futures/um/monthly/klines/iotausdt/1m/IOTAUSDT-1m-2021-09.csv
futures/um/monthly/klines/iotausdt/1m/IOTAUSDT-1m-2021-10.csv
futures/um/monthly/klines/iotausdt/1m/IOTAUSDT-1m-2021-11.csv
futures/um/monthly/klines/iotausdt/1m/IOTAUSDT-1m-2021-12.csv
futures/um/monthly/klines/iotausdt/1m/IOTAUSDT-1m-2022-01.csv
futures/um/monthly/klines/iotausdt/1m/IOTAUSDT-1m-2022-02.csv
futures/um/monthly/klines/iotausdt/1m/IOTAUSDT-1m-2022-03.csv
futures/um/monthly/klines/iotausdt/1m/IOTAUSDT-1m-2022-04.csv
futures/um/monthly/klines/iotausdt/1m/IOTAUSDT-1m-2022-05.csv
futures/um/monthly/klines/iotausdt/1m/IOTAUSDT-1m-2022-06.csv
futures/um/monthly/klines/iotausdt/1m/IOTAUSDT-1m-2022-07.csv
futures/um/monthly/klines/iotausdt/1m/IOTAUSDT-1m-2022-08.csv
futures/um/monthly/klines/iotausdt/1m/IOTAUSDT-1m-2022-09.csv
futures/um/monthly/klines/iotausdt/1m/IOTAUSDT-1m-2022-10.csv
futures/um/monthly/klines/iotausdt/1m/IOTAUSDT-1m-2022-11.csv
futures/um/monthly/klines/iotausdt/1m/IOTAUSDT-1m-2022-12.csv
futures/um/monthly/klines/iotausdt/1m/IOTAUSDT-1m-2023-01.csv
futures/um/monthly/klines/iotausdt/1m/IOTAUSDT-1m-2023-02.csv
futures/um/monthly/klines/iotausdt/1m/IOTAUSDT-1m-2023-03.csv
futures/um/monthly/klines/iotausdt/1m/IOTAUSDT-1m-2023-04.csv
futures/um/monthly/klines/iotausdt/1m/IOTAUSDT-1m-2023-05.csv
futures/um/monthly/klines/iotausdt/1m/IOTAUSDT-1m-2023-06.csv
futures/um/monthly/klines/iotausdt/1m/IOTAUSDT-1m-2023-07.csv
futures/um/monthly/klines/iotausdt/1m/IOTAUSDT-1m-2023-08.csv
futures/um/monthly/klines/iotausdt/1m/IOTAUSDT-1m-2023-09.csv
futures/um/monthly/klines/iotausdt/1m/IOTAUSDT-1m-2023-10.csv
futures/um/monthly/klines/iotausdt/1m/IOTAUSDT-1m-2023-11.csv
futures/um/monthly/klines/iotausdt/1m/IOTAUSDT-1m-2023-12.csv
futures/um/monthly/klines/iotausdt/1m/IOTAUSDT-1m-2024-01.csv
futures/um/monthly/klines/iotausdt/1m/IOTAUSDT-1m-2024-02.csv
futures/um/monthly/klines/iotausdt/1m/IOTAUSDT-1m-2024-03.csv
futures/um/monthly/klines/iotausdt/1m/IOTAUSDT-1m-2024-04.csv
futures/um/monthly/klines/iotausdt/1m/IOTAUSDT-1m-2024-05.csv
futures/um/monthly/klines/iotausdt/1m/IOTAUSDT-1m-2024-06.csv
futures/um/monthly/klines/iotausdt/1m/IOTAUSDT-1m-2024-07.csv
futures/um/monthly/klines/iotausdt/1m/IOTAUSDT-1m-2024-08.csv
futures/um/monthly/klines/iotausdt/1m/IOTAUSDT-1m-2024-09.csv
futures/um/monthly/klines/iotausdt/1m/IOTAUSDT-1m-2024-10.csv
futures/um/monthly/klines/iotausdt/1m/IOTAUSDT-1m-2024-11.csv
futures/um/monthly/klines/iotausdt/1m/IOTAUSDT-1m-2024-12.csv
futures/um/monthly/klines/iotausdt/1m/IOTAUSDT-1m-2025-01.csv
futures/um/monthly/klines/iotausdt/1m/IOTAUSDT-1m-2025-02.csv
futures/um/monthly/klines/iotausdt/1m/IOTAUSDT-1m-2025-03.csv
futures/um/monthly/klines/iotausdt/1m/IOTAUSDT-1m-2025-04.csv
futures/um/monthly/klines/iotausdt/1m/IOTAUSDT-1m-2025-05.csv
futures/um/monthly/klines/iotausdt/1m/IOTAUSDT-1m-2025-06.csv
futures/um/monthly/klines/iotausdt/1m/IOTAUSDT-1m-2025-07.csv
futures/um/monthly/klines/iotausdt/1m/IOTAUSDT-1m-2025-08.csv
futures/um/monthly/klines/iotausdt/1m/IOTAUSDT-1m-2025-09.csv
futures/um/monthly/klines/iotausdt/1m/IOTAUSDT-1m-2025-10.csv
futures/um/monthly/klines/iotausdt/1m/IOTAUSDT-1m-2025-11.csv
futures/um/monthly/klines/iotausdt/1m/IOTAUSDT-1m-2025-12.csv
futures/um/monthly/klines/iotausdt/1m/IOTAUSDT-1m-2026-01.csv
futures/um/monthly/klines/iotausdt/1m/IOTAUSDT-1m-2026-02.csv
futures/um/monthly/klines/iotausdt/1m/IOTAUSDT-1m-2026-03.csv
futures/um/monthly/klines/iotausdt/1m/IOTAUSDT-1m-2026-04.csv
futures/um/monthly/klines/iotausdt/1m/IOTAUSDT-1m-2026-05.csv
futures/um/monthly/klines/iotausdt/1m/IOTAUSDT-1m-2026-06.csv
futures/um/monthly/klines/iotausdt/1m/IOTAUSDT-1m-2026-07.csv
futures/um/monthly/klines/iotausdt/1m/IOTAUSDT-1m-2026-08.csv
futures/um/monthly/klines/iotxusdt/1m/IOTXUSDT-1m-2021-08.csv
futures/um/monthly/klines/iotxusdt/1m/IOTXUSDT-1m-2021-09.csv
futures/um/monthly/klines/iotxusdt/1m/IOTXUSDT-1m-2021-10.csv
futures/um/monthly/klines/iotxusdt/1m/IOTXUSDT-1m-2021-11.csv
futures/um/monthly/klines/iotxusdt/1m/IOTXUSDT-1m-2021-12.csv
futures/um/monthly/klines/iotxusdt/1m/IOTXUSDT-1m-2022-01.csv
futures/um/monthly/klines/iotxusdt/1m/IOTXUSDT-1m-2022-02.csv
futures/um/monthly/klines/iotxusdt/1m/IOTXUSDT-1m-2022-03.csv
futures/um/monthly/klines/iotxusdt/1m/IOTXUSDT-1m-2022-04.csv
futures/um/monthly/klines/iotxusdt/1m/IOTXUSDT-1m-2022-05.csv
futures/um/monthly/klines/iotxusdt/1m/IOTXUSDT-1m-2022-06.csv
futures/um/monthly/klines/iotxusdt/1m/IOTXUSDT-1m-2022-07.csv
futures/um/monthly/klines/iotxusdt/1m/IOTXUSDT-1m-2022-08.csv
futures/um/monthly/klines/iotxusdt/1m/IOTXUSDT-1m-2022-09.csv
futures/um/monthly/klines/iotxusdt/1m/IOTXUSDT-1m-2022-10.csv
futures/um/monthly/klines/iotxusdt/1m/IOTXUSDT-1m-2022-11.csv
futures/um/monthly/klines/iotxusdt/1m/IOTXUSDT-1m-2022-12.csv
futures/um/monthly/klines/iotxusdt/1m/IOTXUSDT-1m-2023-01.csv
futures/um/monthly/klines/iotxusdt/1m/IOTXUSDT-1m-2023-02.csv
futures/um/monthly/klines/iotxusdt/1m/IOTXUSDT-1m-2023-03.csv
futures/um/monthly/klines/iotxusdt/1m/IOTXUSDT-1m-2023-04.csv
futures/um/monthly/klines/iotxusdt/1m/IOTXUSDT-1m-2023-05.csv
futures/um/monthly/klines/iotxusdt/1m/IOTXUSDT-1m-2023-06.csv
futures/um/monthly/klines/iotxusdt/1m/IOTXUSDT-1m-2023-07.csv
futures/um/monthly/klines/iotxusdt/1m/IOTXUSDT-1m-2023-08.csv
futures/um/monthly/klines/iotxusdt/1m/IOTXUSDT-1m-2023-09.csv
futures/um/monthly/klines/iotxusdt/1m/IOTXUSDT-1m-2023-10.csv
futures/um/monthly/klines/iotxusdt/1m/IOTXUSDT-1m-2023-11.csv
futures/um/monthly/klines/iotxusdt/1m/IOTXUSDT-1m-2023-12.csv
futures/um/monthly/klines/iotxusdt/1m/IOTXUSDT-1m-2024-01.csv
futures/um/monthly/klines/iotxusdt/1m/IOTXUSDT-1m-2024-02.csv
futures/um/monthly/klines/iotxusdt/1m/IOTXUSDT-1m-2024-03.csv
futures/um/monthly/klines/iotxusdt/1m/IOTXUSDT-1m-2024-04.csv
futures/um/monthly/klines/iotxusdt/1m/IOTXUSDT-1m-2024-05.csv
futures/um/monthly/klines/iotxusdt/1m/IOTXUSDT-1m-2024-06.csv
futures/um/monthly/klines/iotxusdt/1m/IOTXUSDT-1m-2024-07.csv
futures/um/monthly/klines/iotxusdt/1m/IOTXUSDT-1m-2024-08.csv
futures/um/monthly/klines/iotxusdt/1m/IOTXUSDT-1m-2024-09.csv
futures/um/monthly/klines/iotxusdt/1m/IOTXUSDT-1m-2024-10.csv
futures/um/monthly/klines/iotxusdt/1m/IOTXUSDT-1m-2024-11.csv
futures/um/monthly/klines/iotxusdt/1m/IOTXUSDT-1m-2024-12.csv
futures/um/monthly/klines/iotxusdt/1m/IOTXUSDT-1m-2025-01.csv
futures/um/monthly/klines/iotxusdt/1m/IOTXUSDT-1m-2025-02.csv
futures/um/monthly/klines/iotxusdt/1m/IOTXUSDT-1m-2025-03.csv
futures/um/monthly/klines/iotxusdt/1m/IOTXUSDT-1m-2025-04.csv
futures/um/monthly/klines/iotxusdt/1m/IOTXUSDT-1m-2025-05.csv
futures/um/monthly/klines/iotxusdt/1m/IOTXUSDT-1m-2025-06.csv
futures/um/monthly/klines/iotxusdt/1m/IOTXUSDT-1m-2025-07.csv
futures/um/monthly/klines/iotxusdt/1m/IOTXUSDT-1m-2025-08.csv
futures/um/monthly/klines/iotxusdt/1m/IOTXUSDT-1m-2025-09.csv
futures/um/monthly/klines/iotxusdt/1m/IOTXUSDT-1m-2025-10.csv
futures/um/monthly/klines/iotxusdt/1m/IOTXUSDT-1m-2025-11.csv
futures/um/monthly/klines/iotxusdt/1m/IOTXUSDT-1m-2025-12.csv
futures/um/monthly/klines/iotxusdt/1m/IOTXUSDT-1m-2026-01.csv
futures/um/monthly/klines/iotxusdt/1m/IOTXUSDT-1m-2026-02.csv
futures/um/monthly/klines/iotxusdt/1m/IOTXUSDT-1m-2026-03.csv
futures/um/monthly/klines/iotxusdt/1m/IOTXUSDT-1m-2026-04.csv
futures/um/monthly/klines/iotxusdt/1m/IOTXUSDT-1m-2026-05.csv
futures/um/monthly/klines/iotxusdt/1m/IOTXUSDT-1m-2026-06.csv
futures/um/monthly/klines/iotxusdt/1m/IOTXUSDT-1m-2026-07.csv
futures/um/monthly/klines/iotxusdt/1m/IOTXUSDT-1m-2026-08.csv
futures/um/monthly/klines/iousdt/1m/IOUSDT-1m-2024-06.csv
futures/um/monthly/klines/iousdt/1m/IOUSDT-1m-2024-07.csv
futures/um/monthly/klines/iousdt/1m/IOUSDT-1m-2024-08.csv
futures/um/monthly/klines/iousdt/1m/IOUSDT-1m-2024-09.csv
futures/um/monthly/klines/iousdt/1m/IOUSDT-1m-2024-10.csv
futures/um/monthly/klines/iousdt/1m/IOUSDT-1m-2024-11.csv
futures/um/monthly/klines/iousdt/1m/IOUSDT-1m-2024-12.csv
futures/um/monthly/klines/iousdt/1m/IOUSDT-1m-2025-01.csv
futures/um/monthly/klines/iousdt/1m/IOUSDT-1m-2025-02.csv
futures/um/monthly/klines/iousdt/1m/IOUSDT-1m-2025-03.csv
futures/um/monthly/klines/iousdt/1m/IOUSDT-1m-2025-04.csv
futures/um/monthly/klines/iousdt/1m/IOUSDT-1m-2025-05.csv
futures/um/monthly/klines/iousdt/1m/IOUSDT-1m-2025-06.csv
futures/um/monthly/klines/iousdt/1m/IOUSDT-1m-2025-07.csv
futures/um/monthly/klines/iousdt/1m/IOUSDT-1m-2025-08.csv
futures/um/monthly/klines/iousdt/1m/IOUSDT-1m-2025-09.csv
futures/um/monthly/klines/iousdt/1m/IOUSDT-1m-2025-10.csv
futures/um/monthly/klines/iousdt/1m/IOUSDT-1m-2025-11.csv
futures/um/monthly/klines/iousdt/1m/IOUSDT-1m-2025-12.csv
futures/um/monthly/klines/iousdt/1m/IOUSDT-1m-2026-01.csv
futures/um/monthly/klines/iousdt/1m/IOUSDT-1m-2026-02.csv
futures/um/monthly/klines/iousdt/1m/IOUSDT-1m-2026-03.csv
futures/um/monthly/klines/iousdt/1m/IOUSDT-1m-2026-04.csv
futures/um/monthly/klines/iousdt/1m/IOUSDT-1m-2026-05.csv
futures/um/monthly/klines/iousdt/1m/IOUSDT-1m-2026-06.csv
futures/um/monthly/klines/iousdt/1m/IOUSDT-1m-2026-07.csv
futures/um/monthly/klines/iousdt/1m/IOUSDT-1m-2026-08.csv
futures/um/monthly/klines/irysusdt/1m/IRYSUSDT-1m-2025-11.csv
futures/um/monthly/klines/irysusdt/1m/IRYSUSDT-1m-2025-12.csv
futures/um/monthly/klines/irysusdt/1m/IRYSUSDT-1m-2026-01.csv
futures/um/monthly/klines/irysusdt/1m/IRYSUSDT-1m-2026-02.csv
futures/um/monthly/klines/irysusdt/1m/IRYSUSDT-1m-2026-03.csv
futures/um/monthly/klines/irysusdt/1m/IRYSUSDT-1m-2026-04.csv
futures/um/monthly/klines/irysusdt/1m/IRYSUSDT-1m-2026-05.csv
futures/um/monthly/klines/irysusdt/1m/IRYSUSDT-1m-2026-06.csv
futures/um/monthly/klines/irysusdt/1m/IRYSUSDT-1m-2026-07.csv
futures/um/monthly/klines/irysusdt/1m/IRYSUSDT-1m-2026-08.csv
futures/um/monthly/klines/jasmyusdt/1m/JASMYUSDT-1m-2022-04.csv
futures/um/monthly/klines/jasmyusdt/1m/JASMYUSDT-1m-2022-05.csv
futures/um/monthly/klines/jasmyusdt/1m/JASMYUSDT-1m-2022-06.csv
futures/um/monthly/klines/jasmyusdt/1m/JASMYUSDT-1m-2022-07.csv
futures/um/monthly/klines/jasmyusdt/1m/JASMYUSDT-1m-2022-08.csv
futures/um/monthly/klines/jasmyusdt/1m/JASMYUSDT-1m-2022-09.csv
futures/um/monthly/klines/jasmyusdt/1m/JASMYUSDT-1m-2022-10.csv
futures/um/monthly/klines/jasmyusdt/1m/JASMYUSDT-1m-2022-11.csv
futures/um/monthly/klines/jasmyusdt/1m/JASMYUSDT-1m-2022-12.csv
futures/um/monthly/klines/jasmyusdt/1m/JASMYUSDT-1m-2023-01.csv
futures/um/monthly/klines/jasmyusdt/1m/JASMYUSDT-1m-2023-02.csv
futures/um/monthly/klines/jasmyusdt/1m/JASMYUSDT-1m-2023-03.csv
futures/um/monthly/klines/jasmyusdt/1m/JASMYUSDT-1m-2023-04.csv
futures/um/monthly/klines/jasmyusdt/1m/JASMYUSDT-1m-2023-05.csv
futures/um/monthly/klines/jasmyusdt/1m/JASMYUSDT-1m-2023-06.csv
futures/um/monthly/klines/jasmyusdt/1m/JASMYUSDT-1m-2023-07.csv
futures/um/monthly/klines/jasmyusdt/1m/JASMYUSDT-1m-2023-08.csv
futures/um/monthly/klines/jasmyusdt/1m/JASMYUSDT-1m-2023-09.csv
futures/um/monthly/klines/jasmyusdt/1m/JASMYUSDT-1m-2023-10.csv
futures/um/monthly/klines/jasmyusdt/1m/JASMYUSDT-1m-2023-11.csv
futures/um/monthly/klines/jasmyusdt/1m/JASMYUSDT-1m-2023-12.csv
futures/um/monthly/klines/jasmyusdt/1m/JASMYUSDT-1m-2024-01.csv
futures/um/monthly/klines/jasmyusdt/1m/JASMYUSDT-1m-2024-02.csv
futures/um/monthly/klines/jasmyusdt/1m/JASMYUSDT-1m-2024-03.csv
futures/um/monthly/klines/jasmyusdt/1m/JASMYUSDT-1m-2024-04.csv
futures/um/monthly/klines/jasmyusdt/1m/JASMYUSDT-1m-2024-05.csv
futures/um/monthly/klines/jasmyusdt/1m/JASMYUSDT-1m-2024-06.csv
futures/um/monthly/klines/jasmyusdt/1m/JASMYUSDT-1m-2024-07.csv
futures/um/monthly/klines/jasmyusdt/1m/JASMYUSDT-1m-2024-08.csv
futures/um/monthly/klines/jasmyusdt/1m/JASMYUSDT-1m-2024-09.csv
futures/um/monthly/klines/jasmyusdt/1m/JASMYUSDT-1m-2024-10.csv
futures/um/monthly/klines/jasmyusdt/1m/JASMYUSDT-1m-2024-11.csv
futures/um/monthly/klines/jasmyusdt/1m/JASMYUSDT-1m-2024-12.csv
futures/um/monthly/klines/jasmyusdt/1m/JASMYUSDT-1m-2025-01.csv
futures/um/monthly/klines/jasmyusdt/1m/JASMYUSDT-1m-2025-02.csv
futures/um/monthly/klines/jasmyusdt/1m/JASMYUSDT-1m-2025-03.csv
futures/um/monthly/klines/jasmyusdt/1m/JASMYUSDT-1m-2025-04.csv
futures/um/monthly/klines/jasmyusdt/1m/JASMYUSDT-1m-2025-05.csv
futures/um/monthly/klines/jasmyusdt/1m/JASMYUSDT-1m-2025-06.csv
futures/um/monthly/klines/jasmyusdt/1m/JASMYUSDT-1m-2025-07.csv
futures/um/monthly/klines/jasmyusdt/1m/JASMYUSDT-1m-2025-08.csv
futures/um/monthly/klines/jasmyusdt/1m/JASMYUSDT-1m-2025-09.csv
futures/um/monthly/klines/jasmyusdt/1m/JASMYUSDT-1m-2025-10.csv
futures/um/monthly/klines/jasmyusdt/1m/JASMYUSDT-1m-2025-11.csv
futures/um/monthly/klines/jasmyusdt/1m/JASMYUSDT-1m-2025-12.csv
futures/um/monthly/klines/jasmyusdt/1m/JASMYUSDT-1m-2026-01.csv
futures/um/monthly/klines/jasmyusdt/1m/JASMYUSDT-1m-2026-02.csv
futures/um/monthly/klines/jasmyusdt/1m/JASMYUSDT-1m-2026-03.csv
futures/um/monthly/klines/jasmyusdt/1m/JASMYUSDT-1m-2026-04.csv
futures/um/monthly/klines/jasmyusdt/1m/JASMYUSDT-1m-2026-05.csv
futures/um/monthly/klines/jasmyusdt/1m/JASMYUSDT-1m-2026-06.csv
futures/um/monthly/klines/jasmyusdt/1m/JASMYUSDT-1m-2026-07.csv
futures/um/monthly/klines/jasmyusdt/1m/JASMYUSDT-1m-2026-08.csv
futures/um/monthly/klines/jctusdt/1m/JCTUSDT-1m-2025-11.csv
futures/um/monthly/klines/jctusdt/1m/JCTUSDT-1m-2025-12.csv
futures/um/monthly/klines/jctusdt/1m/JCTUSDT-1m-2026-01.csv
futures/um/monthly/klines/jctusdt/1m/JCTUSDT-1m-2026-02.csv
futures/um/monthly/klines/jctusdt/1m/JCTUSDT-1m-2026-03.csv
futures/um/monthly/klines/jctusdt/1m/JCTUSDT-1m-2026-04.csv
futures/um/monthly/klines/jctusdt/1m/JCTUSDT-1m-2026-05.csv
futures/um/monthly/klines/jctusdt/1m/JCTUSDT-1m-2026-06.csv
futures/um/monthly/klines/jctusdt/1m/JCTUSDT-1m-2026-07.csv
futures/um/monthly/klines/jctusdt/1m/JCTUSDT-1m-2026-08.csv
futures/um/monthly/klines/jellyjellyusdt/1m/JELLYJELLYUSDT-1m-2025-03.csv
futures/um/monthly/klines/jellyjellyusdt/1m/JELLYJELLYUSDT-1m-2025-04.csv
futures/um/monthly/klines/jellyjellyusdt/1m/JELLYJELLYUSDT-1m-2025-05.csv
futures/um/monthly/klines/jellyjellyusdt/1m/JELLYJELLYUSDT-1m-2025-06.csv
futures/um/monthly/klines/jellyjellyusdt/1m/JELLYJELLYUSDT-1m-2025-07.csv
futures/um/monthly/klines/jellyjellyusdt/1m/JELLYJELLYUSDT-1m-2025-08.csv
futures/um/monthly/klines/jellyjellyusdt/1m/JELLYJELLYUSDT-1m-2025-09.csv
futures/um/monthly/klines/jellyjellyusdt/1m/JELLYJELLYUSDT-1m-2025-10.csv
futures/um/monthly/klines/jellyjellyusdt/1m/JELLYJELLYUSDT-1m-2025-11.csv
futures/um/monthly/klines/jellyjellyusdt/1m/JELLYJELLYUSDT-1m-2025-12.csv
futures/um/monthly/klines/jellyjellyusdt/1m/JELLYJELLYUSDT-1m-2026-01.csv
futures/um/monthly/klines/jellyjellyusdt/1m/JELLYJELLYUSDT-1m-2026-02.csv
futures/um/monthly/klines/jellyjellyusdt/1m/JELLYJELLYUSDT-1m-2026-03.csv
futures/um/monthly/klines/jellyjellyusdt/1m/JELLYJELLYUSDT-1m-2026-04.csv
futures/um/monthly/klines/jellyjellyusdt/1m/JELLYJELLYUSDT-1m-2026-05.csv
futures/um/monthly/klines/jellyjellyusdt/1m/JELLYJELLYUSDT-1m-2026-06.csv
futures/um/monthly/klines/jellyjellyusdt/1m/JELLYJELLYUSDT-1m-2026-07.csv
futures/um/monthly/klines/jellyjellyusdt/1m/JELLYJELLYUSDT-1m-2026-08.csv
futures/um/monthly/klines/joeusdt/1m/JOEUSDT-1m-2023-03.csv
futures/um/monthly/klines/joeusdt/1m/JOEUSDT-1m-2023-04.csv
futures/um/monthly/klines/joeusdt/1m/JOEUSDT-1m-2023-05.csv
futures/um/monthly/klines/joeusdt/1m/JOEUSDT-1m-2023-06.csv
futures/um/monthly/klines/joeusdt/1m/JOEUSDT-1m-2023-07.csv
futures/um/monthly/klines/joeusdt/1m/JOEUSDT-1m-2023-08.csv
futures/um/monthly/klines/joeusdt/1m/JOEUSDT-1m-2023-09.csv
futures/um/monthly/klines/joeusdt/1m/JOEUSDT-1m-2023-10.csv
futures/um/monthly/klines/joeusdt/1m/JOEUSDT-1m-2023-11.csv
futures/um/monthly/klines/joeusdt/1m/JOEUSDT-1m-2023-12.csv
futures/um/monthly/klines/joeusdt/1m/JOEUSDT-1m-2024-01.csv
futures/um/monthly/klines/joeusdt/1m/JOEUSDT-1m-2024-02.csv
futures/um/monthly/klines/joeusdt/1m/JOEUSDT-1m-2024-03.csv
futures/um/monthly/klines/joeusdt/1m/JOEUSDT-1m-2024-04.csv
futures/um/monthly/klines/joeusdt/1m/JOEUSDT-1m-2024-05.csv
futures/um/monthly/klines/joeusdt/1m/JOEUSDT-1m-2024-06.csv
futures/um/monthly/klines/joeusdt/1m/JOEUSDT-1m-2024-07.csv
futures/um/monthly/klines/joeusdt/1m/JOEUSDT-1m-2024-08.csv
futures/um/monthly/klines/joeusdt/1m/JOEUSDT-1m-2024-09.csv
futures/um/monthly/klines/joeusdt/1m/JOEUSDT-1m-2024-10.csv
futures/um/monthly/klines/joeusdt/1m/JOEUSDT-1m-2024-11.csv
futures/um/monthly/klines/joeusdt/1m/JOEUSDT-1m-2024-12.csv
futures/um/monthly/klines/joeusdt/1m/JOEUSDT-1m-2025-01.csv
futures/um/monthly/klines/joeusdt/1m/JOEUSDT-1m-2025-02.csv
futures/um/monthly/klines/joeusdt/1m/JOEUSDT-1m-2025-03.csv
futures/um/monthly/klines/joeusdt/1m/JOEUSDT-1m-2025-04.csv
futures/um/monthly/klines/joeusdt/1m/JOEUSDT-1m-2025-05.csv
futures/um/monthly/klines/joeusdt/1m/JOEUSDT-1m-2025-06.csv
futures/um/monthly/klines/joeusdt/1m/JOEUSDT-1m-2025-07.csv
futures/um/monthly/klines/joeusdt/1m/JOEUSDT-1m-2025-08.csv
futures/um/monthly/klines/joeusdt/1m/JOEUSDT-1m-2025-09.csv
futures/um/monthly/klines/joeusdt/1m/JOEUSDT-1m-2025-10.csv
futures/um/monthly/klines/joeusdt/1m/JOEUSDT-1m-2025-11.csv
futures/um/monthly/klines/joeusdt/1m/JOEUSDT-1m-2025-12.csv
futures/um/monthly/klines/joeusdt/1m/JOEUSDT-1m-2026-01.csv
futures/um/monthly/klines/joeusdt/1m/JOEUSDT-1m-2026-02.csv
futures/um/monthly/klines/joeusdt/1m/JOEUSDT-1m-2026-03.csv
futures/um/monthly/klines/joeusdt/1m/JOEUSDT-1m-2026-04.csv
futures/um/monthly/klines/joeusdt/1m/JOEUSDT-1m-2026-05.csv
futures/um/monthly/klines/joeusdt/1m/JOEUSDT-1m-2026-06.csv
futures/um/monthly/klines/joeusdt/1m/JOEUSDT-1m-2026-07.csv
futures/um/monthly/klines/joeusdt/1m/JOEUSDT-1m-2026-08.csv
futures/um/monthly/klines/jstusdt/1m/JSTUSDT-1m-2025-04.csv
futures/um/monthly/klines/jstusdt/1m/JSTUSDT-1m-2025-05.csv
futures/um/monthly/klines/jstusdt/1m/JSTUSDT-1m-2025-06.csv
futures/um/monthly/klines/jstusdt/1m/JSTUSDT-1m-2025-07.csv
futures/um/monthly/klines/jstusdt/1m/JSTUSDT-1m-2025-08.csv
futures/um/monthly/klines/jstusdt/1m/JSTUSDT-1m-2025-09.csv
futures/um/monthly/klines/jstusdt/1m/JSTUSDT-1m-2025-10.csv
futures/um/monthly/klines/jstusdt/1m/JSTUSDT-1m-2025-11.csv
futures/um/monthly/klines/jstusdt/1m/JSTUSDT-1m-2025-12.csv
futures/um/monthly/klines/jstusdt/1m/JSTUSDT-1m-2026-01.csv
futures/um/monthly/klines/jstusdt/1m/JSTUSDT-1m-2026-02.csv
futures/um/monthly/klines/jstusdt/1m/JSTUSDT-1m-2026-03.csv
futures/um/monthly/klines/jstusdt/1m/JSTUSDT-1m-2026-04.csv
futures/um/monthly/klines/jstusdt/1m/JSTUSDT-1m-2026-05.csv
futures/um/monthly/klines/jstusdt/1m/JSTUSDT-1m-2026-06.csv
futures/um/monthly/klines/jstusdt/1m/JSTUSDT-1m-2026-07.csv
futures/um/monthly/klines/jstusdt/1m/JSTUSDT-1m-2026-08.csv
futures/um/monthly/klines/jtousdt/1m/JTOUSDT-1m-2023-12.csv
futures/um/monthly/klines/jtousdt/1m/JTOUSDT-1m-2024-01.csv
futures/um/monthly/klines/jtousdt/1m/JTOUSDT-1m-2024-02.csv
futures/um/monthly/klines/jtousdt/1m/JTOUSDT-1m-2024-03.csv
futures/um/monthly/klines/jtousdt/1m/JTOUSDT-1m-2024-04.csv
futures/um/monthly/klines/jtousdt/1m/JTOUSDT-1m-2024-05.csv
futures/um/monthly/klines/jtousdt/1m/JTOUSDT-1m-2024-06.csv
futures/um/monthly/klines/jtousdt/1m/JTOUSDT-1m-2024-07.csv
futures/um/monthly/klines/jtousdt/1m/JTOUSDT-1m-2024-08.csv
futures/um/monthly/klines/jtousdt/1m/JTOUSDT-1m-2024-09.csv
futures/um/monthly/klines/jtousdt/1m/JTOUSDT-1m-2024-10.csv
futures/um/monthly/klines/jtousdt/1m/JTOUSDT-1m-2024-11.csv
futures/um/monthly/klines/jtousdt/1m/JTOUSDT-1m-2024-12.csv
futures/um/monthly/klines/jtousdt/1m/JTOUSDT-1m-2025-01.csv
futures/um/monthly/klines/jtousdt/1m/JTOUSDT-1m-2025-02.csv
futures/um/monthly/klines/jtousdt/1m/JTOUSDT-1m-2025-03.csv
futures/um/monthly/klines/jtousdt/1m/JTOUSDT-1m-2025-04.csv
futures/um/monthly/klines/jtousdt/1m/JTOUSDT-1m-2025-05.csv
futures/um/monthly/klines/jtousdt/1m/JTOUSDT-1m-2025-06.csv
futures/um/monthly/klines/jtousdt/1m/JTOUSDT-1m-2025-07.csv
futures/um/monthly/klines/jtousdt/1m/JTOUSDT-1m-2025-08.csv
futures/um/monthly/klines/jtousdt/1m/JTOUSDT-1m-2025-09.csv
futures/um/monthly/klines/jtousdt/1m/JTOUSDT-1m-2025-10.csv
futures/um/monthly/klines/jtousdt/1m/JTOUSDT-1m-2025-11.csv
futures/um/monthly/klines/jtousdt/1m/JTOUSDT-1m-2025-12.csv
futures/um/monthly/klines/jtousdt/1m/JTOUSDT-1m-2026-01.csv
futures/um/monthly/klines/jtousdt/1m/JTOUSDT-1m-2026-02.csv
futures/um/monthly/klines/jtousdt/1m/JTOUSDT-1m-2026-03.csv
futures/um/monthly/klines/jtousdt/1m/JTOUSDT-1m-2026-04.csv
futures/um/monthly/klines/jtousdt/1m/JTOUSDT-1m-2026-05.csv
futures/um/monthly/klines/jtousdt/1m/JTOUSDT-1m-2026-06.csv
futures/um/monthly/klines/jtousdt/1m/JTOUSDT-1m-2026-07.csv
futures/um/monthly/klines/jtousdt/1m/JTOUSDT-1m-2026-08.csv
futures/um/monthly/klines/jupusdt/1m/JUPUSDT-1m-2024-01.csv
futures/um/monthly/klines/jupusdt/1m/JUPUSDT-1m-2024-02.csv
futures/um/monthly/klines/jupusdt/1m/JUPUSDT-1m-2024-03.csv
futures/um/monthly/klines/jupusdt/1m/JUPUSDT-1m-2024-04.csv
futures/um/monthly/klines/jupusdt/1m/JUPUSDT-1m-2024-05.csv
futures/um/monthly/klines/jupusdt/1m/JUPUSDT-1m-2024-06.csv
futures/um/monthly/klines/jupusdt/1m/JUPUSDT-1m-2024-07.csv
futures/um/monthly/klines/jupusdt/1m/JUPUSDT-1m-2024-08.csv
futures/um/monthly/klines/jupusdt/1m/JUPUSDT-1m-2024-09.csv
futures/um/monthly/klines/jupusdt/1m/JUPUSDT-1m-2024-10.csv
futures/um/monthly/klines/jupusdt/1m/JUPUSDT-1m-2024-11.csv
futures/um/monthly/klines/jupusdt/1m/JUPUSDT-1m-2024-12.csv
futures/um/monthly/klines/jupusdt/1m/JUPUSDT-1m-2025-01.csv
futures/um/monthly/klines/jupusdt/1m/JUPUSDT-1m-2025-02.csv
futures/um/monthly/klines/jupusdt/1m/JUPUSDT-1m-2025-03.csv
futures/um/monthly/klines/jupusdt/1m/JUPUSDT-1m-2025-04.csv
futures/um/monthly/klines/jupusdt/1m/JUPUSDT-1m-2025-05.csv
futures/um/monthly/klines/jupusdt/1m/JUPUSDT-1m-2025-06.csv
futures/um/monthly/klines/jupusdt/1m/JUPUSDT-1m-2025-07.csv
futures/um/monthly/klines/jupusdt/1m/JUPUSDT-1m-2025-08.csv
futures/um/monthly/klines/jupusdt/1m/JUPUSDT-1m-2025-09.csv
futures/um/monthly/klines/jupusdt/1m/JUPUSDT-1m-2025-10.csv
futures/um/monthly/klines/jupusdt/1m/JUPUSDT-1m-2025-11.csv
futures/um/monthly/klines/jupusdt/1m/JUPUSDT-1m-2025-12.csv
futures/um/monthly/klines/jupusdt/1m/JUPUSDT-1m-2026-01.csv
futures/um/monthly/klines/jupusdt/1m/JUPUSDT-1m-2026-02.csv
futures/um/monthly/klines/jupusdt/1m/JUPUSDT-1m-2026-03.csv
futures/um/monthly/klines/jupusdt/1m/JUPUSDT-1m-2026-04.csv
futures/um/monthly/klines/jupusdt/1m/JUPUSDT-1m-2026-05.csv
futures/um/monthly/klines/jupusdt/1m/JUPUSDT-1m-2026-06.csv
futures/um/monthly/klines/jupusdt/1m/JUPUSDT-1m-2026-07.csv
futures/um/monthly/klines/jupusdt/1m/JUPUSDT-1m-2026-08.csv
futures/um/monthly/klines/kaiausdt/1m/KAIAUSDT-1m-2024-12.csv
futures/um/monthly/klines/kaiausdt/1m/KAIAUSDT-1m-2025-01.csv
futures/um/monthly/klines/kaiausdt/1m/KAIAUSDT-1m-2025-02.csv
futures/um/monthly/klines/kaiausdt/1m/KAIAUSDT-1m-2025-03.csv
futures/um/monthly/klines/kaiausdt/1m/KAIAUSDT-1m-2025-04.csv
futures/um/monthly/klines/kaiausdt/1m/KAIAUSDT-1m-2025-05.csv
futures/um/monthly/klines/kaiausdt/1m/KAIAUSDT-1m-2025-06.csv
futures/um/monthly/klines/kaiausdt/1m/KAIAUSDT-1m-2025-07.csv
futures/um/monthly/klines/kaiausdt/1m/KAIAUSDT-1m-2025-08.csv
futures/um/monthly/klines/kaiausdt/1m/KAIAUSDT-1m-2025-09.csv
futures/um/monthly/klines/kaiausdt/1m/KAIAUSDT-1m-2025-10.csv
futures/um/monthly/klines/kaiausdt/1m/KAIAUSDT-1m-2025-11.csv
futures/um/monthly/klines/kaiausdt/1m/KAIAUSDT-1m-2025-12.csv
futures/um/monthly/klines/kaiausdt/1m/KAIAUSDT-1m-2026-01.csv
futures/um/monthly/klines/kaiausdt/1m/KAIAUSDT-1m-2026-02.csv
futures/um/monthly/klines/kaiausdt/1m/KAIAUSDT-1m-2026-03.csv
futures/um/monthly/klines/kaiausdt/1m/KAIAUSDT-1m-2026-04.csv
futures/um/monthly/klines/kaiausdt/1m/KAIAUSDT-1m-2026-05.csv
futures/um/monthly/klines/kaiausdt/1m/KAIAUSDT-1m-2026-06.csv
futures/um/monthly/klines/kaiausdt/1m/KAIAUSDT-1m-2026-07.csv
futures/um/monthly/klines/kaiausdt/1m/KAIAUSDT-1m-2026-08.csv
futures/um/monthly/klines/kaitousdt/1m/KAITOUSDT-1m-2025-02.csv
futures/um/monthly/klines/kaitousdt/1m/KAITOUSDT-1m-2025-03.csv
futures/um/monthly/klines/kaitousdt/1m/KAITOUSDT-1m-2025-04.csv
futures/um/monthly/klines/kaitousdt/1m/KAITOUSDT-1m-2025-05.csv
futures/um/monthly/klines/kaitousdt/1m/KAITOUSDT-1m-2025-06.csv
futures/um/monthly/klines/kaitousdt/1m/KAITOUSDT-1m-2025-07.csv
futures/um/monthly/klines/kaitousdt/1m/KAITOUSDT-1m-2025-08.csv
futures/um/monthly/klines/kaitousdt/1m/KAITOUSDT-1m-2025-09.csv
futures/um/monthly/klines/kaitousdt/1m/KAITOUSDT-1m-2025-10.csv
futures/um/monthly/klines/kaitousdt/1m/KAITOUSDT-1m-2025-11.csv
futures/um/monthly/klines/kaitousdt/1m/KAITOUSDT-1m-2025-12.csv
futures/um/monthly/klines/kaitousdt/1m/KAITOUSDT-1m-2026-01.csv
futures/um/monthly/klines/kaitousdt/1m/KAITOUSDT-1m-2026-02.csv
futures/um/monthly/klines/kaitousdt/1m/KAITOUSDT-1m-2026-03.csv
futures/um/monthly/klines/kaitousdt/1m/KAITOUSDT-1m-2026-04.csv
futures/um/monthly/klines/kaitousdt/1m/KAITOUSDT-1m-2026-05.csv
futures/um/monthly/klines/kaitousdt/1m/KAITOUSDT-1m-2026-06.csv
futures/um/monthly/klines/kaitousdt/1m/KAITOUSDT-1m-2026-07.csv
futures/um/monthly/klines/kaitousdt/1m/KAITOUSDT-1m-2026-08.csv
futures/um/monthly/klines/kasusdt/1m/KASUSDT-1m-2023-11.csv
futures/um/monthly/klines/kasusdt/1m/KASUSDT-1m-2023-12.csv
futures/um/monthly/klines/kasusdt/1m/KASUSDT-1m-2024-01.csv
futures/um/monthly/klines/kasusdt/1m/KASUSDT-1m-2024-02.csv
futures/um/monthly/klines/kasusdt/1m/KASUSDT-1m-2024-03.csv
futures/um/monthly/klines/kasusdt/1m/KASUSDT-1m-2024-04.csv
futures/um/monthly/klines/kasusdt/1m/KASUSDT-1m-2024-05.csv
futures/um/monthly/klines/kasusdt/1m/KASUSDT-1m-2024-06.csv
futures/um/monthly/klines/kasusdt/1m/KASUSDT-1m-2024-07.csv
futures/um/monthly/klines/kasusdt/1m/KASUSDT-1m-2024-08.csv
futures/um/monthly/klines/kasusdt/1m/KASUSDT-1m-2024-09.csv
futures/um/monthly/klines/kasusdt/1m/KASUSDT-1m-2024-10.csv
futures/um/monthly/klines/kasusdt/1m/KASUSDT-1m-2024-11.csv
futures/um/monthly/klines/kasusdt/1m/KASUSDT-1m-2024-12.csv
futures/um/monthly/klines/kasusdt/1m/KASUSDT-1m-2025-01.csv
futures/um/monthly/klines/kasusdt/1m/KASUSDT-1m-2025-02.csv
futures/um/monthly/klines/kasusdt/1m/KASUSDT-1m-2025-03.csv
futures/um/monthly/klines/kasusdt/1m/KASUSDT-1m-2025-04.csv
futures/um/monthly/klines/kasusdt/1m/KASUSDT-1m-2025-05.csv
futures/um/monthly/klines/kasusdt/1m/KASUSDT-1m-2025-06.csv
futures/um/monthly/klines/kasusdt/1m/KASUSDT-1m-2025-07.csv
futures/um/monthly/klines/kasusdt/1m/KASUSDT-1m-2025-08.csv
futures/um/monthly/klines/kasusdt/1m/KASUSDT-1m-2025-09.csv
futures/um/monthly/klines/kasusdt/1m/KASUSDT-1m-2025-10.csv
futures/um/monthly/klines/kasusdt/1m/KASUSDT-1m-2025-11.csv
futures/um/monthly/klines/kasusdt/1m/KASUSDT-1m-2025-12.csv
futures/um/monthly/klines/kasusdt/1m/KASUSDT-1m-2026-01.csv
futures/um/monthly/klines/kasusdt/1m/KASUSDT-1m-2026-02.csv
futures/um/monthly/klines/kasusdt/1m/KASUSDT-1m-2026-03.csv
futures/um/monthly/klines/kasusdt/1m/KASUSDT-1m-2026-04.csv
futures/um/monthly/klines/kasusdt/1m/KASUSDT-1m-2026-05.csv
futures/um/monthly/klines/kasusdt/1m/KASUSDT-1m-2026-06.csv
futures/um/monthly/klines/kasusdt/1m/KASUSDT-1m-2026-07.csv
futures/um/monthly/klines/kasusdt/1m/KASUSDT-1m-2026-08.csv
futures/um/monthly/klines/katusdt/1m/KATUSDT-1m-2026-03.csv
futures/um/monthly/klines/katusdt/1m/KATUSDT-1m-2026-04.csv
futures/um/monthly/klines/katusdt/1m/KATUSDT-1m-2026-05.csv
futures/um/monthly/klines/katusdt/1m/KATUSDT-1m-2026-06.csv
futures/um/monthly/klines/katusdt/1m/KATUSDT-1m-2026-07.csv
futures/um/monthly/klines/katusdt/1m/KATUSDT-1m-2026-08.csv
futures/um/monthly/klines/kavausdt/1m/KAVAUSDT-1m-2020-07.csv
futures/um/monthly/klines/kavausdt/1m/KAVAUSDT-1m-2020-08.csv
futures/um/monthly/klines/kavausdt/1m/KAVAUSDT-1m-2020-09.csv
futures/um/monthly/klines/kavausdt/1m/KAVAUSDT-1m-2020-10.csv
futures/um/monthly/klines/kavausdt/1m/KAVAUSDT-1m-2020-11.csv
futures/um/monthly/klines/kavausdt/1m/KAVAUSDT-1m-2020-12.csv
futures/um/monthly/klines/kavausdt/1m/KAVAUSDT-1m-2021-01.csv
futures/um/monthly/klines/kavausdt/1m/KAVAUSDT-1m-2021-02.csv
futures/um/monthly/klines/kavausdt/1m/KAVAUSDT-1m-2021-03.csv
futures/um/monthly/klines/kavausdt/1m/KAVAUSDT-1m-2021-04.csv
futures/um/monthly/klines/kavausdt/1m/KAVAUSDT-1m-2021-05.csv
futures/um/monthly/klines/kavausdt/1m/KAVAUSDT-1m-2021-06.csv
futures/um/monthly/klines/kavausdt/1m/KAVAUSDT-1m-2021-07.csv
futures/um/monthly/klines/kavausdt/1m/KAVAUSDT-1m-2021-08.csv
futures/um/monthly/klines/kavausdt/1m/KAVAUSDT-1m-2021-09.csv
futures/um/monthly/klines/kavausdt/1m/KAVAUSDT-1m-2021-10.csv
futures/um/monthly/klines/kavausdt/1m/KAVAUSDT-1m-2021-11.csv
futures/um/monthly/klines/kavausdt/1m/KAVAUSDT-1m-2021-12.csv
futures/um/monthly/klines/kavausdt/1m/KAVAUSDT-1m-2022-01.csv
futures/um/monthly/klines/kavausdt/1m/KAVAUSDT-1m-2022-02.csv
futures/um/monthly/klines/kavausdt/1m/KAVAUSDT-1m-2022-03.csv
futures/um/monthly/klines/kavausdt/1m/KAVAUSDT-1m-2022-04.csv
futures/um/monthly/klines/kavausdt/1m/KAVAUSDT-1m-2022-05.csv
futures/um/monthly/klines/kavausdt/1m/KAVAUSDT-1m-2022-06.csv
futures/um/monthly/klines/kavausdt/1m/KAVAUSDT-1m-2022-07.csv
futures/um/monthly/klines/kavausdt/1m/KAVAUSDT-1m-2022-08.csv
futures/um/monthly/klines/kavausdt/1m/KAVAUSDT-1m-2022-09.csv
futures/um/monthly/klines/kavausdt/1m/KAVAUSDT-1m-2022-10.csv
futures/um/monthly/klines/kavausdt/1m/KAVAUSDT-1m-2022-11.csv
futures/um/monthly/klines/kavausdt/1m/KAVAUSDT-1m-2022-12.csv
futures/um/monthly/klines/kavausdt/1m/KAVAUSDT-1m-2023-01.csv
futures/um/monthly/klines/kavausdt/1m/KAVAUSDT-1m-2023-02.csv
futures/um/monthly/klines/kavausdt/1m/KAVAUSDT-1m-2023-03.csv
futures/um/monthly/klines/kavausdt/1m/KAVAUSDT-1m-2023-04.csv
futures/um/monthly/klines/kavausdt/1m/KAVAUSDT-1m-2023-05.csv
futures/um/monthly/klines/kavausdt/1m/KAVAUSDT-1m-2023-06.csv
futures/um/monthly/klines/kavausdt/1m/KAVAUSDT-1m-2023-07.csv
futures/um/monthly/klines/kavausdt/1m/KAVAUSDT-1m-2023-08.csv
futures/um/monthly/klines/kavausdt/1m/KAVAUSDT-1m-2023-09.csv
futures/um/monthly/klines/kavausdt/1m/KAVAUSDT-1m-2023-10.csv
futures/um/monthly/klines/kavausdt/1m/KAVAUSDT-1m-2023-11.csv
futures/um/monthly/klines/kavausdt/1m/KAVAUSDT-1m-2023-12.csv
futures/um/monthly/klines/kavausdt/1m/KAVAUSDT-1m-2024-01.csv
futures/um/monthly/klines/kavausdt/1m/KAVAUSDT-1m-2024-02.csv
futures/um/monthly/klines/kavausdt/1m/KAVAUSDT-1m-2024-03.csv
futures/um/monthly/klines/kavausdt/1m/KAVAUSDT-1m-2024-04.csv
futures/um/monthly/klines/kavausdt/1m/KAVAUSDT-1m-2024-05.csv
futures/um/monthly/klines/kavausdt/1m/KAVAUSDT-1m-2024-06.csv
futures/um/monthly/klines/kavausdt/1m/KAVAUSDT-1m-2024-07.csv
futures/um/monthly/klines/kavausdt/1m/KAVAUSDT-1m-2024-08.csv
futures/um/monthly/klines/kavausdt/1m/KAVAUSDT-1m-2024-09.csv
futures/um/monthly/klines/kavausdt/1m/KAVAUSDT-1m-2024-10.csv
futures/um/monthly/klines/kavausdt/1m/KAVAUSDT-1m-2024-11.csv
futures/um/monthly/klines/kavausdt/1m/KAVAUSDT-1m-2024-12.csv
futures/um/monthly/klines/kavausdt/1m/KAVAUSDT-1m-2025-01.csv
futures/um/monthly/klines/kavausdt/1m/KAVAUSDT-1m-2025-02.csv
futures/um/monthly/klines/kavausdt/1m/KAVAUSDT-1m-2025-03.csv
futures/um/monthly/klines/kavausdt/1m/KAVAUSDT-1m-2025-04.csv
futures/um/monthly/klines/kavausdt/1m/KAVAUSDT-1m-2025-05.csv
futures/um/monthly/klines/kavausdt/1m/KAVAUSDT-1m-2025-06.csv
futures/um/monthly/klines/kavausdt/1m/KAVAUSDT-1m-2025-07.csv
futures/um/monthly/klines/kavausdt/1m/KAVAUSDT-1m-2025-08.csv
futures/um/monthly/klines/kavausdt/1m/KAVAUSDT-1m-2025-09.csv
futures/um/monthly/klines/kavausdt/1m/KAVAUSDT-1m-2025-10.csv
futures/um/monthly/klines/kavausdt/1m/KAVAUSDT-1m-2025-11.csv
futures/um/monthly/klines/kavausdt/1m/KAVAUSDT-1m-2025-12.csv
futures/um/monthly/klines/kavausdt/1m/KAVAUSDT-1m-2026-01.csv
futures/um/monthly/klines/kavausdt/1m/KAVAUSDT-1m-2026-02.csv
futures/um/monthly/klines/kavausdt/1m/KAVAUSDT-1m-2026-03.csv
futures/um/monthly/klines/kavausdt/1m/KAVAUSDT-1m-2026-04.csv
futures/um/monthly/klines/kavausdt/1m/KAVAUSDT-1m-2026-05.csv
futures/um/monthly/klines/kavausdt/1m/KAVAUSDT-1m-2026-06.csv
futures/um/monthly/klines/kavausdt/1m/KAVAUSDT-1m-2026-07.csv
futures/um/monthly/klines/kavausdt/1m/KAVAUSDT-1m-2026-08.csv
futures/um/monthly/klines/kernelusdt/1m/KERNELUSDT-1m-2025-04.csv
futures/um/monthly/klines/kernelusdt/1m/KERNELUSDT-1m-2025-05.csv
futures/um/monthly/klines/kernelusdt/1m/KERNELUSDT-1m-2025-06.csv
futures/um/monthly/klines/kernelusdt/1m/KERNELUSDT-1m-2025-07.csv
futures/um/monthly/klines/kernelusdt/1m/KERNELUSDT-1m-2025-08.csv
futures/um/monthly/klines/kernelusdt/1m/KERNELUSDT-1m-2025-09.csv
futures/um/monthly/klines/kernelusdt/1m/KERNELUSDT-1m-2025-10.csv
futures/um/monthly/klines/kernelusdt/1m/KERNELUSDT-1m-2025-11.csv
futures/um/monthly/klines/kernelusdt/1m/KERNELUSDT-1m-2025-12.csv
futures/um/monthly/klines/kernelusdt/1m/KERNELUSDT-1m-2026-01.csv
futures/um/monthly/klines/kernelusdt/1m/KERNELUSDT-1m-2026-02.csv
futures/um/monthly/klines/kernelusdt/1m/KERNELUSDT-1m-2026-03.csv
futures/um/monthly/klines/kernelusdt/1m/KERNELUSDT-1m-2026-04.csv
futures/um/monthly/klines/kernelusdt/1m/KERNELUSDT-1m-2026-05.csv
futures/um/monthly/klines/kernelusdt/1m/KERNELUSDT-1m-2026-06.csv
futures/um/monthly/klines/kernelusdt/1m/KERNELUSDT-1m-2026-07.csv
futures/um/monthly/klines/kernelusdt/1m/KERNELUSDT-1m-2026-08.csv
futures/um/monthly/klines/kgenusdt/1m/KGENUSDT-1m-2025-10.csv
futures/um/monthly/klines/kgenusdt/1m/KGENUSDT-1m-2025-11.csv
futures/um/monthly/klines/kgenusdt/1m/KGENUSDT-1m-2025-12.csv
futures/um/monthly/klines/kgenusdt/1m/KGENUSDT-1m-2026-01.csv
futures/um/monthly/klines/kgenusdt/1m/KGENUSDT-1m-2026-02.csv
futures/um/monthly/klines/kgenusdt/1m/KGENUSDT-1m-2026-03.csv
futures/um/monthly/klines/kgenusdt/1m/KGENUSDT-1m-2026-04.csv
futures/um/monthly/klines/kgenusdt/1m/KGENUSDT-1m-2026-05.csv
futures/um/monthly/klines/kgenusdt/1m/KGENUSDT-1m-2026-06.csv
futures/um/monthly/klines/kgenusdt/1m/KGENUSDT-1m-2026-07.csv
futures/um/monthly/klines/kgenusdt/1m/KGENUSDT-1m-2026-08.csv
futures/um/monthly/klines/kiteusdt/1m/KITEUSDT-1m-2025-10.csv
futures/um/monthly/klines/kiteusdt/1m/KITEUSDT-1m-2025-11.csv
futures/um/monthly/klines/kiteusdt/1m/KITEUSDT-1m-2025-12.csv
futures/um/monthly/klines/kiteusdt/1m/KITEUSDT-1m-2026-01.csv
futures/um/monthly/klines/kiteusdt/1m/KITEUSDT-1m-2026-02.csv
futures/um/monthly/klines/kiteusdt/1m/KITEUSDT-1m-2026-03.csv
futures/um/monthly/klines/kiteusdt/1m/KITEUSDT-1m-2026-04.csv
futures/um/monthly/klines/kiteusdt/1m/KITEUSDT-1m-2026-05.csv
futures/um/monthly/klines/kiteusdt/1m/KITEUSDT-1m-2026-06.csv
futures/um/monthly/klines/kiteusdt/1m/KITEUSDT-1m-2026-07.csv
futures/um/monthly/klines/kiteusdt/1m/KITEUSDT-1m-2026-08.csv
futures/um/monthly/klines/kmnousdt/1m/KMNOUSDT-1m-2024-12.csv
futures/um/monthly/klines/kmnousdt/1m/KMNOUSDT-1m-2025-01.csv
futures/um/monthly/klines/kmnousdt/1m/KMNOUSDT-1m-2025-02.csv
futures/um/monthly/klines/kmnousdt/1m/KMNOUSDT-1m-2025-03.csv
futures/um/monthly/klines/kmnousdt/1m/KMNOUSDT-1m-2025-04.csv
futures/um/monthly/klines/kmnousdt/1m/KMNOUSDT-1m-2025-05.csv
futures/um/monthly/klines/kmnousdt/1m/KMNOUSDT-1m-2025-06.csv
futures/um/monthly/klines/kmnousdt/1m/KMNOUSDT-1m-2025-07.csv
futures/um/monthly/klines/kmnousdt/1m/KMNOUSDT-1m-2025-08.csv
futures/um/monthly/klines/kmnousdt/1m/KMNOUSDT-1m-2025-09.csv
futures/um/monthly/klines/kmnousdt/1m/KMNOUSDT-1m-2025-10.csv
futures/um/monthly/klines/kmnousdt/1m/KMNOUSDT-1m-2025-11.csv
futures/um/monthly/klines/kmnousdt/1m/KMNOUSDT-1m-2025-12.csv
futures/um/monthly/klines/kmnousdt/1m/KMNOUSDT-1m-2026-01.csv
futures/um/monthly/klines/kmnousdt/1m/KMNOUSDT-1m-2026-02.csv
futures/um/monthly/klines/kmnousdt/1m/KMNOUSDT-1m-2026-03.csv
futures/um/monthly/klines/kmnousdt/1m/KMNOUSDT-1m-2026-04.csv
futures/um/monthly/klines/kmnousdt/1m/KMNOUSDT-1m-2026-05.csv
futures/um/monthly/klines/kmnousdt/1m/KMNOUSDT-1m-2026-06.csv
futures/um/monthly/klines/kmnousdt/1m/KMNOUSDT-1m-2026-07.csv
futures/um/monthly/klines/kmnousdt/1m/KMNOUSDT-1m-2026-08.csv
futures/um/monthly/klines/kncusdt/1m/KNCUSDT-1m-2020-06.csv
futures/um/monthly/klines/kncusdt/1m/KNCUSDT-1m-2020-07.csv
futures/um/monthly/klines/kncusdt/1m/KNCUSDT-1m-2020-08.csv
futures/um/monthly/klines/kncusdt/1m/KNCUSDT-1m-2020-09.csv
futures/um/monthly/klines/kncusdt/1m/KNCUSDT-1m-2020-10.csv
futures/um/monthly/klines/kncusdt/1m/KNCUSDT-1m-2020-11.csv
futures/um/monthly/klines/kncusdt/1m/KNCUSDT-1m-2020-12.csv
futures/um/monthly/klines/kncusdt/1m/KNCUSDT-1m-2021-01.csv
futures/um/monthly/klines/kncusdt/1m/KNCUSDT-1m-2021-02.csv
futures/um/monthly/klines/kncusdt/1m/KNCUSDT-1m-2021-03.csv
futures/um/monthly/klines/kncusdt/1m/KNCUSDT-1m-2021-04.csv
futures/um/monthly/klines/kncusdt/1m/KNCUSDT-1m-2021-05.csv
futures/um/monthly/klines/kncusdt/1m/KNCUSDT-1m-2021-06.csv
futures/um/monthly/klines/kncusdt/1m/KNCUSDT-1m-2021-07.csv
futures/um/monthly/klines/kncusdt/1m/KNCUSDT-1m-2021-08.csv
futures/um/monthly/klines/kncusdt/1m/KNCUSDT-1m-2021-09.csv
futures/um/monthly/klines/kncusdt/1m/KNCUSDT-1m-2021-10.csv
futures/um/monthly/klines/kncusdt/1m/KNCUSDT-1m-2021-11.csv
futures/um/monthly/klines/kncusdt/1m/KNCUSDT-1m-2021-12.csv
futures/um/monthly/klines/kncusdt/1m/KNCUSDT-1m-2022-01.csv
futures/um/monthly/klines/kncusdt/1m/KNCUSDT-1m-2022-02.csv
futures/um/monthly/klines/kncusdt/1m/KNCUSDT-1m-2022-03.csv
futures/um/monthly/klines/kncusdt/1m/KNCUSDT-1m-2022-04.csv
futures/um/monthly/klines/kncusdt/1m/KNCUSDT-1m-2022-05.csv
futures/um/monthly/klines/kncusdt/1m/KNCUSDT-1m-2022-06.csv
futures/um/monthly/klines/kncusdt/1m/KNCUSDT-1m-2022-07.csv
futures/um/monthly/klines/kncusdt/1m/KNCUSDT-1m-2022-08.csv
futures/um/monthly/klines/kncusdt/1m/KNCUSDT-1m-2022-09.csv
futures/um/monthly/klines/kncusdt/1m/KNCUSDT-1m-2022-10.csv
futures/um/monthly/klines/kncusdt/1m/KNCUSDT-1m-2022-11.csv
futures/um/monthly/klines/kncusdt/1m/KNCUSDT-1m-2022-12.csv
futures/um/monthly/klines/kncusdt/1m/KNCUSDT-1m-2023-01.csv
futures/um/monthly/klines/kncusdt/1m/KNCUSDT-1m-2023-02.csv
futures/um/monthly/klines/kncusdt/1m/KNCUSDT-1m-2023-03.csv
futures/um/monthly/klines/kncusdt/1m/KNCUSDT-1m-2023-04.csv
futures/um/monthly/klines/kncusdt/1m/KNCUSDT-1m-2023-05.csv
futures/um/monthly/klines/kncusdt/1m/KNCUSDT-1m-2023-06.csv
futures/um/monthly/klines/kncusdt/1m/KNCUSDT-1m-2023-07.csv
futures/um/monthly/klines/kncusdt/1m/KNCUSDT-1m-2023-08.csv
futures/um/monthly/klines/kncusdt/1m/KNCUSDT-1m-2023-09.csv
futures/um/monthly/klines/kncusdt/1m/KNCUSDT-1m-2023-10.csv
futures/um/monthly/klines/kncusdt/1m/KNCUSDT-1m-2023-11.csv
futures/um/monthly/klines/kncusdt/1m/KNCUSDT-1m-2023-12.csv
futures/um/monthly/klines/kncusdt/1m/KNCUSDT-1m-2024-01.csv
futures/um/monthly/klines/kncusdt/1m/KNCUSDT-1m-2024-02.csv
futures/um/monthly/klines/kncusdt/1m/KNCUSDT-1m-2024-03.csv
futures/um/monthly/klines/kncusdt/1m/KNCUSDT-1m-2024-04.csv
futures/um/monthly/klines/kncusdt/1m/KNCUSDT-1m-2024-05.csv
futures/um/monthly/klines/kncusdt/1m/KNCUSDT-1m-2024-06.csv
futures/um/monthly/klines/kncusdt/1m/KNCUSDT-1m-2024-07.csv
futures/um/monthly/klines/kncusdt/1m/KNCUSDT-1m-2024-08.csv
futures/um/monthly/klines/kncusdt/1m/KNCUSDT-1m-2024-09.csv
futures/um/monthly/klines/kncusdt/1m/KNCUSDT-1m-2024-10.csv
futures/um/monthly/klines/kncusdt/1m/KNCUSDT-1m-2024-11.csv
futures/um/monthly/klines/kncusdt/1m/KNCUSDT-1m-2024-12.csv
futures/um/monthly/klines/kncusdt/1m/KNCUSDT-1m-2025-01.csv
futures/um/monthly/klines/kncusdt/1m/KNCUSDT-1m-2025-02.csv
futures/um/monthly/klines/kncusdt/1m/KNCUSDT-1m-2025-03.csv
futures/um/monthly/klines/kncusdt/1m/KNCUSDT-1m-2025-04.csv
futures/um/monthly/klines/kncusdt/1m/KNCUSDT-1m-2025-05.csv
futures/um/monthly/klines/kncusdt/1m/KNCUSDT-1m-2025-06.csv
futures/um/monthly/klines/kncusdt/1m/KNCUSDT-1m-2025-07.csv
futures/um/monthly/klines/kncusdt/1m/KNCUSDT-1m-2025-08.csv
futures/um/monthly/klines/kncusdt/1m/KNCUSDT-1m-2025-09.csv
futures/um/monthly/klines/kncusdt/1m/KNCUSDT-1m-2025-10.csv
futures/um/monthly/klines/kncusdt/1m/KNCUSDT-1m-2025-11.csv
futures/um/monthly/klines/kncusdt/1m/KNCUSDT-1m-2025-12.csv
futures/um/monthly/klines/kncusdt/1m/KNCUSDT-1m-2026-01.csv
futures/um/monthly/klines/kncusdt/1m/KNCUSDT-1m-2026-02.csv
futures/um/monthly/klines/kncusdt/1m/KNCUSDT-1m-2026-03.csv
futures/um/monthly/klines/kncusdt/1m/KNCUSDT-1m-2026-04.csv
futures/um/monthly/klines/kncusdt/1m/KNCUSDT-1m-2026-05.csv
futures/um/monthly/klines/kncusdt/1m/KNCUSDT-1m-2026-06.csv
futures/um/monthly/klines/kncusdt/1m/KNCUSDT-1m-2026-07.csv
futures/um/monthly/klines/kncusdt/1m/KNCUSDT-1m-2026-08.csv
futures/um/monthly/klines/komausdt/1m/KOMAUSDT-1m-2024-12.csv
futures/um/monthly/klines/komausdt/1m/KOMAUSDT-1m-2025-01.csv
futures/um/monthly/klines/komausdt/1m/KOMAUSDT-1m-2025-02.csv
futures/um/monthly/klines/komausdt/1m/KOMAUSDT-1m-2025-03.csv
futures/um/monthly/klines/komausdt/1m/KOMAUSDT-1m-2025-04.csv
futures/um/monthly/klines/komausdt/1m/KOMAUSDT-1m-2025-05.csv
futures/um/monthly/klines/komausdt/1m/KOMAUSDT-1m-2025-06.csv
futures/um/monthly/klines/komausdt/1m/KOMAUSDT-1m-2025-07.csv
futures/um/monthly/klines/komausdt/1m/KOMAUSDT-1m-2025-08.csv
futures/um/monthly/klines/komausdt/1m/KOMAUSDT-1m-2025-09.csv
futures/um/monthly/klines/komausdt/1m/KOMAUSDT-1m-2025-10.csv
futures/um/monthly/klines/komausdt/1m/KOMAUSDT-1m-2025-11.csv
futures/um/monthly/klines/komausdt/1m/KOMAUSDT-1m-2025-12.csv
futures/um/monthly/klines/komausdt/1m/KOMAUSDT-1m-2026-01.csv
futures/um/monthly/klines/komausdt/1m/KOMAUSDT-1m-2026-02.csv
futures/um/monthly/klines/komausdt/1m/KOMAUSDT-1m-2026-03.csv
futures/um/monthly/klines/komausdt/1m/KOMAUSDT-1m-2026-04.csv
futures/um/monthly/klines/komausdt/1m/KOMAUSDT-1m-2026-05.csv
futures/um/monthly/klines/komausdt/1m/KOMAUSDT-1m-2026-06.csv
futures/um/monthly/klines/komausdt/1m/KOMAUSDT-1m-2026-07.csv
futures/um/monthly/klines/komausdt/1m/KOMAUSDT-1m-2026-08.csv
futures/um/monthly/klines/ksmusdt/1m/KSMUSDT-1m-2020-10.csv
futures/um/monthly/klines/ksmusdt/1m/KSMUSDT-1m-2020-11.csv
futures/um/monthly/klines/ksmusdt/1m/KSMUSDT-1m-2020-12.csv
futures/um/monthly/klines/ksmusdt/1m/KSMUSDT-1m-2021-01.csv
futures/um/monthly/klines/ksmusdt/1m/KSMUSDT-1m-2021-02.csv
futures/um/monthly/klines/ksmusdt/1m/KSMUSDT-1m-2021-03.csv
futures/um/monthly/klines/ksmusdt/1m/KSMUSDT-1m-2021-04.csv
futures/um/monthly/klines/ksmusdt/1m/KSMUSDT-1m-2021-05.csv
futures/um/monthly/klines/ksmusdt/1m/KSMUSDT-1m-2021-06.csv
futures/um/monthly/klines/ksmusdt/1m/KSMUSDT-1m-2021-07.csv
futures/um/monthly/klines/ksmusdt/1m/KSMUSDT-1m-2021-08.csv
futures/um/monthly/klines/ksmusdt/1m/KSMUSDT-1m-2021-09.csv
futures/um/monthly/klines/ksmusdt/1m/KSMUSDT-1m-2021-10.csv
futures/um/monthly/klines/ksmusdt/1m/KSMUSDT-1m-2021-11.csv
futures/um/monthly/klines/ksmusdt/1m/KSMUSDT-1m-2021-12.csv
futures/um/monthly/klines/ksmusdt/1m/KSMUSDT-1m-2022-01.csv
futures/um/monthly/klines/ksmusdt/1m/KSMUSDT-1m-2022-02.csv
futures/um/monthly/klines/ksmusdt/1m/KSMUSDT-1m-2022-03.csv
futures/um/monthly/klines/ksmusdt/1m/KSMUSDT-1m-2022-04.csv
futures/um/monthly/klines/ksmusdt/1m/KSMUSDT-1m-2022-05.csv
futures/um/monthly/klines/ksmusdt/1m/KSMUSDT-1m-2022-06.csv
futures/um/monthly/klines/ksmusdt/1m/KSMUSDT-1m-2022-07.csv
futures/um/monthly/klines/ksmusdt/1m/KSMUSDT-1m-2022-08.csv
futures/um/monthly/klines/ksmusdt/1m/KSMUSDT-1m-2022-09.csv
futures/um/monthly/klines/ksmusdt/1m/KSMUSDT-1m-2022-10.csv
futures/um/monthly/klines/ksmusdt/1m/KSMUSDT-1m-2022-11.csv
futures/um/monthly/klines/ksmusdt/1m/KSMUSDT-1m-2022-12.csv
futures/um/monthly/klines/ksmusdt/1m/KSMUSDT-1m-2023-01.csv
futures/um/monthly/klines/ksmusdt/1m/KSMUSDT-1m-2023-02.csv
futures/um/monthly/klines/ksmusdt/1m/KSMUSDT-1m-2023-03.csv
futures/um/monthly/klines/ksmusdt/1m/KSMUSDT-1m-2023-04.csv
futures/um/monthly/klines/ksmusdt/1m/KSMUSDT-1m-2023-05.csv
futures/um/monthly/klines/ksmusdt/1m/KSMUSDT-1m-2023-06.csv
futures/um/monthly/klines/ksmusdt/1m/KSMUSDT-1m-2023-07.csv
futures/um/monthly/klines/ksmusdt/1m/KSMUSDT-1m-2023-08.csv
futures/um/monthly/klines/ksmusdt/1m/KSMUSDT-1m-2023-09.csv
futures/um/monthly/klines/ksmusdt/1m/KSMUSDT-1m-2023-10.csv
futures/um/monthly/klines/ksmusdt/1m/KSMUSDT-1m-2023-11.csv
futures/um/monthly/klines/ksmusdt/1m/KSMUSDT-1m-2023-12.csv
futures/um/monthly/klines/ksmusdt/1m/KSMUSDT-1m-2024-01.csv
futures/um/monthly/klines/ksmusdt/1m/KSMUSDT-1m-2024-02.csv
futures/um/monthly/klines/ksmusdt/1m/KSMUSDT-1m-2024-03.csv
futures/um/monthly/klines/ksmusdt/1m/KSMUSDT-1m-2024-04.csv
futures/um/monthly/klines/ksmusdt/1m/KSMUSDT-1m-2024-05.csv
futures/um/monthly/klines/ksmusdt/1m/KSMUSDT-1m-2024-06.csv
futures/um/monthly/klines/ksmusdt/1m/KSMUSDT-1m-2024-07.csv
futures/um/monthly/klines/ksmusdt/1m/KSMUSDT-1m-2024-08.csv
futures/um/monthly/klines/ksmusdt/1m/KSMUSDT-1m-2024-09.csv
futures/um/monthly/klines/ksmusdt/1m/KSMUSDT-1m-2024-10.csv
futures/um/monthly/klines/ksmusdt/1m/KSMUSDT-1m-2024-11.csv
futures/um/monthly/klines/ksmusdt/1m/KSMUSDT-1m-2024-12.csv
futures/um/monthly/klines/ksmusdt/1m/KSMUSDT-1m-2025-01.csv
futures/um/monthly/klines/ksmusdt/1m/KSMUSDT-1m-2025-02.csv
futures/um/monthly/klines/ksmusdt/1m/KSMUSDT-1m-2025-03.csv
futures/um/monthly/klines/ksmusdt/1m/KSMUSDT-1m-2025-04.csv
futures/um/monthly/klines/ksmusdt/1m/KSMUSDT-1m-2025-05.csv
futures/um/monthly/klines/ksmusdt/1m/KSMUSDT-1m-2025-06.csv
futures/um/monthly/klines/ksmusdt/1m/KSMUSDT-1m-2025-07.csv
futures/um/monthly/klines/ksmusdt/1m/KSMUSDT-1m-2025-08.csv
futures/um/monthly/klines/ksmusdt/1m/KSMUSDT-1m-2025-09.csv
futures/um/monthly/klines/ksmusdt/1m/KSMUSDT-1m-2025-10.csv
futures/um/monthly/klines/ksmusdt/1m/KSMUSDT-1m-2025-11.csv
futures/um/monthly/klines/ksmusdt/1m/KSMUSDT-1m-2025-12.csv
futures/um/monthly/klines/ksmusdt/1m/KSMUSDT-1m-2026-01.csv
futures/um/monthly/klines/ksmusdt/1m/KSMUSDT-1m-2026-02.csv
futures/um/monthly/klines/ksmusdt/1m/KSMUSDT-1m-2026-03.csv
futures/um/monthly/klines/ksmusdt/1m/KSMUSDT-1m-2026-04.csv
futures/um/monthly/klines/ksmusdt/1m/KSMUSDT-1m-2026-05.csv
futures/um/monthly/klines/ksmusdt/1m/KSMUSDT-1m-2026-06.csv
futures/um/monthly/klines/ksmusdt/1m/KSMUSDT-1m-2026-07.csv
futures/um/monthly/klines/ksmusdt/1m/KSMUSDT-1m-2026-08.csv
futures/um/monthly/klines/labusdt/1m/LABUSDT-1m-2025-10.csv
futures/um/monthly/klines/labusdt/1m/LABUSDT-1m-2025-11.csv
futures/um/monthly/klines/labusdt/1m/LABUSDT-1m-2025-12.csv
futures/um/monthly/klines/labusdt/1m/LABUSDT-1m-2026-01.csv
futures/um/monthly/klines/labusdt/1m/LABUSDT-1m-2026-02.csv
futures/um/monthly/klines/labusdt/1m/LABUSDT-1m-2026-03.csv
futures/um/monthly/klines/labusdt/1m/LABUSDT-1m-2026-04.csv
futures/um/monthly/klines/labusdt/1m/LABUSDT-1m-2026-05.csv
futures/um/monthly/klines/labusdt/1m/LABUSDT-1m-2026-06.csv
futures/um/monthly/klines/labusdt/1m/LABUSDT-1m-2026-07.csv
futures/um/monthly/klines/labusdt/1m/LABUSDT-1m-2026-08.csv
futures/um/monthly/klines/lausdt/1m/LAUSDT-1m-2025-06.csv
futures/um/monthly/klines/lausdt/1m/LAUSDT-1m-2025-07.csv
futures/um/monthly/klines/lausdt/1m/LAUSDT-1m-2025-08.csv
futures/um/monthly/klines/lausdt/1m/LAUSDT-1m-2025-09.csv
futures/um/monthly/klines/lausdt/1m/LAUSDT-1m-2025-10.csv
futures/um/monthly/klines/lausdt/1m/LAUSDT-1m-2025-11.csv
futures/um/monthly/klines/lausdt/1m/LAUSDT-1m-2025-12.csv
futures/um/monthly/klines/lausdt/1m/LAUSDT-1m-2026-01.csv
futures/um/monthly/klines/lausdt/1m/LAUSDT-1m-2026-02.csv
futures/um/monthly/klines/lausdt/1m/LAUSDT-1m-2026-03.csv
futures/um/monthly/klines/lausdt/1m/LAUSDT-1m-2026-04.csv
futures/um/monthly/klines/lausdt/1m/LAUSDT-1m-2026-05.csv
futures/um/monthly/klines/lausdt/1m/LAUSDT-1m-2026-06.csv
futures/um/monthly/klines/lausdt/1m/LAUSDT-1m-2026-07.csv
futures/um/monthly/klines/lausdt/1m/LAUSDT-1m-2026-08.csv
futures/um/monthly/klines/layerusdt/1m/LAYERUSDT-1m-2025-02.csv
futures/um/monthly/klines/layerusdt/1m/LAYERUSDT-1m-2025-03.csv
futures/um/monthly/klines/layerusdt/1m/LAYERUSDT-1m-2025-04.csv
futures/um/monthly/klines/layerusdt/1m/LAYERUSDT-1m-2025-05.csv
futures/um/monthly/klines/layerusdt/1m/LAYERUSDT-1m-2025-06.csv
futures/um/monthly/klines/layerusdt/1m/LAYERUSDT-1m-2025-07.csv
futures/um/monthly/klines/layerusdt/1m/LAYERUSDT-1m-2025-08.csv
futures/um/monthly/klines/layerusdt/1m/LAYERUSDT-1m-2025-09.csv
futures/um/monthly/klines/layerusdt/1m/LAYERUSDT-1m-2025-10.csv
futures/um/monthly/klines/layerusdt/1m/LAYERUSDT-1m-2025-11.csv
futures/um/monthly/klines/layerusdt/1m/LAYERUSDT-1m-2025-12.csv
futures/um/monthly/klines/layerusdt/1m/LAYERUSDT-1m-2026-01.csv
futures/um/monthly/klines/layerusdt/1m/LAYERUSDT-1m-2026-02.csv
futures/um/monthly/klines/layerusdt/1m/LAYERUSDT-1m-2026-03.csv
futures/um/monthly/klines/layerusdt/1m/LAYERUSDT-1m-2026-04.csv
futures/um/monthly/klines/layerusdt/1m/LAYERUSDT-1m-2026-05.csv
futures/um/monthly/klines/layerusdt/1m/LAYERUSDT-1m-2026-06.csv
futures/um/monthly/klines/layerusdt/1m/LAYERUSDT-1m-2026-07.csv
futures/um/monthly/klines/layerusdt/1m/LAYERUSDT-1m-2026-08.csv
futures/um/monthly/klines/ldousdt/1m/LDOUSDT-1m-2022-09.csv
futures/um/monthly/klines/ldousdt/1m/LDOUSDT-1m-2022-10.csv
futures/um/monthly/klines/ldousdt/1m/LDOUSDT-1m-2022-11.csv
futures/um/monthly/klines/ldousdt/1m/LDOUSDT-1m-2022-12.csv
futures/um/monthly/klines/ldousdt/1m/LDOUSDT-1m-2023-01.csv
futures/um/monthly/klines/ldousdt/1m/LDOUSDT-1m-2023-02.csv
futures/um/monthly/klines/ldousdt/1m/LDOUSDT-1m-2023-03.csv
futures/um/monthly/klines/ldousdt/1m/LDOUSDT-1m-2023-04.csv
futures/um/monthly/klines/ldousdt/1m/LDOUSDT-1m-2023-05.csv
futures/um/monthly/klines/ldousdt/1m/LDOUSDT-1m-2023-06.csv
futures/um/monthly/klines/ldousdt/1m/LDOUSDT-1m-2023-07.csv
futures/um/monthly/klines/ldousdt/1m/LDOUSDT-1m-2023-08.csv
futures/um/monthly/klines/ldousdt/1m/LDOUSDT-1m-2023-09.csv
futures/um/monthly/klines/ldousdt/1m/LDOUSDT-1m-2023-10.csv
futures/um/monthly/klines/ldousdt/1m/LDOUSDT-1m-2023-11.csv
futures/um/monthly/klines/ldousdt/1m/LDOUSDT-1m-2023-12.csv
futures/um/monthly/klines/ldousdt/1m/LDOUSDT-1m-2024-01.csv
futures/um/monthly/klines/ldousdt/1m/LDOUSDT-1m-2024-02.csv
futures/um/monthly/klines/ldousdt/1m/LDOUSDT-1m-2024-03.csv
futures/um/monthly/klines/ldousdt/1m/LDOUSDT-1m-2024-04.csv
futures/um/monthly/klines/ldousdt/1m/LDOUSDT-1m-2024-05.csv
futures/um/monthly/klines/ldousdt/1m/LDOUSDT-1m-2024-06.csv
futures/um/monthly/klines/ldousdt/1m/LDOUSDT-1m-2024-07.csv
futures/um/monthly/klines/ldousdt/1m/LDOUSDT-1m-2024-08.csv
futures/um/monthly/klines/ldousdt/1m/LDOUSDT-1m-2024-09.csv
futures/um/monthly/klines/ldousdt/1m/LDOUSDT-1m-2024-10.csv
futures/um/monthly/klines/ldousdt/1m/LDOUSDT-1m-2024-11.csv
futures/um/monthly/klines/ldousdt/1m/LDOUSDT-1m-2024-12.csv
futures/um/monthly/klines/ldousdt/1m/LDOUSDT-1m-2025-01.csv
futures/um/monthly/klines/ldousdt/1m/LDOUSDT-1m-2025-02.csv
futures/um/monthly/klines/ldousdt/1m/LDOUSDT-1m-2025-03.csv
futures/um/monthly/klines/ldousdt/1m/LDOUSDT-1m-2025-04.csv
futures/um/monthly/klines/ldousdt/1m/LDOUSDT-1m-2025-05.csv
futures/um/monthly/klines/ldousdt/1m/LDOUSDT-1m-2025-06.csv
futures/um/monthly/klines/ldousdt/1m/LDOUSDT-1m-2025-07.csv
futures/um/monthly/klines/ldousdt/1m/LDOUSDT-1m-2025-08.csv
futures/um/monthly/klines/ldousdt/1m/LDOUSDT-1m-2025-09.csv
futures/um/monthly/klines/ldousdt/1m/LDOUSDT-1m-2025-10.csv
futures/um/monthly/klines/ldousdt/1m/LDOUSDT-1m-2025-11.csv
futures/um/monthly/klines/ldousdt/1m/LDOUSDT-1m-2025-12.csv
futures/um/monthly/klines/ldousdt/1m/LDOUSDT-1m-2026-01.csv
futures/um/monthly/klines/ldousdt/1m/LDOUSDT-1m-2026-02.csv
futures/um/monthly/klines/ldousdt/1m/LDOUSDT-1m-2026-03.csv
futures/um/monthly/klines/ldousdt/1m/LDOUSDT-1m-2026-04.csv
futures/um/monthly/klines/ldousdt/1m/LDOUSDT-1m-2026-05.csv
futures/um/monthly/klines/ldousdt/1m/LDOUSDT-1m-2026-06.csv
futures/um/monthly/klines/ldousdt/1m/LDOUSDT-1m-2026-07.csv
futures/um/monthly/klines/ldousdt/1m/LDOUSDT-1m-2026-08.csv
futures/um/monthly/klines/lightusdt/1m/LIGHTUSDT-1m-2025-09.csv
futures/um/monthly/klines/lightusdt/1m/LIGHTUSDT-1m-2025-10.csv
futures/um/monthly/klines/lightusdt/1m/LIGHTUSDT-1m-2025-11.csv
futures/um/monthly/klines/lightusdt/1m/LIGHTUSDT-1m-2025-12.csv
futures/um/monthly/klines/lightusdt/1m/LIGHTUSDT-1m-2026-01.csv
futures/um/monthly/klines/lightusdt/1m/LIGHTUSDT-1m-2026-02.csv
futures/um/monthly/klines/lightusdt/1m/LIGHTUSDT-1m-2026-03.csv
futures/um/monthly/klines/lightusdt/1m/LIGHTUSDT-1m-2026-04.csv
futures/um/monthly/klines/lightusdt/1m/LIGHTUSDT-1m-2026-05.csv
futures/um/monthly/klines/lightusdt/1m/LIGHTUSDT-1m-2026-06.csv
futures/um/monthly/klines/lightusdt/1m/LIGHTUSDT-1m-2026-07.csv
futures/um/monthly/klines/lightusdt/1m/LIGHTUSDT-1m-2026-08.csv
futures/um/monthly/klines/lineausdt/1m/LINEAUSDT-1m-2025-09.csv
futures/um/monthly/klines/lineausdt/1m/LINEAUSDT-1m-2025-10.csv
futures/um/monthly/klines/lineausdt/1m/LINEAUSDT-1m-2025-11.csv
futures/um/monthly/klines/lineausdt/1m/LINEAUSDT-1m-2025-12.csv
futures/um/monthly/klines/lineausdt/1m/LINEAUSDT-1m-2026-01.csv
futures/um/monthly/klines/lineausdt/1m/LINEAUSDT-1m-2026-02.csv
futures/um/monthly/klines/lineausdt/1m/LINEAUSDT-1m-2026-03.csv
futures/um/monthly/klines/lineausdt/1m/LINEAUSDT-1m-2026-04.csv
futures/um/monthly/klines/lineausdt/1m/LINEAUSDT-1m-2026-05.csv
futures/um/monthly/klines/lineausdt/1m/LINEAUSDT-1m-2026-06.csv
futures/um/monthly/klines/lineausdt/1m/LINEAUSDT-1m-2026-07.csv
futures/um/monthly/klines/lineausdt/1m/LINEAUSDT-1m-2026-08.csv
futures/um/monthly/klines/linkusdt/1m/LINKUSDT-1m-2020-01.csv
futures/um/monthly/klines/linkusdt/1m/LINKUSDT-1m-2020-02.csv
futures/um/monthly/klines/linkusdt/1m/LINKUSDT-1m-2020-03.csv
futures/um/monthly/klines/linkusdt/1m/LINKUSDT-1m-2020-04.csv
futures/um/monthly/klines/linkusdt/1m/LINKUSDT-1m-2020-05.csv
futures/um/monthly/klines/linkusdt/1m/LINKUSDT-1m-2020-06.csv
futures/um/monthly/klines/linkusdt/1m/LINKUSDT-1m-2020-07.csv
futures/um/monthly/klines/linkusdt/1m/LINKUSDT-1m-2020-08.csv
futures/um/monthly/klines/linkusdt/1m/LINKUSDT-1m-2020-09.csv
futures/um/monthly/klines/linkusdt/1m/LINKUSDT-1m-2020-10.csv
futures/um/monthly/klines/linkusdt/1m/LINKUSDT-1m-2020-11.csv
futures/um/monthly/klines/linkusdt/1m/LINKUSDT-1m-2020-12.csv
futures/um/monthly/klines/linkusdt/1m/LINKUSDT-1m-2021-01.csv
futures/um/monthly/klines/linkusdt/1m/LINKUSDT-1m-2021-02.csv
futures/um/monthly/klines/linkusdt/1m/LINKUSDT-1m-2021-03.csv
futures/um/monthly/klines/linkusdt/1m/LINKUSDT-1m-2021-04.csv
futures/um/monthly/klines/linkusdt/1m/LINKUSDT-1m-2021-05.csv
futures/um/monthly/klines/linkusdt/1m/LINKUSDT-1m-2021-06.csv
futures/um/monthly/klines/linkusdt/1m/LINKUSDT-1m-2021-07.csv
futures/um/monthly/klines/linkusdt/1m/LINKUSDT-1m-2021-08.csv
futures/um/monthly/klines/linkusdt/1m/LINKUSDT-1m-2021-09.csv
futures/um/monthly/klines/linkusdt/1m/LINKUSDT-1m-2021-10.csv
futures/um/monthly/klines/linkusdt/1m/LINKUSDT-1m-2021-11.csv
futures/um/monthly/klines/linkusdt/1m/LINKUSDT-1m-2021-12.csv
futures/um/monthly/klines/linkusdt/1m/LINKUSDT-1m-2022-01.csv
futures/um/monthly/klines/linkusdt/1m/LINKUSDT-1m-2022-02.csv
futures/um/monthly/klines/linkusdt/1m/LINKUSDT-1m-2022-03.csv
futures/um/monthly/klines/linkusdt/1m/LINKUSDT-1m-2022-04.csv
futures/um/monthly/klines/linkusdt/1m/LINKUSDT-1m-2022-05.csv
futures/um/monthly/klines/linkusdt/1m/LINKUSDT-1m-2022-06.csv
futures/um/monthly/klines/linkusdt/1m/LINKUSDT-1m-2022-07.csv
futures/um/monthly/klines/linkusdt/1m/LINKUSDT-1m-2022-08.csv
futures/um/monthly/klines/linkusdt/1m/LINKUSDT-1m-2022-09.csv
futures/um/monthly/klines/linkusdt/1m/LINKUSDT-1m-2022-10.csv
futures/um/monthly/klines/linkusdt/1m/LINKUSDT-1m-2022-11.csv
futures/um/monthly/klines/linkusdt/1m/LINKUSDT-1m-2022-12.csv
futures/um/monthly/klines/linkusdt/1m/LINKUSDT-1m-2023-01.csv
futures/um/monthly/klines/linkusdt/1m/LINKUSDT-1m-2023-02.csv
futures/um/monthly/klines/linkusdt/1m/LINKUSDT-1m-2023-03.csv
futures/um/monthly/klines/linkusdt/1m/LINKUSDT-1m-2023-04.csv
futures/um/monthly/klines/linkusdt/1m/LINKUSDT-1m-2023-05.csv
futures/um/monthly/klines/linkusdt/1m/LINKUSDT-1m-2023-06.csv
futures/um/monthly/klines/linkusdt/1m/LINKUSDT-1m-2023-07.csv
futures/um/monthly/klines/linkusdt/1m/LINKUSDT-1m-2023-08.csv
futures/um/monthly/klines/linkusdt/1m/LINKUSDT-1m-2023-09.csv
futures/um/monthly/klines/linkusdt/1m/LINKUSDT-1m-2023-10.csv
futures/um/monthly/klines/linkusdt/1m/LINKUSDT-1m-2023-11.csv
futures/um/monthly/klines/linkusdt/1m/LINKUSDT-1m-2023-12.csv
futures/um/monthly/klines/linkusdt/1m/LINKUSDT-1m-2024-01.csv
futures/um/monthly/klines/linkusdt/1m/LINKUSDT-1m-2024-02.csv
futures/um/monthly/klines/linkusdt/1m/LINKUSDT-1m-2024-03.csv
futures/um/monthly/klines/linkusdt/1m/LINKUSDT-1m-2024-04.csv
futures/um/monthly/klines/linkusdt/1m/LINKUSDT-1m-2024-05.csv
futures/um/monthly/klines/linkusdt/1m/LINKUSDT-1m-2024-06.csv
futures/um/monthly/klines/linkusdt/1m/LINKUSDT-1m-2024-07.csv
futures/um/monthly/klines/linkusdt/1m/LINKUSDT-1m-2024-08.csv
futures/um/monthly/klines/linkusdt/1m/LINKUSDT-1m-2024-09.csv
futures/um/monthly/klines/linkusdt/1m/LINKUSDT-1m-2024-10.csv
futures/um/monthly/klines/linkusdt/1m/LINKUSDT-1m-2024-11.csv
futures/um/monthly/klines/linkusdt/1m/LINKUSDT-1m-2024-12.csv
futures/um/monthly/klines/linkusdt/1m/LINKUSDT-1m-2025-01.csv
futures/um/monthly/klines/linkusdt/1m/LINKUSDT-1m-2025-02.csv
futures/um/monthly/klines/linkusdt/1m/LINKUSDT-1m-2025-03.csv
futures/um/monthly/klines/linkusdt/1m/LINKUSDT-1m-2025-04.csv
futures/um/monthly/klines/linkusdt/1m/LINKUSDT-1m-2025-05.csv
futures/um/monthly/klines/linkusdt/1m/LINKUSDT-1m-2025-06.csv
futures/um/monthly/klines/linkusdt/1m/LINKUSDT-1m-2025-07.csv
futures/um/monthly/klines/linkusdt/1m/LINKUSDT-1m-2025-08.csv
futures/um/monthly/klines/linkusdt/1m/LINKUSDT-1m-2025-09.csv
futures/um/monthly/klines/linkusdt/1m/LINKUSDT-1m-2025-10.csv
futures/um/monthly/klines/linkusdt/1m/LINKUSDT-1m-2025-11.csv
futures/um/monthly/klines/linkusdt/1m/LINKUSDT-1m-2025-12.csv
futures/um/monthly/klines/linkusdt/1m/LINKUSDT-1m-2026-01.csv
futures/um/monthly/klines/linkusdt/1m/LINKUSDT-1m-2026-02.csv
futures/um/monthly/klines/linkusdt/1m/LINKUSDT-1m-2026-03.csv
futures/um/monthly/klines/linkusdt/1m/LINKUSDT-1m-2026-04.csv
futures/um/monthly/klines/linkusdt/1m/LINKUSDT-1m-2026-05.csv
futures/um/monthly/klines/linkusdt/1m/LINKUSDT-1m-2026-06.csv
futures/um/monthly/klines/linkusdt/1m/LINKUSDT-1m-2026-07.csv
futures/um/monthly/klines/linkusdt/1m/LINKUSDT-1m-2026-08.csv
futures/um/monthly/klines/listausdt/1m/LISTAUSDT-1m-2024-06.csv
futures/um/monthly/klines/listausdt/1m/LISTAUSDT-1m-2024-07.csv
futures/um/monthly/klines/listausdt/1m/LISTAUSDT-1m-2024-08.csv
futures/um/monthly/klines/listausdt/1m/LISTAUSDT-1m-2024-09.csv
futures/um/monthly/klines/listausdt/1m/LISTAUSDT-1m-2024-10.csv
futures/um/monthly/klines/listausdt/1m/LISTAUSDT-1m-2024-11.csv
futures/um/monthly/klines/listausdt/1m/LISTAUSDT-1m-2024-12.csv
futures/um/monthly/klines/listausdt/1m/LISTAUSDT-1m-2025-01.csv
futures/um/monthly/klines/listausdt/1m/LISTAUSDT-1m-2025-02.csv
futures/um/monthly/klines/listausdt/1m/LISTAUSDT-1m-2025-03.csv
futures/um/monthly/klines/listausdt/1m/LISTAUSDT-1m-2025-04.csv
futures/um/monthly/klines/listausdt/1m/LISTAUSDT-1m-2025-05.csv
futures/um/monthly/klines/listausdt/1m/LISTAUSDT-1m-2025-06.csv
futures/um/monthly/klines/listausdt/1m/LISTAUSDT-1m-2025-07.csv
futures/um/monthly/klines/listausdt/1m/LISTAUSDT-1m-2025-08.csv
futures/um/monthly/klines/listausdt/1m/LISTAUSDT-1m-2025-09.csv
futures/um/monthly/klines/listausdt/1m/LISTAUSDT-1m-2025-10.csv
futures/um/monthly/klines/listausdt/1m/LISTAUSDT-1m-2025-11.csv
futures/um/monthly/klines/listausdt/1m/LISTAUSDT-1m-2025-12.csv
futures/um/monthly/klines/listausdt/1m/LISTAUSDT-1m-2026-01.csv
futures/um/monthly/klines/listausdt/1m/LISTAUSDT-1m-2026-02.csv
futures/um/monthly/klines/listausdt/1m/LISTAUSDT-1m-2026-03.csv
futures/um/monthly/klines/listausdt/1m/LISTAUSDT-1m-2026-04.csv
futures/um/monthly/klines/listausdt/1m/LISTAUSDT-1m-2026-05.csv
futures/um/monthly/klines/listausdt/1m/LISTAUSDT-1m-2026-06.csv
futures/um/monthly/klines/listausdt/1m/LISTAUSDT-1m-2026-07.csv
futures/um/monthly/klines/listausdt/1m/LISTAUSDT-1m-2026-08.csv
futures/um/monthly/klines/litusdt/1m/LITUSDT-1m-2021-02.csv
futures/um/monthly/klines/litusdt/1m/LITUSDT-1m-2021-03.csv
futures/um/monthly/klines/litusdt/1m/LITUSDT-1m-2021-04.csv
futures/um/monthly/klines/litusdt/1m/LITUSDT-1m-2021-05.csv
futures/um/monthly/klines/litusdt/1m/LITUSDT-1m-2021-06.csv
futures/um/monthly/klines/litusdt/1m/LITUSDT-1m-2021-07.csv
futures/um/monthly/klines/litusdt/1m/LITUSDT-1m-2021-08.csv
futures/um/monthly/klines/litusdt/1m/LITUSDT-1m-2021-09.csv
futures/um/monthly/klines/litusdt/1m/LITUSDT-1m-2021-10.csv
futures/um/monthly/klines/litusdt/1m/LITUSDT-1m-2021-11.csv
futures/um/monthly/klines/litusdt/1m/LITUSDT-1m-2021-12.csv
futures/um/monthly/klines/litusdt/1m/LITUSDT-1m-2022-01.csv
futures/um/monthly/klines/litusdt/1m/LITUSDT-1m-2022-02.csv
futures/um/monthly/klines/litusdt/1m/LITUSDT-1m-2022-03.csv
futures/um/monthly/klines/litusdt/1m/LITUSDT-1m-2022-04.csv
futures/um/monthly/klines/litusdt/1m/LITUSDT-1m-2022-05.csv
futures/um/monthly/klines/litusdt/1m/LITUSDT-1m-2022-06.csv
futures/um/monthly/klines/litusdt/1m/LITUSDT-1m-2022-07.csv
futures/um/monthly/klines/litusdt/1m/LITUSDT-1m-2022-08.csv
futures/um/monthly/klines/litusdt/1m/LITUSDT-1m-2022-09.csv
futures/um/monthly/klines/litusdt/1m/LITUSDT-1m-2022-10.csv
futures/um/monthly/klines/litusdt/1m/LITUSDT-1m-2022-11.csv
futures/um/monthly/klines/litusdt/1m/LITUSDT-1m-2022-12.csv
futures/um/monthly/klines/litusdt/1m/LITUSDT-1m-2023-01.csv
futures/um/monthly/klines/litusdt/1m/LITUSDT-1m-2023-02.csv
futures/um/monthly/klines/litusdt/1m/LITUSDT-1m-2023-03.csv
futures/um/monthly/klines/litusdt/1m/LITUSDT-1m-2023-04.csv
futures/um/monthly/klines/litusdt/1m/LITUSDT-1m-2023-05.csv
futures/um/monthly/klines/litusdt/1m/LITUSDT-1m-2023-06.csv
futures/um/monthly/klines/litusdt/1m/LITUSDT-1m-2023-07.csv
futures/um/monthly/klines/litusdt/1m/LITUSDT-1m-2023-08.csv
futures/um/monthly/klines/litusdt/1m/LITUSDT-1m-2023-09.csv
futures/um/monthly/klines/litusdt/1m/LITUSDT-1m-2023-10.csv
futures/um/monthly/klines/litusdt/1m/LITUSDT-1m-2023-11.csv
futures/um/monthly/klines/litusdt/1m/LITUSDT-1m-2023-12.csv
futures/um/monthly/klines/litusdt/1m/LITUSDT-1m-2024-01.csv
futures/um/monthly/klines/litusdt/1m/LITUSDT-1m-2024-02.csv
futures/um/monthly/klines/litusdt/1m/LITUSDT-1m-2024-03.csv
futures/um/monthly/klines/litusdt/1m/LITUSDT-1m-2024-04.csv
futures/um/monthly/klines/litusdt/1m/LITUSDT-1m-2024-05.csv
futures/um/monthly/klines/litusdt/1m/LITUSDT-1m-2024-06.csv
futures/um/monthly/klines/litusdt/1m/LITUSDT-1m-2024-07.csv
futures/um/monthly/klines/litusdt/1m/LITUSDT-1m-2024-08.csv
futures/um/monthly/klines/litusdt/1m/LITUSDT-1m-2024-09.csv
futures/um/monthly/klines/litusdt/1m/LITUSDT-1m-2024-10.csv
futures/um/monthly/klines/litusdt/1m/LITUSDT-1m-2024-11.csv
futures/um/monthly/klines/litusdt/1m/LITUSDT-1m-2024-12.csv
futures/um/monthly/klines/litusdt/1m/LITUSDT-1m-2025-01.csv
futures/um/monthly/klines/litusdt/1m/LITUSDT-1m-2025-02.csv
futures/um/monthly/klines/litusdt/1m/LITUSDT-1m-2025-03.csv
futures/um/monthly/klines/litusdt/1m/LITUSDT-1m-2025-04.csv
futures/um/monthly/klines/litusdt/1m/LITUSDT-1m-2025-05.csv
futures/um/monthly/klines/litusdt/1m/LITUSDT-1m-2025-06.csv
futures/um/monthly/klines/litusdt/1m/LITUSDT-1m-2025-07.csv
futures/um/monthly/klines/litusdt/1m/LITUSDT-1m-2025-08.csv
futures/um/monthly/klines/litusdt/1m/LITUSDT-1m-2025-09.csv
futures/um/monthly/klines/litusdt/1m/LITUSDT-1m-2025-10.csv
futures/um/monthly/klines/litusdt/1m/LITUSDT-1m-2025-11.csv
futures/um/monthly/klines/litusdt/1m/LITUSDT-1m-2025-12.csv
futures/um/monthly/klines/litusdt/1m/LITUSDT-1m-2026-01.csv
futures/um/monthly/klines/litusdt/1m/LITUSDT-1m-2026-02.csv
futures/um/monthly/klines/litusdt/1m/LITUSDT-1m-2026-03.csv
futures/um/monthly/klines/litusdt/1m/LITUSDT-1m-2026-04.csv
futures/um/monthly/klines/litusdt/1m/LITUSDT-1m-2026-05.csv
futures/um/monthly/klines/litusdt/1m/LITUSDT-1m-2026-06.csv
futures/um/monthly/klines/litusdt/1m/LITUSDT-1m-2026-07.csv
futures/um/monthly/klines/litusdt/1m/LITUSDT-1m-2026-08.csv
futures/um/monthly/klines/lptusdt/1m/LPTUSDT-1m-2021-11.csv
futures/um/monthly/klines/lptusdt/1m/LPTUSDT-1m-2021-12.csv
futures/um/monthly/klines/lptusdt/1m/LPTUSDT-1m-2022-01.csv
futures/um/monthly/klines/lptusdt/1m/LPTUSDT-1m-2022-02.csv
futures/um/monthly/klines/lptusdt/1m/LPTUSDT-1m-2022-03.csv
futures/um/monthly/klines/lptusdt/1m/LPTUSDT-1m-2022-04.csv
futures/um/monthly/klines/lptusdt/1m/LPTUSDT-1m-2022-05.csv
futures/um/monthly/klines/lptusdt/1m/LPTUSDT-1m-2022-06.csv
futures/um/monthly/klines/lptusdt/1m/LPTUSDT-1m-2022-07.csv
futures/um/monthly/klines/lptusdt/1m/LPTUSDT-1m-2022-08.csv
futures/um/monthly/klines/lptusdt/1m/LPTUSDT-1m-2022-09.csv
futures/um/monthly/klines/lptusdt/1m/LPTUSDT-1m-2022-10.csv
futures/um/monthly/klines/lptusdt/1m/LPTUSDT-1m-2022-11.csv
futures/um/monthly/klines/lptusdt/1m/LPTUSDT-1m-2022-12.csv
futures/um/monthly/klines/lptusdt/1m/LPTUSDT-1m-2023-01.csv
futures/um/monthly/klines/lptusdt/1m/LPTUSDT-1m-2023-02.csv
futures/um/monthly/klines/lptusdt/1m/LPTUSDT-1m-2023-03.csv
futures/um/monthly/klines/lptusdt/1m/LPTUSDT-1m-2023-04.csv
futures/um/monthly/klines/lptusdt/1m/LPTUSDT-1m-2023-05.csv
futures/um/monthly/klines/lptusdt/1m/LPTUSDT-1m-2023-06.csv
futures/um/monthly/klines/lptusdt/1m/LPTUSDT-1m-2023-07.csv
futures/um/monthly/klines/lptusdt/1m/LPTUSDT-1m-2023-08.csv
futures/um/monthly/klines/lptusdt/1m/LPTUSDT-1m-2023-09.csv
futures/um/monthly/klines/lptusdt/1m/LPTUSDT-1m-2023-10.csv
futures/um/monthly/klines/lptusdt/1m/LPTUSDT-1m-2023-11.csv
futures/um/monthly/klines/lptusdt/1m/LPTUSDT-1m-2023-12.csv
futures/um/monthly/klines/lptusdt/1m/LPTUSDT-1m-2024-01.csv
futures/um/monthly/klines/lptusdt/1m/LPTUSDT-1m-2024-02.csv
futures/um/monthly/klines/lptusdt/1m/LPTUSDT-1m-2024-03.csv
futures/um/monthly/klines/lptusdt/1m/LPTUSDT-1m-2024-04.csv
futures/um/monthly/klines/lptusdt/1m/LPTUSDT-1m-2024-05.csv
futures/um/monthly/klines/lptusdt/1m/LPTUSDT-1m-2024-06.csv
futures/um/monthly/klines/lptusdt/1m/LPTUSDT-1m-2024-07.csv
futures/um/monthly/klines/lptusdt/1m/LPTUSDT-1m-2024-08.csv
futures/um/monthly/klines/lptusdt/1m/LPTUSDT-1m-2024-09.csv
futures/um/monthly/klines/lptusdt/1m/LPTUSDT-1m-2024-10.csv
futures/um/monthly/klines/lptusdt/1m/LPTUSDT-1m-2024-11.csv
futures/um/monthly/klines/lptusdt/1m/LPTUSDT-1m-2024-12.csv
futures/um/monthly/klines/lptusdt/1m/LPTUSDT-1m-2025-01.csv
futures/um/monthly/klines/lptusdt/1m/LPTUSDT-1m-2025-02.csv
futures/um/monthly/klines/lptusdt/1m/LPTUSDT-1m-2025-03.csv
futures/um/monthly/klines/lptusdt/1m/LPTUSDT-1m-2025-04.csv
futures/um/monthly/klines/lptusdt/1m/LPTUSDT-1m-2025-05.csv
futures/um/monthly/klines/lptusdt/1m/LPTUSDT-1m-2025-06.csv
futures/um/monthly/klines/lptusdt/1m/LPTUSDT-1m-2025-07.csv
futures/um/monthly/klines/lptusdt/1m/LPTUSDT-1m-2025-08.csv
futures/um/monthly/klines/lptusdt/1m/LPTUSDT-1m-2025-09.csv
futures/um/monthly/klines/lptusdt/1m/LPTUSDT-1m-2025-10.csv
futures/um/monthly/klines/lptusdt/1m/LPTUSDT-1m-2025-11.csv
futures/um/monthly/klines/lptusdt/1m/LPTUSDT-1m-2025-12.csv
futures/um/monthly/klines/lptusdt/1m/LPTUSDT-1m-2026-01.csv
futures/um/monthly/klines/lptusdt/1m/LPTUSDT-1m-2026-02.csv
futures/um/monthly/klines/lptusdt/1m/LPTUSDT-1m-2026-03.csv
futures/um/monthly/klines/lptusdt/1m/LPTUSDT-1m-2026-04.csv
futures/um/monthly/klines/lptusdt/1m/LPTUSDT-1m-2026-05.csv
futures/um/monthly/klines/lptusdt/1m/LPTUSDT-1m-2026-06.csv
futures/um/monthly/klines/lptusdt/1m/LPTUSDT-1m-2026-07.csv
futures/um/monthly/klines/lptusdt/1m/LPTUSDT-1m-2026-08.csv
futures/um/monthly/klines/lqtyusdt/1m/LQTYUSDT-1m-2023-03.csv
futures/um/monthly/klines/lqtyusdt/1m/LQTYUSDT-1m-2023-04.csv
futures/um/monthly/klines/lqtyusdt/1m/LQTYUSDT-1m-2023-05.csv
futures/um/monthly/klines/lqtyusdt/1m/LQTYUSDT-1m-2023-06.csv
futures/um/monthly/klines/lqtyusdt/1m/LQTYUSDT-1m-2023-07.csv
futures/um/monthly/klines/lqtyusdt/1m/LQTYUSDT-1m-2023-08.csv
futures/um/monthly/klines/lqtyusdt/1m/LQTYUSDT-1m-2023-09.csv
futures/um/monthly/klines/lqtyusdt/1m/LQTYUSDT-1m-2023-10.csv
futures/um/monthly/klines/lqtyusdt/1m/LQTYUSDT-1m-2023-11.csv
futures/um/monthly/klines/lqtyusdt/1m/LQTYUSDT-1m-2023-12.csv
futures/um/monthly/klines/lqtyusdt/1m/LQTYUSDT-1m-2024-01.csv
futures/um/monthly/klines/lqtyusdt/1m/LQTYUSDT-1m-2024-02.csv
futures/um/monthly/klines/lqtyusdt/1m/LQTYUSDT-1m-2024-03.csv
futures/um/monthly/klines/lqtyusdt/1m/LQTYUSDT-1m-2024-04.csv
futures/um/monthly/klines/lqtyusdt/1m/LQTYUSDT-1m-2024-05.csv
futures/um/monthly/klines/lqtyusdt/1m/LQTYUSDT-1m-2024-06.csv
futures/um/monthly/klines/lqtyusdt/1m/LQTYUSDT-1m-2024-07.csv
futures/um/monthly/klines/lqtyusdt/1m/LQTYUSDT-1m-2024-08.csv
futures/um/monthly/klines/lqtyusdt/1m/LQTYUSDT-1m-2024-09.csv
futures/um/monthly/klines/lqtyusdt/1m/LQTYUSDT-1m-2024-10.csv
futures/um/monthly/klines/lqtyusdt/1m/LQTYUSDT-1m-2024-11.csv
futures/um/monthly/klines/lqtyusdt/1m/LQTYUSDT-1m-2024-12.csv
futures/um/monthly/klines/lqtyusdt/1m/LQTYUSDT-1m-2025-01.csv
futures/um/monthly/klines/lqtyusdt/1m/LQTYUSDT-1m-2025-02.csv
futures/um/monthly/klines/lqtyusdt/1m/LQTYUSDT-1m-2025-03.csv
futures/um/monthly/klines/lqtyusdt/1m/LQTYUSDT-1m-2025-04.csv
futures/um/monthly/klines/lqtyusdt/1m/LQTYUSDT-1m-2025-05.csv
futures/um/monthly/klines/lqtyusdt/1m/LQTYUSDT-1m-2025-06.csv
futures/um/monthly/klines/lqtyusdt/1m/LQTYUSDT-1m-2025-07.csv
futures/um/monthly/klines/lqtyusdt/1m/LQTYUSDT-1m-2025-08.csv
futures/um/monthly/klines/lqtyusdt/1m/LQTYUSDT-1m-2025-09.csv
futures/um/monthly/klines/lqtyusdt/1m/LQTYUSDT-1m-2025-10.csv
futures/um/monthly/klines/lqtyusdt/1m/LQTYUSDT-1m-2025-11.csv
futures/um/monthly/klines/lqtyusdt/1m/LQTYUSDT-1m-2025-12.csv
futures/um/monthly/klines/lqtyusdt/1m/LQTYUSDT-1m-2026-01.csv
futures/um/monthly/klines/lqtyusdt/1m/LQTYUSDT-1m-2026-02.csv
futures/um/monthly/klines/lqtyusdt/1m/LQTYUSDT-1m-2026-03.csv
futures/um/monthly/klines/lqtyusdt/1m/LQTYUSDT-1m-2026-04.csv
futures/um/monthly/klines/lqtyusdt/1m/LQTYUSDT-1m-2026-05.csv
futures/um/monthly/klines/lqtyusdt/1m/LQTYUSDT-1m-2026-06.csv
futures/um/monthly/klines/lqtyusdt/1m/LQTYUSDT-1m-2026-07.csv
futures/um/monthly/klines/lqtyusdt/1m/LQTYUSDT-1m-2026-08.csv
futures/um/monthly/klines/lskusdt/1m/LSKUSDT-1m-2024-01.csv
futures/um/monthly/klines/lskusdt/1m/LSKUSDT-1m-2024-02.csv
futures/um/monthly/klines/lskusdt/1m/LSKUSDT-1m-2024-03.csv
futures/um/monthly/klines/lskusdt/1m/LSKUSDT-1m-2024-04.csv
futures/um/monthly/klines/lskusdt/1m/LSKUSDT-1m-2024-05.csv
futures/um/monthly/klines/lskusdt/1m/LSKUSDT-1m-2024-06.csv
futures/um/monthly/klines/lskusdt/1m/LSKUSDT-1m-2024-07.csv
futures/um/monthly/klines/lskusdt/1m/LSKUSDT-1m-2024-08.csv
futures/um/monthly/klines/lskusdt/1m/LSKUSDT-1m-2024-09.csv
futures/um/monthly/klines/lskusdt/1m/LSKUSDT-1m-2024-10.csv
futures/um/monthly/klines/lskusdt/1m/LSKUSDT-1m-2024-11.csv
futures/um/monthly/klines/lskusdt/1m/LSKUSDT-1m-2024-12.csv
futures/um/monthly/klines/lskusdt/1m/LSKUSDT-1m-2025-01.csv
futures/um/monthly/klines/lskusdt/1m/LSKUSDT-1m-2025-02.csv
futures/um/monthly/klines/lskusdt/1m/LSKUSDT-1m-2025-03.csv
futures/um/monthly/klines/lskusdt/1m/LSKUSDT-1m-2025-04.csv
futures/um/monthly/klines/lskusdt/1m/LSKUSDT-1m-2025-05.csv
futures/um/monthly/klines/lskusdt/1m/LSKUSDT-1m-2025-06.csv
futures/um/monthly/klines/lskusdt/1m/LSKUSDT-1m-2025-07.csv
futures/um/monthly/klines/lskusdt/1m/LSKUSDT-1m-2025-08.csv
futures/um/monthly/klines/lskusdt/1m/LSKUSDT-1m-2025-09.csv
futures/um/monthly/klines/lskusdt/1m/LSKUSDT-1m-2025-10.csv
futures/um/monthly/klines/lskusdt/1m/LSKUSDT-1m-2025-11.csv
futures/um/monthly/klines/lskusdt/1m/LSKUSDT-1m-2025-12.csv
futures/um/monthly/klines/lskusdt/1m/LSKUSDT-1m-2026-01.csv
futures/um/monthly/klines/lskusdt/1m/LSKUSDT-1m-2026-02.csv
futures/um/monthly/klines/lskusdt/1m/LSKUSDT-1m-2026-03.csv
futures/um/monthly/klines/lskusdt/1m/LSKUSDT-1m-2026-04.csv
futures/um/monthly/klines/lskusdt/1m/LSKUSDT-1m-2026-05.csv
futures/um/monthly/klines/lskusdt/1m/LSKUSDT-1m-2026-06.csv
futures/um/monthly/klines/lskusdt/1m/LSKUSDT-1m-2026-07.csv
futures/um/monthly/klines/lskusdt/1m/LSKUSDT-1m-2026-08.csv
futures/um/monthly/klines/ltcusdt/1m/LTCUSDT-1m-2020-01.csv
futures/um/monthly/klines/ltcusdt/1m/LTCUSDT-1m-2020-02.csv
futures/um/monthly/klines/ltcusdt/1m/LTCUSDT-1m-2020-03.csv
futures/um/monthly/klines/ltcusdt/1m/LTCUSDT-1m-2020-04.csv
futures/um/monthly/klines/ltcusdt/1m/LTCUSDT-1m-2020-05.csv
futures/um/monthly/klines/ltcusdt/1m/LTCUSDT-1m-2020-06.csv
futures/um/monthly/klines/ltcusdt/1m/LTCUSDT-1m-2020-07.csv
futures/um/monthly/klines/ltcusdt/1m/LTCUSDT-1m-2020-08.csv
futures/um/monthly/klines/ltcusdt/1m/LTCUSDT-1m-2020-09.csv
futures/um/monthly/klines/ltcusdt/1m/LTCUSDT-1m-2020-10.csv
futures/um/monthly/klines/ltcusdt/1m/LTCUSDT-1m-2020-11.csv
futures/um/monthly/klines/ltcusdt/1m/LTCUSDT-1m-2020-12.csv
futures/um/monthly/klines/ltcusdt/1m/LTCUSDT-1m-2021-01.csv
futures/um/monthly/klines/ltcusdt/1m/LTCUSDT-1m-2021-02.csv
futures/um/monthly/klines/ltcusdt/1m/LTCUSDT-1m-2021-03.csv
futures/um/monthly/klines/ltcusdt/1m/LTCUSDT-1m-2021-04.csv
futures/um/monthly/klines/ltcusdt/1m/LTCUSDT-1m-2021-05.csv
futures/um/monthly/klines/ltcusdt/1m/LTCUSDT-1m-2021-06.csv
futures/um/monthly/klines/ltcusdt/1m/LTCUSDT-1m-2021-07.csv
futures/um/monthly/klines/ltcusdt/1m/LTCUSDT-1m-2021-08.csv
futures/um/monthly/klines/ltcusdt/1m/LTCUSDT-1m-2021-09.csv
futures/um/monthly/klines/ltcusdt/1m/LTCUSDT-1m-2021-10.csv
futures/um/monthly/klines/ltcusdt/1m/LTCUSDT-1m-2021-11.csv
futures/um/monthly/klines/ltcusdt/1m/LTCUSDT-1m-2021-12.csv
futures/um/monthly/klines/ltcusdt/1m/LTCUSDT-1m-2022-01.csv
futures/um/monthly/klines/ltcusdt/1m/LTCUSDT-1m-2022-02.csv
futures/um/monthly/klines/ltcusdt/1m/LTCUSDT-1m-2022-03.csv
futures/um/monthly/klines/ltcusdt/1m/LTCUSDT-1m-2022-04.csv
futures/um/monthly/klines/ltcusdt/1m/LTCUSDT-1m-2022-05.csv
futures/um/monthly/klines/ltcusdt/1m/LTCUSDT-1m-2022-06.csv
futures/um/monthly/klines/ltcusdt/1m/LTCUSDT-1m-2022-07.csv
futures/um/monthly/klines/ltcusdt/1m/LTCUSDT-1m-2022-08.csv
futures/um/monthly/klines/ltcusdt/1m/LTCUSDT-1m-2022-09.csv
futures/um/monthly/klines/ltcusdt/1m/LTCUSDT-1m-2022-10.csv
futures/um/monthly/klines/ltcusdt/1m/LTCUSDT-1m-2022-11.csv
futures/um/monthly/klines/ltcusdt/1m/LTCUSDT-1m-2022-12.csv
futures/um/monthly/klines/ltcusdt/1m/LTCUSDT-1m-2023-01.csv
futures/um/monthly/klines/ltcusdt/1m/LTCUSDT-1m-2023-02.csv
futures/um/monthly/klines/ltcusdt/1m/LTCUSDT-1m-2023-03.csv
futures/um/monthly/klines/ltcusdt/1m/LTCUSDT-1m-2023-04.csv
futures/um/monthly/klines/ltcusdt/1m/LTCUSDT-1m-2023-05.csv
futures/um/monthly/klines/ltcusdt/1m/LTCUSDT-1m-2023-06.csv
futures/um/monthly/klines/ltcusdt/1m/LTCUSDT-1m-2023-07.csv
futures/um/monthly/klines/ltcusdt/1m/LTCUSDT-1m-2023-08.csv
futures/um/monthly/klines/ltcusdt/1m/LTCUSDT-1m-2023-09.csv
futures/um/monthly/klines/ltcusdt/1m/LTCUSDT-1m-2023-10.csv
futures/um/monthly/klines/ltcusdt/1m/LTCUSDT-1m-2023-11.csv
futures/um/monthly/klines/ltcusdt/1m/LTCUSDT-1m-2023-12.csv
futures/um/monthly/klines/ltcusdt/1m/LTCUSDT-1m-2024-01.csv
futures/um/monthly/klines/ltcusdt/1m/LTCUSDT-1m-2024-02.csv
futures/um/monthly/klines/ltcusdt/1m/LTCUSDT-1m-2024-03.csv
futures/um/monthly/klines/ltcusdt/1m/LTCUSDT-1m-2024-04.csv
futures/um/monthly/klines/ltcusdt/1m/LTCUSDT-1m-2024-05.csv
futures/um/monthly/klines/ltcusdt/1m/LTCUSDT-1m-2024-06.csv
futures/um/monthly/klines/ltcusdt/1m/LTCUSDT-1m-2024-07.csv
futures/um/monthly/klines/ltcusdt/1m/LTCUSDT-1m-2024-08.csv
futures/um/monthly/klines/ltcusdt/1m/LTCUSDT-1m-2024-09.csv
futures/um/monthly/klines/ltcusdt/1m/LTCUSDT-1m-2024-10.csv
futures/um/monthly/klines/ltcusdt/1m/LTCUSDT-1m-2024-11.csv
futures/um/monthly/klines/ltcusdt/1m/LTCUSDT-1m-2024-12.csv
futures/um/monthly/klines/ltcusdt/1m/LTCUSDT-1m-2025-01.csv
futures/um/monthly/klines/ltcusdt/1m/LTCUSDT-1m-2025-02.csv
futures/um/monthly/klines/ltcusdt/1m/LTCUSDT-1m-2025-03.csv
futures/um/monthly/klines/ltcusdt/1m/LTCUSDT-1m-2025-04.csv
futures/um/monthly/klines/ltcusdt/1m/LTCUSDT-1m-2025-05.csv
futures/um/monthly/klines/ltcusdt/1m/LTCUSDT-1m-2025-06.csv
futures/um/monthly/klines/ltcusdt/1m/LTCUSDT-1m-2025-07.csv
futures/um/monthly/klines/ltcusdt/1m/LTCUSDT-1m-2025-08.csv
futures/um/monthly/klines/ltcusdt/1m/LTCUSDT-1m-2025-09.csv
futures/um/monthly/klines/ltcusdt/1m/LTCUSDT-1m-2025-10.csv
futures/um/monthly/klines/ltcusdt/1m/LTCUSDT-1m-2025-11.csv
futures/um/monthly/klines/ltcusdt/1m/LTCUSDT-1m-2025-12.csv
futures/um/monthly/klines/ltcusdt/1m/LTCUSDT-1m-2026-01.csv
futures/um/monthly/klines/ltcusdt/1m/LTCUSDT-1m-2026-02.csv
futures/um/monthly/klines/ltcusdt/1m/LTCUSDT-1m-2026-03.csv
futures/um/monthly/klines/ltcusdt/1m/LTCUSDT-1m-2026-04.csv
futures/um/monthly/klines/ltcusdt/1m/LTCUSDT-1m-2026-05.csv
futures/um/monthly/klines/ltcusdt/1m/LTCUSDT-1m-2026-06.csv
futures/um/monthly/klines/ltcusdt/1m/LTCUSDT-1m-2026-07.csv
futures/um/monthly/klines/ltcusdt/1m/LTCUSDT-1m-2026-08.csv
futures/um/monthly/klines/lumiausdt/1m/LUMIAUSDT-1m-2024-12.csv
futures/um/monthly/klines/lumiausdt/1m/LUMIAUSDT-1m-2025-01.csv
futures/um/monthly/klines/lumiausdt/1m/LUMIAUSDT-1m-2025-02.csv
futures/um/monthly/klines/lumiausdt/1m/LUMIAUSDT-1m-2025-03.csv
futures/um/monthly/klines/lumiausdt/1m/LUMIAUSDT-1m-2025-04.csv
futures/um/monthly/klines/lumiausdt/1m/LUMIAUSDT-1m-2025-05.csv
futures/um/monthly/klines/lumiausdt/1m/LUMIAUSDT-1m-2025-06.csv
futures/um/monthly/klines/lumiausdt/1m/LUMIAUSDT-1m-2025-07.csv
futures/um/monthly/klines/lumiausdt/1m/LUMIAUSDT-1m-2025-08.csv
futures/um/monthly/klines/lumiausdt/1m/LUMIAUSDT-1m-2025-09.csv
futures/um/monthly/klines/lumiausdt/1m/LUMIAUSDT-1m-2025-10.csv
futures/um/monthly/klines/lumiausdt/1m/LUMIAUSDT-1m-2025-11.csv
futures/um/monthly/klines/lumiausdt/1m/LUMIAUSDT-1m-2025-12.csv
futures/um/monthly/klines/lumiausdt/1m/LUMIAUSDT-1m-2026-01.csv
futures/um/monthly/klines/lumiausdt/1m/LUMIAUSDT-1m-2026-02.csv
futures/um/monthly/klines/lumiausdt/1m/LUMIAUSDT-1m-2026-03.csv
futures/um/monthly/klines/lumiausdt/1m/LUMIAUSDT-1m-2026-04.csv
futures/um/monthly/klines/lumiausdt/1m/LUMIAUSDT-1m-2026-05.csv
futures/um/monthly/klines/lumiausdt/1m/LUMIAUSDT-1m-2026-06.csv
futures/um/monthly/klines/lumiausdt/1m/LUMIAUSDT-1m-2026-07.csv
futures/um/monthly/klines/lumiausdt/1m/LUMIAUSDT-1m-2026-08.csv
futures/um/monthly/klines/luna2usdt/1m/LUNA2USDT-1m-2022-09.csv
futures/um/monthly/klines/luna2usdt/1m/LUNA2USDT-1m-2022-10.csv
futures/um/monthly/klines/luna2usdt/1m/LUNA2USDT-1m-2022-11.csv
futures/um/monthly/klines/luna2usdt/1m/LUNA2USDT-1m-2022-12.csv
futures/um/monthly/klines/luna2usdt/1m/LUNA2USDT-1m-2023-01.csv
futures/um/monthly/klines/luna2usdt/1m/LUNA2USDT-1m-2023-02.csv
futures/um/monthly/klines/luna2usdt/1m/LUNA2USDT-1m-2023-03.csv
futures/um/monthly/klines/luna2usdt/1m/LUNA2USDT-1m-2023-04.csv
futures/um/monthly/klines/luna2usdt/1m/LUNA2USDT-1m-2023-05.csv
futures/um/monthly/klines/luna2usdt/1m/LUNA2USDT-1m-2023-06.csv
futures/um/monthly/klines/luna2usdt/1m/LUNA2USDT-1m-2023-07.csv
futures/um/monthly/klines/luna2usdt/1m/LUNA2USDT-1m-2023-08.csv
futures/um/monthly/klines/luna2usdt/1m/LUNA2USDT-1m-2023-09.csv
futures/um/monthly/klines/luna2usdt/1m/LUNA2USDT-1m-2023-10.csv
futures/um/monthly/klines/luna2usdt/1m/LUNA2USDT-1m-2023-11.csv
futures/um/monthly/klines/luna2usdt/1m/LUNA2USDT-1m-2023-12.csv
futures/um/monthly/klines/luna2usdt/1m/LUNA2USDT-1m-2024-01.csv
futures/um/monthly/klines/luna2usdt/1m/LUNA2USDT-1m-2024-02.csv
futures/um/monthly/klines/luna2usdt/1m/LUNA2USDT-1m-2024-03.csv
futures/um/monthly/klines/luna2usdt/1m/LUNA2USDT-1m-2024-04.csv
futures/um/monthly/klines/luna2usdt/1m/LUNA2USDT-1m-2024-05.csv
futures/um/monthly/klines/luna2usdt/1m/LUNA2USDT-1m-2024-06.csv
futures/um/monthly/klines/luna2usdt/1m/LUNA2USDT-1m-2024-07.csv
futures/um/monthly/klines/luna2usdt/1m/LUNA2USDT-1m-2024-08.csv
futures/um/monthly/klines/luna2usdt/1m/LUNA2USDT-1m-2024-09.csv
futures/um/monthly/klines/luna2usdt/1m/LUNA2USDT-1m-2024-10.csv
futures/um/monthly/klines/luna2usdt/1m/LUNA2USDT-1m-2024-11.csv
futures/um/monthly/klines/luna2usdt/1m/LUNA2USDT-1m-2024-12.csv
futures/um/monthly/klines/luna2usdt/1m/LUNA2USDT-1m-2025-01.csv
futures/um/monthly/klines/luna2usdt/1m/LUNA2USDT-1m-2025-02.csv
futures/um/monthly/klines/luna2usdt/1m/LUNA2USDT-1m-2025-03.csv
futures/um/monthly/klines/luna2usdt/1m/LUNA2USDT-1m-2025-04.csv
futures/um/monthly/klines/luna2usdt/1m/LUNA2USDT-1m-2025-05.csv
futures/um/monthly/klines/luna2usdt/1m/LUNA2USDT-1m-2025-06.csv
futures/um/monthly/klines/luna2usdt/1m/LUNA2USDT-1m-2025-07.csv
futures/um/monthly/klines/luna2usdt/1m/LUNA2USDT-1m-2025-08.csv
futures/um/monthly/klines/luna2usdt/1m/LUNA2USDT-1m-2025-09.csv
futures/um/monthly/klines/luna2usdt/1m/LUNA2USDT-1m-2025-10.csv
futures/um/monthly/klines/luna2usdt/1m/LUNA2USDT-1m-2025-11.csv
futures/um/monthly/klines/luna2usdt/1m/LUNA2USDT-1m-2025-12.csv
futures/um/monthly/klines/luna2usdt/1m/LUNA2USDT-1m-2026-01.csv
futures/um/monthly/klines/luna2usdt/1m/LUNA2USDT-1m-2026-02.csv
futures/um/monthly/klines/luna2usdt/1m/LUNA2USDT-1m-2026-03.csv
futures/um/monthly/klines/luna2usdt/1m/LUNA2USDT-1m-2026-04.csv
futures/um/monthly/klines/luna2usdt/1m/LUNA2USDT-1m-2026-05.csv
futures/um/monthly/klines/luna2usdt/1m/LUNA2USDT-1m-2026-06.csv
futures/um/monthly/klines/luna2usdt/1m/LUNA2USDT-1m-2026-07.csv
futures/um/monthly/klines/luna2usdt/1m/LUNA2USDT-1m-2026-08.csv
futures/um/monthly/klines/lynusdt/1m/LYNUSDT-1m-2025-10.csv
futures/um/monthly/klines/lynusdt/1m/LYNUSDT-1m-2025-11.csv
futures/um/monthly/klines/lynusdt/1m/LYNUSDT-1m-2025-12.csv
futures/um/monthly/klines/lynusdt/1m/LYNUSDT-1m-2026-01.csv
futures/um/monthly/klines/lynusdt/1m/LYNUSDT-1m-2026-02.csv
futures/um/monthly/klines/lynusdt/1m/LYNUSDT-1m-2026-03.csv
futures/um/monthly/klines/lynusdt/1m/LYNUSDT-1m-2026-04.csv
futures/um/monthly/klines/lynusdt/1m/LYNUSDT-1m-2026-05.csv
futures/um/monthly/klines/lynusdt/1m/LYNUSDT-1m-2026-06.csv
futures/um/monthly/klines/lynusdt/1m/LYNUSDT-1m-2026-07.csv
futures/um/monthly/klines/lynusdt/1m/LYNUSDT-1m-2026-08.csv
futures/um/monthly/klines/magicusdt/1m/MAGICUSDT-1m-2023-01.csv
futures/um/monthly/klines/magicusdt/1m/MAGICUSDT-1m-2023-02.csv
futures/um/monthly/klines/magicusdt/1m/MAGICUSDT-1m-2023-03.csv
futures/um/monthly/klines/magicusdt/1m/MAGICUSDT-1m-2023-04.csv
futures/um/monthly/klines/magicusdt/1m/MAGICUSDT-1m-2023-05.csv
futures/um/monthly/klines/magicusdt/1m/MAGICUSDT-1m-2023-06.csv
futures/um/monthly/klines/magicusdt/1m/MAGICUSDT-1m-2023-07.csv
futures/um/monthly/klines/magicusdt/1m/MAGICUSDT-1m-2023-08.csv
futures/um/monthly/klines/magicusdt/1m/MAGICUSDT-1m-2023-09.csv
futures/um/monthly/klines/magicusdt/1m/MAGICUSDT-1m-2023-10.csv
futures/um/monthly/klines/magicusdt/1m/MAGICUSDT-1m-2023-11.csv
futures/um/monthly/klines/magicusdt/1m/MAGICUSDT-1m-2023-12.csv
futures/um/monthly/klines/magicusdt/1m/MAGICUSDT-1m-2024-01.csv
futures/um/monthly/klines/magicusdt/1m/MAGICUSDT-1m-2024-02.csv
futures/um/monthly/klines/magicusdt/1m/MAGICUSDT-1m-2024-03.csv
futures/um/monthly/klines/magicusdt/1m/MAGICUSDT-1m-2024-04.csv
futures/um/monthly/klines/magicusdt/1m/MAGICUSDT-1m-2024-05.csv
futures/um/monthly/klines/magicusdt/1m/MAGICUSDT-1m-2024-06.csv
futures/um/monthly/klines/magicusdt/1m/MAGICUSDT-1m-2024-07.csv
futures/um/monthly/klines/magicusdt/1m/MAGICUSDT-1m-2024-08.csv
futures/um/monthly/klines/magicusdt/1m/MAGICUSDT-1m-2024-09.csv
futures/um/monthly/klines/magicusdt/1m/MAGICUSDT-1m-2024-10.csv
futures/um/monthly/klines/magicusdt/1m/MAGICUSDT-1m-2024-11.csv
futures/um/monthly/klines/magicusdt/1m/MAGICUSDT-1m-2024-12.csv
futures/um/monthly/klines/magicusdt/1m/MAGICUSDT-1m-2025-01.csv
futures/um/monthly/klines/magicusdt/1m/MAGICUSDT-1m-2025-02.csv
futures/um/monthly/klines/magicusdt/1m/MAGICUSDT-1m-2025-03.csv
futures/um/monthly/klines/magicusdt/1m/MAGICUSDT-1m-2025-04.csv
futures/um/monthly/klines/magicusdt/1m/MAGICUSDT-1m-2025-05.csv
futures/um/monthly/klines/magicusdt/1m/MAGICUSDT-1m-2025-06.csv
futures/um/monthly/klines/magicusdt/1m/MAGICUSDT-1m-2025-07.csv
futures/um/monthly/klines/magicusdt/1m/MAGICUSDT-1m-2025-08.csv
futures/um/monthly/klines/magicusdt/1m/MAGICUSDT-1m-2025-09.csv
futures/um/monthly/klines/magicusdt/1m/MAGICUSDT-1m-2025-10.csv
futures/um/monthly/klines/magicusdt/1m/MAGICUSDT-1m-2025-11.csv
futures/um/monthly/klines/magicusdt/1m/MAGICUSDT-1m-2025-12.csv
futures/um/monthly/klines/magicusdt/1m/MAGICUSDT-1m-2026-01.csv
futures/um/monthly/klines/magicusdt/1m/MAGICUSDT-1m-2026-02.csv
futures/um/monthly/klines/magicusdt/1m/MAGICUSDT-1m-2026-03.csv
futures/um/monthly/klines/magicusdt/1m/MAGICUSDT-1m-2026-04.csv
futures/um/monthly/klines/magicusdt/1m/MAGICUSDT-1m-2026-05.csv
futures/um/monthly/klines/magicusdt/1m/MAGICUSDT-1m-2026-06.csv
futures/um/monthly/klines/magicusdt/1m/MAGICUSDT-1m-2026-07.csv
futures/um/monthly/klines/magicusdt/1m/MAGICUSDT-1m-2026-08.csv
futures/um/monthly/klines/magmausdt/1m/MAGMAUSDT-1m-2025-12.csv
futures/um/monthly/klines/magmausdt/1m/MAGMAUSDT-1m-2026-01.csv
futures/um/monthly/klines/magmausdt/1m/MAGMAUSDT-1m-2026-02.csv
futures/um/monthly/klines/magmausdt/1m/MAGMAUSDT-1m-2026-03.csv
futures/um/monthly/klines/magmausdt/1m/MAGMAUSDT-1m-2026-04.csv
futures/um/monthly/klines/magmausdt/1m/MAGMAUSDT-1m-2026-05.csv
futures/um/monthly/klines/magmausdt/1m/MAGMAUSDT-1m-2026-06.csv
futures/um/monthly/klines/magmausdt/1m/MAGMAUSDT-1m-2026-07.csv
futures/um/monthly/klines/magmausdt/1m/MAGMAUSDT-1m-2026-08.csv
futures/um/monthly/klines/manausdt/1m/MANAUSDT-1m-2021-03.csv
futures/um/monthly/klines/manausdt/1m/MANAUSDT-1m-2021-04.csv
futures/um/monthly/klines/manausdt/1m/MANAUSDT-1m-2021-05.csv
futures/um/monthly/klines/manausdt/1m/MANAUSDT-1m-2021-06.csv
futures/um/monthly/klines/manausdt/1m/MANAUSDT-1m-2021-07.csv
futures/um/monthly/klines/manausdt/1m/MANAUSDT-1m-2021-08.csv
futures/um/monthly/klines/manausdt/1m/MANAUSDT-1m-2021-09.csv
futures/um/monthly/klines/manausdt/1m/MANAUSDT-1m-2021-10.csv
futures/um/monthly/klines/manausdt/1m/MANAUSDT-1m-2021-11.csv
futures/um/monthly/klines/manausdt/1m/MANAUSDT-1m-2021-12.csv
futures/um/monthly/klines/manausdt/1m/MANAUSDT-1m-2022-01.csv
futures/um/monthly/klines/manausdt/1m/MANAUSDT-1m-2022-02.csv
futures/um/monthly/klines/manausdt/1m/MANAUSDT-1m-2022-03.csv
futures/um/monthly/klines/manausdt/1m/MANAUSDT-1m-2022-04.csv
futures/um/monthly/klines/manausdt/1m/MANAUSDT-1m-2022-05.csv
futures/um/monthly/klines/manausdt/1m/MANAUSDT-1m-2022-06.csv
futures/um/monthly/klines/manausdt/1m/MANAUSDT-1m-2022-07.csv
futures/um/monthly/klines/manausdt/1m/MANAUSDT-1m-2022-08.csv
futures/um/monthly/klines/manausdt/1m/MANAUSDT-1m-2022-09.csv
futures/um/monthly/klines/manausdt/1m/MANAUSDT-1m-2022-10.csv
futures/um/monthly/klines/manausdt/1m/MANAUSDT-1m-2022-11.csv
futures/um/monthly/klines/manausdt/1m/MANAUSDT-1m-2022-12.csv
futures/um/monthly/klines/manausdt/1m/MANAUSDT-1m-2023-01.csv
futures/um/monthly/klines/manausdt/1m/MANAUSDT-1m-2023-02.csv
futures/um/monthly/klines/manausdt/1m/MANAUSDT-1m-2023-03.csv
futures/um/monthly/klines/manausdt/1m/MANAUSDT-1m-2023-04.csv
futures/um/monthly/klines/manausdt/1m/MANAUSDT-1m-2023-05.csv
futures/um/monthly/klines/manausdt/1m/MANAUSDT-1m-2023-06.csv
futures/um/monthly/klines/manausdt/1m/MANAUSDT-1m-2023-07.csv
futures/um/monthly/klines/manausdt/1m/MANAUSDT-1m-2023-08.csv
futures/um/monthly/klines/manausdt/1m/MANAUSDT-1m-2023-09.csv
futures/um/monthly/klines/manausdt/1m/MANAUSDT-1m-2023-10.csv
futures/um/monthly/klines/manausdt/1m/MANAUSDT-1m-2023-11.csv
futures/um/monthly/klines/manausdt/1m/MANAUSDT-1m-2023-12.csv
futures/um/monthly/klines/manausdt/1m/MANAUSDT-1m-2024-01.csv
futures/um/monthly/klines/manausdt/1m/MANAUSDT-1m-2024-02.csv
futures/um/monthly/klines/manausdt/1m/MANAUSDT-1m-2024-03.csv
futures/um/monthly/klines/manausdt/1m/MANAUSDT-1m-2024-04.csv
futures/um/monthly/klines/manausdt/1m/MANAUSDT-1m-2024-05.csv
futures/um/monthly/klines/manausdt/1m/MANAUSDT-1m-2024-06.csv
futures/um/monthly/klines/manausdt/1m/MANAUSDT-1m-2024-07.csv
futures/um/monthly/klines/manausdt/1m/MANAUSDT-1m-2024-08.csv
futures/um/monthly/klines/manausdt/1m/MANAUSDT-1m-2024-09.csv
futures/um/monthly/klines/manausdt/1m/MANAUSDT-1m-2024-10.csv
futures/um/monthly/klines/manausdt/1m/MANAUSDT-1m-2024-11.csv
futures/um/monthly/klines/manausdt/1m/MANAUSDT-1m-2024-12.csv
futures/um/monthly/klines/manausdt/1m/MANAUSDT-1m-2025-01.csv
futures/um/monthly/klines/manausdt/1m/MANAUSDT-1m-2025-02.csv
futures/um/monthly/klines/manausdt/1m/MANAUSDT-1m-2025-03.csv
futures/um/monthly/klines/manausdt/1m/MANAUSDT-1m-2025-04.csv
futures/um/monthly/klines/manausdt/1m/MANAUSDT-1m-2025-05.csv
futures/um/monthly/klines/manausdt/1m/MANAUSDT-1m-2025-06.csv
futures/um/monthly/klines/manausdt/1m/MANAUSDT-1m-2025-07.csv
futures/um/monthly/klines/manausdt/1m/MANAUSDT-1m-2025-08.csv
futures/um/monthly/klines/manausdt/1m/MANAUSDT-1m-2025-09.csv
futures/um/monthly/klines/manausdt/1m/MANAUSDT-1m-2025-10.csv
futures/um/monthly/klines/manausdt/1m/MANAUSDT-1m-2025-11.csv
futures/um/monthly/klines/manausdt/1m/MANAUSDT-1m-2025-12.csv
futures/um/monthly/klines/manausdt/1m/MANAUSDT-1m-2026-01.csv
futures/um/monthly/klines/manausdt/1m/MANAUSDT-1m-2026-02.csv
futures/um/monthly/klines/manausdt/1m/MANAUSDT-1m-2026-03.csv
futures/um/monthly/klines/manausdt/1m/MANAUSDT-1m-2026-04.csv
futures/um/monthly/klines/manausdt/1m/MANAUSDT-1m-2026-05.csv
futures/um/monthly/klines/manausdt/1m/MANAUSDT-1m-2026-06.csv
futures/um/monthly/klines/manausdt/1m/MANAUSDT-1m-2026-07.csv
futures/um/monthly/klines/manausdt/1m/MANAUSDT-1m-2026-08.csv
futures/um/monthly/klines/mantausdt/1m/MANTAUSDT-1m-2024-01.csv
futures/um/monthly/klines/mantausdt/1m/MANTAUSDT-1m-2024-02.csv
futures/um/monthly/klines/mantausdt/1m/MANTAUSDT-1m-2024-03.csv
futures/um/monthly/klines/mantausdt/1m/MANTAUSDT-1m-2024-04.csv
futures/um/monthly/klines/mantausdt/1m/MANTAUSDT-1m-2024-05.csv
futures/um/monthly/klines/mantausdt/1m/MANTAUSDT-1m-2024-06.csv
futures/um/monthly/klines/mantausdt/1m/MANTAUSDT-1m-2024-07.csv
futures/um/monthly/klines/mantausdt/1m/MANTAUSDT-1m-2024-08.csv
futures/um/monthly/klines/mantausdt/1m/MANTAUSDT-1m-2024-09.csv
futures/um/monthly/klines/mantausdt/1m/MANTAUSDT-1m-2024-10.csv
futures/um/monthly/klines/mantausdt/1m/MANTAUSDT-1m-2024-11.csv
futures/um/monthly/klines/mantausdt/1m/MANTAUSDT-1m-2024-12.csv
futures/um/monthly/klines/mantausdt/1m/MANTAUSDT-1m-2025-01.csv
futures/um/monthly/klines/mantausdt/1m/MANTAUSDT-1m-2025-02.csv
futures/um/monthly/klines/mantausdt/1m/MANTAUSDT-1m-2025-03.csv
futures/um/monthly/klines/mantausdt/1m/MANTAUSDT-1m-2025-04.csv
futures/um/monthly/klines/mantausdt/1m/MANTAUSDT-1m-2025-05.csv
futures/um/monthly/klines/mantausdt/1m/MANTAUSDT-1m-2025-06.csv
futures/um/monthly/klines/mantausdt/1m/MANTAUSDT-1m-2025-07.csv
futures/um/monthly/klines/mantausdt/1m/MANTAUSDT-1m-2025-08.csv
futures/um/monthly/klines/mantausdt/1m/MANTAUSDT-1m-2025-09.csv
futures/um/monthly/klines/mantausdt/1m/MANTAUSDT-1m-2025-10.csv
futures/um/monthly/klines/mantausdt/1m/MANTAUSDT-1m-2025-11.csv
futures/um/monthly/klines/mantausdt/1m/MANTAUSDT-1m-2025-12.csv
futures/um/monthly/klines/mantausdt/1m/MANTAUSDT-1m-2026-01.csv
futures/um/monthly/klines/mantausdt/1m/MANTAUSDT-1m-2026-02.csv
futures/um/monthly/klines/mantausdt/1m/MANTAUSDT-1m-2026-03.csv
futures/um/monthly/klines/mantausdt/1m/MANTAUSDT-1m-2026-04.csv
futures/um/monthly/klines/mantausdt/1m/MANTAUSDT-1m-2026-05.csv
futures/um/monthly/klines/mantausdt/1m/MANTAUSDT-1m-2026-06.csv
futures/um/monthly/klines/mantausdt/1m/MANTAUSDT-1m-2026-07.csv
futures/um/monthly/klines/mantausdt/1m/MANTAUSDT-1m-2026-08.csv
futures/um/monthly/klines/mantrausdt/1m/MANTRAUSDT-1m-2026-03.csv
futures/um/monthly/klines/mantrausdt/1m/MANTRAUSDT-1m-2026-04.csv
futures/um/monthly/klines/mantrausdt/1m/MANTRAUSDT-1m-2026-05.csv
futures/um/monthly/klines/mantrausdt/1m/MANTRAUSDT-1m-2026-06.csv
futures/um/monthly/klines/mantrausdt/1m/MANTRAUSDT-1m-2026-07.csv
futures/um/monthly/klines/mantrausdt/1m/MANTRAUSDT-1m-2026-08.csv
futures/um/monthly/klines/maskusdt/1m/MASKUSDT-1m-2021-08.csv
futures/um/monthly/klines/maskusdt/1m/MASKUSDT-1m-2021-09.csv
futures/um/monthly/klines/maskusdt/1m/MASKUSDT-1m-2021-10.csv
futures/um/monthly/klines/maskusdt/1m/MASKUSDT-1m-2021-11.csv
futures/um/monthly/klines/maskusdt/1m/MASKUSDT-1m-2021-12.csv
futures/um/monthly/klines/maskusdt/1m/MASKUSDT-1m-2022-01.csv
futures/um/monthly/klines/maskusdt/1m/MASKUSDT-1m-2022-02.csv
futures/um/monthly/klines/maskusdt/1m/MASKUSDT-1m-2022-03.csv
futures/um/monthly/klines/maskusdt/1m/MASKUSDT-1m-2022-04.csv
futures/um/monthly/klines/maskusdt/1m/MASKUSDT-1m-2022-05.csv
futures/um/monthly/klines/maskusdt/1m/MASKUSDT-1m-2022-06.csv
futures/um/monthly/klines/maskusdt/1m/MASKUSDT-1m-2022-07.csv
futures/um/monthly/klines/maskusdt/1m/MASKUSDT-1m-2022-08.csv
futures/um/monthly/klines/maskusdt/1m/MASKUSDT-1m-2022-09.csv
futures/um/monthly/klines/maskusdt/1m/MASKUSDT-1m-2022-10.csv
futures/um/monthly/klines/maskusdt/1m/MASKUSDT-1m-2022-11.csv
futures/um/monthly/klines/maskusdt/1m/MASKUSDT-1m-2022-12.csv
futures/um/monthly/klines/maskusdt/1m/MASKUSDT-1m-2023-01.csv
futures/um/monthly/klines/maskusdt/1m/MASKUSDT-1m-2023-02.csv
futures/um/monthly/klines/maskusdt/1m/MASKUSDT-1m-2023-03.csv
futures/um/monthly/klines/maskusdt/1m/MASKUSDT-1m-2023-04.csv
futures/um/monthly/klines/maskusdt/1m/MASKUSDT-1m-2023-05.csv
futures/um/monthly/klines/maskusdt/1m/MASKUSDT-1m-2023-06.csv
futures/um/monthly/klines/maskusdt/1m/MASKUSDT-1m-2023-07.csv
futures/um/monthly/klines/maskusdt/1m/MASKUSDT-1m-2023-08.csv
futures/um/monthly/klines/maskusdt/1m/MASKUSDT-1m-2023-09.csv
futures/um/monthly/klines/maskusdt/1m/MASKUSDT-1m-2023-10.csv
futures/um/monthly/klines/maskusdt/1m/MASKUSDT-1m-2023-11.csv
futures/um/monthly/klines/maskusdt/1m/MASKUSDT-1m-2023-12.csv
futures/um/monthly/klines/maskusdt/1m/MASKUSDT-1m-2024-01.csv
futures/um/monthly/klines/maskusdt/1m/MASKUSDT-1m-2024-02.csv
futures/um/monthly/klines/maskusdt/1m/MASKUSDT-1m-2024-03.csv
futures/um/monthly/klines/maskusdt/1m/MASKUSDT-1m-2024-04.csv
futures/um/monthly/klines/maskusdt/1m/MASKUSDT-1m-2024-05.csv
futures/um/monthly/klines/maskusdt/1m/MASKUSDT-1m-2024-06.csv
futures/um/monthly/klines/maskusdt/1m/MASKUSDT-1m-2024-07.csv
futures/um/monthly/klines/maskusdt/1m/MASKUSDT-1m-2024-08.csv
futures/um/monthly/klines/maskusdt/1m/MASKUSDT-1m-2024-09.csv
futures/um/monthly/klines/maskusdt/1m/MASKUSDT-1m-2024-10.csv
futures/um/monthly/klines/maskusdt/1m/MASKUSDT-1m-2024-11.csv
futures/um/monthly/klines/maskusdt/1m/MASKUSDT-1m-2024-12.csv
futures/um/monthly/klines/maskusdt/1m/MASKUSDT-1m-2025-01.csv
futures/um/monthly/klines/maskusdt/1m/MASKUSDT-1m-2025-02.csv
futures/um/monthly/klines/maskusdt/1m/MASKUSDT-1m-2025-03.csv
futures/um/monthly/klines/maskusdt/1m/MASKUSDT-1m-2025-04.csv
futures/um/monthly/klines/maskusdt/1m/MASKUSDT-1m-2025-05.csv
futures/um/monthly/klines/maskusdt/1m/MASKUSDT-1m-2025-06.csv
futures/um/monthly/klines/maskusdt/1m/MASKUSDT-1m-2025-07.csv
futures/um/monthly/klines/maskusdt/1m/MASKUSDT-1m-2025-08.csv
futures/um/monthly/klines/maskusdt/1m/MASKUSDT-1m-2025-09.csv
futures/um/monthly/klines/maskusdt/1m/MASKUSDT-1m-2025-10.csv
futures/um/monthly/klines/maskusdt/1m/MASKUSDT-1m-2025-11.csv
futures/um/monthly/klines/maskusdt/1m/MASKUSDT-1m-2025-12.csv
futures/um/monthly/klines/maskusdt/1m/MASKUSDT-1m-2026-01.csv
futures/um/monthly/klines/maskusdt/1m/MASKUSDT-1m-2026-02.csv
futures/um/monthly/klines/maskusdt/1m/MASKUSDT-1m-2026-03.csv
futures/um/monthly/klines/maskusdt/1m/MASKUSDT-1m-2026-04.csv
futures/um/monthly/klines/maskusdt/1m/MASKUSDT-1m-2026-05.csv
futures/um/monthly/klines/maskusdt/1m/MASKUSDT-1m-2026-06.csv
futures/um/monthly/klines/maskusdt/1m/MASKUSDT-1m-2026-07.csv
futures/um/monthly/klines/maskusdt/1m/MASKUSDT-1m-2026-08.csv
futures/um/monthly/klines/maviausdt/1m/MAVIAUSDT-1m-2024-02.csv
futures/um/monthly/klines/maviausdt/1m/MAVIAUSDT-1m-2024-03.csv
futures/um/monthly/klines/maviausdt/1m/MAVIAUSDT-1m-2024-04.csv
futures/um/monthly/klines/maviausdt/1m/MAVIAUSDT-1m-2024-05.csv
futures/um/monthly/klines/maviausdt/1m/MAVIAUSDT-1m-2024-06.csv
futures/um/monthly/klines/maviausdt/1m/MAVIAUSDT-1m-2024-07.csv
futures/um/monthly/klines/maviausdt/1m/MAVIAUSDT-1m-2024-08.csv
futures/um/monthly/klines/maviausdt/1m/MAVIAUSDT-1m-2024-09.csv
futures/um/monthly/klines/maviausdt/1m/MAVIAUSDT-1m-2024-10.csv
futures/um/monthly/klines/maviausdt/1m/MAVIAUSDT-1m-2024-11.csv
futures/um/monthly/klines/maviausdt/1m/MAVIAUSDT-1m-2024-12.csv
futures/um/monthly/klines/maviausdt/1m/MAVIAUSDT-1m-2025-01.csv
futures/um/monthly/klines/maviausdt/1m/MAVIAUSDT-1m-2025-02.csv
futures/um/monthly/klines/maviausdt/1m/MAVIAUSDT-1m-2025-03.csv
futures/um/monthly/klines/maviausdt/1m/MAVIAUSDT-1m-2025-04.csv
futures/um/monthly/klines/maviausdt/1m/MAVIAUSDT-1m-2025-05.csv
futures/um/monthly/klines/maviausdt/1m/MAVIAUSDT-1m-2025-06.csv
futures/um/monthly/klines/maviausdt/1m/MAVIAUSDT-1m-2025-07.csv
futures/um/monthly/klines/maviausdt/1m/MAVIAUSDT-1m-2025-08.csv
futures/um/monthly/klines/maviausdt/1m/MAVIAUSDT-1m-2025-09.csv
futures/um/monthly/klines/maviausdt/1m/MAVIAUSDT-1m-2025-10.csv
futures/um/monthly/klines/maviausdt/1m/MAVIAUSDT-1m-2025-11.csv
futures/um/monthly/klines/maviausdt/1m/MAVIAUSDT-1m-2025-12.csv
futures/um/monthly/klines/maviausdt/1m/MAVIAUSDT-1m-2026-01.csv
futures/um/monthly/klines/maviausdt/1m/MAVIAUSDT-1m-2026-02.csv
futures/um/monthly/klines/maviausdt/1m/MAVIAUSDT-1m-2026-03.csv
futures/um/monthly/klines/maviausdt/1m/MAVIAUSDT-1m-2026-04.csv
futures/um/monthly/klines/maviausdt/1m/MAVIAUSDT-1m-2026-05.csv
futures/um/monthly/klines/maviausdt/1m/MAVIAUSDT-1m-2026-06.csv
futures/um/monthly/klines/maviausdt/1m/MAVIAUSDT-1m-2026-07.csv
futures/um/monthly/klines/maviausdt/1m/MAVIAUSDT-1m-2026-08.csv
futures/um/monthly/klines/mavusdt/1m/MAVUSDT-1m-2023-06.csv
futures/um/monthly/klines/mavusdt/1m/MAVUSDT-1m-2023-07.csv
futures/um/monthly/klines/mavusdt/1m/MAVUSDT-1m-2023-08.csv
futures/um/monthly/klines/mavusdt/1m/MAVUSDT-1m-2023-09.csv
futures/um/monthly/klines/mavusdt/1m/MAVUSDT-1m-2023-10.csv
futures/um/monthly/klines/mavusdt/1m/MAVUSDT-1m-2023-11.csv
futures/um/monthly/klines/mavusdt/1m/MAVUSDT-1m-2023-12.csv
futures/um/monthly/klines/mavusdt/1m/MAVUSDT-1m-2024-01.csv
futures/um/monthly/klines/mavusdt/1m/MAVUSDT-1m-2024-02.csv
futures/um/monthly/klines/mavusdt/1m/MAVUSDT-1m-2024-03.csv
futures/um/monthly/klines/mavusdt/1m/MAVUSDT-1m-2024-04.csv
futures/um/monthly/klines/mavusdt/1m/MAVUSDT-1m-2024-05.csv
futures/um/monthly/klines/mavusdt/1m/MAVUSDT-1m-2024-06.csv
futures/um/monthly/klines/mavusdt/1m/MAVUSDT-1m-2024-07.csv
futures/um/monthly/klines/mavusdt/1m/MAVUSDT-1m-2024-08.csv
futures/um/monthly/klines/mavusdt/1m/MAVUSDT-1m-2024-09.csv
futures/um/monthly/klines/mavusdt/1m/MAVUSDT-1m-2024-10.csv
futures/um/monthly/klines/mavusdt/1m/MAVUSDT-1m-2024-11.csv
futures/um/monthly/klines/mavusdt/1m/MAVUSDT-1m-2024-12.csv
futures/um/monthly/klines/mavusdt/1m/MAVUSDT-1m-2025-01.csv
futures/um/monthly/klines/mavusdt/1m/MAVUSDT-1m-2025-02.csv
futures/um/monthly/klines/mavusdt/1m/MAVUSDT-1m-2025-03.csv
futures/um/monthly/klines/mavusdt/1m/MAVUSDT-1m-2025-04.csv
futures/um/monthly/klines/mavusdt/1m/MAVUSDT-1m-2025-05.csv
futures/um/monthly/klines/mavusdt/1m/MAVUSDT-1m-2025-06.csv
futures/um/monthly/klines/mavusdt/1m/MAVUSDT-1m-2025-07.csv
futures/um/monthly/klines/mavusdt/1m/MAVUSDT-1m-2025-08.csv
futures/um/monthly/klines/mavusdt/1m/MAVUSDT-1m-2025-09.csv
futures/um/monthly/klines/mavusdt/1m/MAVUSDT-1m-2025-10.csv
futures/um/monthly/klines/mavusdt/1m/MAVUSDT-1m-2025-11.csv
futures/um/monthly/klines/mavusdt/1m/MAVUSDT-1m-2025-12.csv
futures/um/monthly/klines/mavusdt/1m/MAVUSDT-1m-2026-01.csv
futures/um/monthly/klines/mavusdt/1m/MAVUSDT-1m-2026-02.csv
futures/um/monthly/klines/mavusdt/1m/MAVUSDT-1m-2026-03.csv
futures/um/monthly/klines/mavusdt/1m/MAVUSDT-1m-2026-04.csv
futures/um/monthly/klines/mavusdt/1m/MAVUSDT-1m-2026-05.csv
futures/um/monthly/klines/mavusdt/1m/MAVUSDT-1m-2026-06.csv
futures/um/monthly/klines/mavusdt/1m/MAVUSDT-1m-2026-07.csv
futures/um/monthly/klines/mavusdt/1m/MAVUSDT-1m-2026-08.csv
futures/um/monthly/klines/megausdt/1m/MEGAUSDT-1m-2026-01.csv
futures/um/monthly/klines/megausdt/1m/MEGAUSDT-1m-2026-02.csv
futures/um/monthly/klines/megausdt/1m/MEGAUSDT-1m-2026-03.csv
futures/um/monthly/klines/megausdt/1m/MEGAUSDT-1m-2026-04.csv
futures/um/monthly/klines/megausdt/1m/MEGAUSDT-1m-2026-05.csv
futures/um/monthly/klines/megausdt/1m/MEGAUSDT-1m-2026-06.csv
futures/um/monthly/klines/megausdt/1m/MEGAUSDT-1m-2026-07.csv
futures/um/monthly/klines/megausdt/1m/MEGAUSDT-1m-2026-08.csv
futures/um/monthly/klines/melaniausdt/1m/MELANIAUSDT-1m-2025-01.csv
futures/um/monthly/klines/melaniausdt/1m/MELANIAUSDT-1m-2025-02.csv
futures/um/monthly/klines/melaniausdt/1m/MELANIAUSDT-1m-2025-03.csv
futures/um/monthly/klines/melaniausdt/1m/MELANIAUSDT-1m-2025-04.csv
futures/um/monthly/klines/melaniausdt/1m/MELANIAUSDT-1m-2025-05.csv
futures/um/monthly/klines/melaniausdt/1m/MELANIAUSDT-1m-2025-06.csv
futures/um/monthly/klines/melaniausdt/1m/MELANIAUSDT-1m-2025-07.csv
futures/um/monthly/klines/melaniausdt/1m/MELANIAUSDT-1m-2025-08.csv
futures/um/monthly/klines/melaniausdt/1m/MELANIAUSDT-1m-2025-09.csv
futures/um/monthly/klines/melaniausdt/1m/MELANIAUSDT-1m-2025-10.csv
futures/um/monthly/klines/melaniausdt/1m/MELANIAUSDT-1m-2025-11.csv
futures/um/monthly/klines/melaniausdt/1m/MELANIAUSDT-1m-2025-12.csv
futures/um/monthly/klines/melaniausdt/1m/MELANIAUSDT-1m-2026-01.csv
futures/um/monthly/klines/melaniausdt/1m/MELANIAUSDT-1m-2026-02.csv
futures/um/monthly/klines/melaniausdt/1m/MELANIAUSDT-1m-2026-03.csv
futures/um/monthly/klines/melaniausdt/1m/MELANIAUSDT-1m-2026-04.csv
futures/um/monthly/klines/melaniausdt/1m/MELANIAUSDT-1m-2026-05.csv
futures/um/monthly/klines/melaniausdt/1m/MELANIAUSDT-1m-2026-06.csv
futures/um/monthly/klines/melaniausdt/1m/MELANIAUSDT-1m-2026-07.csv
futures/um/monthly/klines/melaniausdt/1m/MELANIAUSDT-1m-2026-08.csv
futures/um/monthly/klines/memeusdt/1m/MEMEUSDT-1m-2023-11.csv
futures/um/monthly/klines/memeusdt/1m/MEMEUSDT-1m-2023-12.csv
futures/um/monthly/klines/memeusdt/1m/MEMEUSDT-1m-2024-01.csv
futures/um/monthly/klines/memeusdt/1m/MEMEUSDT-1m-2024-02.csv
futures/um/monthly/klines/memeusdt/1m/MEMEUSDT-1m-2024-03.csv
futures/um/monthly/klines/memeusdt/1m/MEMEUSDT-1m-2024-04.csv
futures/um/monthly/klines/memeusdt/1m/MEMEUSDT-1m-2024-05.csv
futures/um/monthly/klines/memeusdt/1m/MEMEUSDT-1m-2024-06.csv
futures/um/monthly/klines/memeusdt/1m/MEMEUSDT-1m-2024-07.csv
futures/um/monthly/klines/memeusdt/1m/MEMEUSDT-1m-2024-08.csv
futures/um/monthly/klines/memeusdt/1m/MEMEUSDT-1m-2024-09.csv
futures/um/monthly/klines/memeusdt/1m/MEMEUSDT-1m-2024-10.csv
futures/um/monthly/klines/memeusdt/1m/MEMEUSDT-1m-2024-11.csv
futures/um/monthly/klines/memeusdt/1m/MEMEUSDT-1m-2024-12.csv
futures/um/monthly/klines/memeusdt/1m/MEMEUSDT-1m-2025-01.csv
futures/um/monthly/klines/memeusdt/1m/MEMEUSDT-1m-2025-02.csv
futures/um/monthly/klines/memeusdt/1m/MEMEUSDT-1m-2025-03.csv
futures/um/monthly/klines/memeusdt/1m/MEMEUSDT-1m-2025-04.csv
futures/um/monthly/klines/memeusdt/1m/MEMEUSDT-1m-2025-05.csv
futures/um/monthly/klines/memeusdt/1m/MEMEUSDT-1m-2025-06.csv
futures/um/monthly/klines/memeusdt/1m/MEMEUSDT-1m-2025-07.csv
futures/um/monthly/klines/memeusdt/1m/MEMEUSDT-1m-2025-08.csv
futures/um/monthly/klines/memeusdt/1m/MEMEUSDT-1m-2025-09.csv
futures/um/monthly/klines/memeusdt/1m/MEMEUSDT-1m-2025-10.csv
futures/um/monthly/klines/memeusdt/1m/MEMEUSDT-1m-2025-11.csv
futures/um/monthly/klines/memeusdt/1m/MEMEUSDT-1m-2025-12.csv
futures/um/monthly/klines/memeusdt/1m/MEMEUSDT-1m-2026-01.csv
futures/um/monthly/klines/memeusdt/1m/MEMEUSDT-1m-2026-02.csv
futures/um/monthly/klines/memeusdt/1m/MEMEUSDT-1m-2026-03.csv
futures/um/monthly/klines/memeusdt/1m/MEMEUSDT-1m-2026-04.csv
futures/um/monthly/klines/memeusdt/1m/MEMEUSDT-1m-2026-05.csv
futures/um/monthly/klines/memeusdt/1m/MEMEUSDT-1m-2026-06.csv
futures/um/monthly/klines/memeusdt/1m/MEMEUSDT-1m-2026-07.csv
futures/um/monthly/klines/memeusdt/1m/MEMEUSDT-1m-2026-08.csv
futures/um/monthly/klines/merlusdt/1m/MERLUSDT-1m-2025-05.csv
futures/um/monthly/klines/merlusdt/1m/MERLUSDT-1m-2025-06.csv
futures/um/monthly/klines/merlusdt/1m/MERLUSDT-1m-2025-07.csv
futures/um/monthly/klines/merlusdt/1m/MERLUSDT-1m-2025-08.csv
futures/um/monthly/klines/merlusdt/1m/MERLUSDT-1m-2025-09.csv
futures/um/monthly/klines/merlusdt/1m/MERLUSDT-1m-2025-10.csv
futures/um/monthly/klines/merlusdt/1m/MERLUSDT-1m-2025-11.csv
futures/um/monthly/klines/merlusdt/1m/MERLUSDT-1m-2025-12.csv
futures/um/monthly/klines/merlusdt/1m/MERLUSDT-1m-2026-01.csv
futures/um/monthly/klines/merlusdt/1m/MERLUSDT-1m-2026-02.csv
futures/um/monthly/klines/merlusdt/1m/MERLUSDT-1m-2026-03.csv
futures/um/monthly/klines/merlusdt/1m/MERLUSDT-1m-2026-04.csv
futures/um/monthly/klines/merlusdt/1m/MERLUSDT-1m-2026-05.csv
futures/um/monthly/klines/merlusdt/1m/MERLUSDT-1m-2026-06.csv
futures/um/monthly/klines/merlusdt/1m/MERLUSDT-1m-2026-07.csv
futures/um/monthly/klines/merlusdt/1m/MERLUSDT-1m-2026-08.csv
futures/um/monthly/klines/metisusdt/1m/METISUSDT-1m-2024-03.csv
futures/um/monthly/klines/metisusdt/1m/METISUSDT-1m-2024-04.csv
futures/um/monthly/klines/metisusdt/1m/METISUSDT-1m-2024-05.csv
futures/um/monthly/klines/metisusdt/1m/METISUSDT-1m-2024-06.csv
futures/um/monthly/klines/metisusdt/1m/METISUSDT-1m-2024-07.csv
futures/um/monthly/klines/metisusdt/1m/METISUSDT-1m-2024-08.csv
futures/um/monthly/klines/metisusdt/1m/METISUSDT-1m-2024-09.csv
futures/um/monthly/klines/metisusdt/1m/METISUSDT-1m-2024-10.csv
futures/um/monthly/klines/metisusdt/1m/METISUSDT-1m-2024-11.csv
futures/um/monthly/klines/metisusdt/1m/METISUSDT-1m-2024-12.csv
futures/um/monthly/klines/metisusdt/1m/METISUSDT-1m-2025-01.csv
futures/um/monthly/klines/metisusdt/1m/METISUSDT-1m-2025-02.csv
futures/um/monthly/klines/metisusdt/1m/METISUSDT-1m-2025-03.csv
futures/um/monthly/klines/metisusdt/1m/METISUSDT-1m-2025-04.csv
futures/um/monthly/klines/metisusdt/1m/METISUSDT-1m-2025-05.csv
futures/um/monthly/klines/metisusdt/1m/METISUSDT-1m-2025-06.csv
futures/um/monthly/klines/metisusdt/1m/METISUSDT-1m-2025-07.csv
futures/um/monthly/klines/metisusdt/1m/METISUSDT-1m-2025-08.csv
futures/um/monthly/klines/metisusdt/1m/METISUSDT-1m-2025-09.csv
futures/um/monthly/klines/metisusdt/1m/METISUSDT-1m-2025-10.csv
futures/um/monthly/klines/metisusdt/1m/METISUSDT-1m-2025-11.csv
futures/um/monthly/klines/metisusdt/1m/METISUSDT-1m-2025-12.csv
futures/um/monthly/klines/metisusdt/1m/METISUSDT-1m-2026-01.csv
futures/um/monthly/klines/metisusdt/1m/METISUSDT-1m-2026-02.csv
futures/um/monthly/klines/metisusdt/1m/METISUSDT-1m-2026-03.csv
futures/um/monthly/klines/metisusdt/1m/METISUSDT-1m-2026-04.csv
futures/um/monthly/klines/metisusdt/1m/METISUSDT-1m-2026-05.csv
futures/um/monthly/klines/metisusdt/1m/METISUSDT-1m-2026-06.csv
futures/um/monthly/klines/metisusdt/1m/METISUSDT-1m-2026-07.csv
futures/um/monthly/klines/metisusdt/1m/METISUSDT-1m-2026-08.csv
futures/um/monthly/klines/metusdt/1m/METUSDT-1m-2025-10.csv
futures/um/monthly/klines/metusdt/1m/METUSDT-1m-2025-11.csv
futures/um/monthly/klines/metusdt/1m/METUSDT-1m-2025-12.csv
futures/um/monthly/klines/metusdt/1m/METUSDT-1m-2026-01.csv
futures/um/monthly/klines/metusdt/1m/METUSDT-1m-2026-02.csv
futures/um/monthly/klines/metusdt/1m/METUSDT-1m-2026-03.csv
futures/um/monthly/klines/metusdt/1m/METUSDT-1m-2026-04.csv
futures/um/monthly/klines/metusdt/1m/METUSDT-1m-2026-05.csv
futures/um/monthly/klines/metusdt/1m/METUSDT-1m-2026-06.csv
futures/um/monthly/klines/metusdt/1m/METUSDT-1m-2026-07.csv
futures/um/monthly/klines/metusdt/1m/METUSDT-1m-2026-08.csv
futures/um/monthly/klines/meusdt/1m/MEUSDT-1m-2024-12.csv
futures/um/monthly/klines/meusdt/1m/MEUSDT-1m-2025-01.csv
futures/um/monthly/klines/meusdt/1m/MEUSDT-1m-2025-02.csv
futures/um/monthly/klines/meusdt/1m/MEUSDT-1m-2025-03.csv
futures/um/monthly/klines/meusdt/1m/MEUSDT-1m-2025-04.csv
futures/um/monthly/klines/meusdt/1m/MEUSDT-1m-2025-05.csv
futures/um/monthly/klines/meusdt/1m/MEUSDT-1m-2025-06.csv
futures/um/monthly/klines/meusdt/1m/MEUSDT-1m-2025-07.csv
futures/um/monthly/klines/meusdt/1m/MEUSDT-1m-2025-08.csv
futures/um/monthly/klines/meusdt/1m/MEUSDT-1m-2025-09.csv
futures/um/monthly/klines/meusdt/1m/MEUSDT-1m-2025-10.csv
futures/um/monthly/klines/meusdt/1m/MEUSDT-1m-2025-11.csv
futures/um/monthly/klines/meusdt/1m/MEUSDT-1m-2025-12.csv
futures/um/monthly/klines/meusdt/1m/MEUSDT-1m-2026-01.csv
futures/um/monthly/klines/meusdt/1m/MEUSDT-1m-2026-02.csv
futures/um/monthly/klines/meusdt/1m/MEUSDT-1m-2026-03.csv
futures/um/monthly/klines/meusdt/1m/MEUSDT-1m-2026-04.csv
futures/um/monthly/klines/meusdt/1m/MEUSDT-1m-2026-05.csv
futures/um/monthly/klines/meusdt/1m/MEUSDT-1m-2026-06.csv
futures/um/monthly/klines/meusdt/1m/MEUSDT-1m-2026-07.csv
futures/um/monthly/klines/meusdt/1m/MEUSDT-1m-2026-08.csv
futures/um/monthly/klines/mewusdt/1m/MEWUSDT-1m-2024-06.csv
futures/um/monthly/klines/mewusdt/1m/MEWUSDT-1m-2024-07.csv
futures/um/monthly/klines/mewusdt/1m/MEWUSDT-1m-2024-08.csv
futures/um/monthly/klines/mewusdt/1m/MEWUSDT-1m-2024-09.csv
futures/um/monthly/klines/mewusdt/1m/MEWUSDT-1m-2024-10.csv
futures/um/monthly/klines/mewusdt/1m/MEWUSDT-1m-2024-11.csv
futures/um/monthly/klines/mewusdt/1m/MEWUSDT-1m-2024-12.csv
futures/um/monthly/klines/mewusdt/1m/MEWUSDT-1m-2025-01.csv
futures/um/monthly/klines/mewusdt/1m/MEWUSDT-1m-2025-02.csv
futures/um/monthly/klines/mewusdt/1m/MEWUSDT-1m-2025-03.csv
futures/um/monthly/klines/mewusdt/1m/MEWUSDT-1m-2025-04.csv
futures/um/monthly/klines/mewusdt/1m/MEWUSDT-1m-2025-05.csv
futures/um/monthly/klines/mewusdt/1m/MEWUSDT-1m-2025-06.csv
futures/um/monthly/klines/mewusdt/1m/MEWUSDT-1m-2025-07.csv
futures/um/monthly/klines/mewusdt/1m/MEWUSDT-1m-2025-08.csv
futures/um/monthly/klines/mewusdt/1m/MEWUSDT-1m-2025-09.csv
futures/um/monthly/klines/mewusdt/1m/MEWUSDT-1m-2025-10.csv
futures/um/monthly/klines/mewusdt/1m/MEWUSDT-1m-2025-11.csv
futures/um/monthly/klines/mewusdt/1m/MEWUSDT-1m-2025-12.csv
futures/um/monthly/klines/mewusdt/1m/MEWUSDT-1m-2026-01.csv
futures/um/monthly/klines/mewusdt/1m/MEWUSDT-1m-2026-02.csv
futures/um/monthly/klines/mewusdt/1m/MEWUSDT-1m-2026-03.csv
futures/um/monthly/klines/mewusdt/1m/MEWUSDT-1m-2026-04.csv
futures/um/monthly/klines/mewusdt/1m/MEWUSDT-1m-2026-05.csv
futures/um/monthly/klines/mewusdt/1m/MEWUSDT-1m-2026-06.csv
futures/um/monthly/klines/mewusdt/1m/MEWUSDT-1m-2026-07.csv
futures/um/monthly/klines/mewusdt/1m/MEWUSDT-1m-2026-08.csv
futures/um/monthly/klines/minausdt/1m/MINAUSDT-1m-2023-02.csv
futures/um/monthly/klines/minausdt/1m/MINAUSDT-1m-2023-03.csv
futures/um/monthly/klines/minausdt/1m/MINAUSDT-1m-2023-04.csv
futures/um/monthly/klines/minausdt/1m/MINAUSDT-1m-2023-05.csv
futures/um/monthly/klines/minausdt/1m/MINAUSDT-1m-2023-06.csv
futures/um/monthly/klines/minausdt/1m/MINAUSDT-1m-2023-07.csv
futures/um/monthly/klines/minausdt/1m/MINAUSDT-1m-2023-08.csv
futures/um/monthly/klines/minausdt/1m/MINAUSDT-1m-2023-09.csv
futures/um/monthly/klines/minausdt/1m/MINAUSDT-1m-2023-10.csv
futures/um/monthly/klines/minausdt/1m/MINAUSDT-1m-2023-11.csv
futures/um/monthly/klines/minausdt/1m/MINAUSDT-1m-2023-12.csv
futures/um/monthly/klines/minausdt/1m/MINAUSDT-1m-2024-01.csv
futures/um/monthly/klines/minausdt/1m/MINAUSDT-1m-2024-02.csv
futures/um/monthly/klines/minausdt/1m/MINAUSDT-1m-2024-03.csv
futures/um/monthly/klines/minausdt/1m/MINAUSDT-1m-2024-04.csv
futures/um/monthly/klines/minausdt/1m/MINAUSDT-1m-2024-05.csv
futures/um/monthly/klines/minausdt/1m/MINAUSDT-1m-2024-06.csv
futures/um/monthly/klines/minausdt/1m/MINAUSDT-1m-2024-07.csv
futures/um/monthly/klines/minausdt/1m/MINAUSDT-1m-2024-08.csv
futures/um/monthly/klines/minausdt/1m/MINAUSDT-1m-2024-09.csv
futures/um/monthly/klines/minausdt/1m/MINAUSDT-1m-2024-10.csv
futures/um/monthly/klines/minausdt/1m/MINAUSDT-1m-2024-11.csv
futures/um/monthly/klines/minausdt/1m/MINAUSDT-1m-2024-12.csv
futures/um/monthly/klines/minausdt/1m/MINAUSDT-1m-2025-01.csv
futures/um/monthly/klines/minausdt/1m/MINAUSDT-1m-2025-02.csv
futures/um/monthly/klines/minausdt/1m/MINAUSDT-1m-2025-03.csv
futures/um/monthly/klines/minausdt/1m/MINAUSDT-1m-2025-04.csv
futures/um/monthly/klines/minausdt/1m/MINAUSDT-1m-2025-05.csv
futures/um/monthly/klines/minausdt/1m/MINAUSDT-1m-2025-06.csv
futures/um/monthly/klines/minausdt/1m/MINAUSDT-1m-2025-07.csv
futures/um/monthly/klines/minausdt/1m/MINAUSDT-1m-2025-08.csv
futures/um/monthly/klines/minausdt/1m/MINAUSDT-1m-2025-09.csv
futures/um/monthly/klines/minausdt/1m/MINAUSDT-1m-2025-10.csv
futures/um/monthly/klines/minausdt/1m/MINAUSDT-1m-2025-11.csv
futures/um/monthly/klines/minausdt/1m/MINAUSDT-1m-2025-12.csv
futures/um/monthly/klines/minausdt/1m/MINAUSDT-1m-2026-01.csv
futures/um/monthly/klines/minausdt/1m/MINAUSDT-1m-2026-02.csv
futures/um/monthly/klines/minausdt/1m/MINAUSDT-1m-2026-03.csv
futures/um/monthly/klines/minausdt/1m/MINAUSDT-1m-2026-04.csv
futures/um/monthly/klines/minausdt/1m/MINAUSDT-1m-2026-05.csv
futures/um/monthly/klines/minausdt/1m/MINAUSDT-1m-2026-06.csv
futures/um/monthly/klines/minausdt/1m/MINAUSDT-1m-2026-07.csv
futures/um/monthly/klines/minausdt/1m/MINAUSDT-1m-2026-08.csv
futures/um/monthly/klines/mirausdt/1m/MIRAUSDT-1m-2025-09.csv
futures/um/monthly/klines/mirausdt/1m/MIRAUSDT-1m-2025-10.csv
futures/um/monthly/klines/mirausdt/1m/MIRAUSDT-1m-2025-11.csv
futures/um/monthly/klines/mirausdt/1m/MIRAUSDT-1m-2025-12.csv
futures/um/monthly/klines/mirausdt/1m/MIRAUSDT-1m-2026-01.csv
futures/um/monthly/klines/mirausdt/1m/MIRAUSDT-1m-2026-02.csv
futures/um/monthly/klines/mirausdt/1m/MIRAUSDT-1m-2026-03.csv
futures/um/monthly/klines/mirausdt/1m/MIRAUSDT-1m-2026-04.csv
futures/um/monthly/klines/mirausdt/1m/MIRAUSDT-1m-2026-05.csv
futures/um/monthly/klines/mirausdt/1m/MIRAUSDT-1m-2026-06.csv
futures/um/monthly/klines/mirausdt/1m/MIRAUSDT-1m-2026-07.csv
futures/um/monthly/klines/mirausdt/1m/MIRAUSDT-1m-2026-08.csv
futures/um/monthly/klines/mitousdt/1m/MITOUSDT-1m-2025-08.csv
futures/um/monthly/klines/mitousdt/1m/MITOUSDT-1m-2025-09.csv
futures/um/monthly/klines/mitousdt/1m/MITOUSDT-1m-2025-10.csv
futures/um/monthly/klines/mitousdt/1m/MITOUSDT-1m-2025-11.csv
futures/um/monthly/klines/mitousdt/1m/MITOUSDT-1m-2025-12.csv
futures/um/monthly/klines/mitousdt/1m/MITOUSDT-1m-2026-01.csv
futures/um/monthly/klines/mitousdt/1m/MITOUSDT-1m-2026-02.csv
futures/um/monthly/klines/mitousdt/1m/MITOUSDT-1m-2026-03.csv
futures/um/monthly/klines/mitousdt/1m/MITOUSDT-1m-2026-04.csv
futures/um/monthly/klines/mitousdt/1m/MITOUSDT-1m-2026-05.csv
futures/um/monthly/klines/mitousdt/1m/MITOUSDT-1m-2026-06.csv
futures/um/monthly/klines/mitousdt/1m/MITOUSDT-1m-2026-07.csv
futures/um/monthly/klines/mitousdt/1m/MITOUSDT-1m-2026-08.csv
futures/um/monthly/klines/mmtusdt/1m/MMTUSDT-1m-2025-11.csv
futures/um/monthly/klines/mmtusdt/1m/MMTUSDT-1m-2025-12.csv
futures/um/monthly/klines/mmtusdt/1m/MMTUSDT-1m-2026-01.csv
futures/um/monthly/klines/mmtusdt/1m/MMTUSDT-1m-2026-02.csv
futures/um/monthly/klines/mmtusdt/1m/MMTUSDT-1m-2026-03.csv
futures/um/monthly/klines/mmtusdt/1m/MMTUSDT-1m-2026-04.csv
futures/um/monthly/klines/mmtusdt/1m/MMTUSDT-1m-2026-05.csv
futures/um/monthly/klines/mmtusdt/1m/MMTUSDT-1m-2026-06.csv
futures/um/monthly/klines/mmtusdt/1m/MMTUSDT-1m-2026-07.csv
futures/um/monthly/klines/mmtusdt/1m/MMTUSDT-1m-2026-08.csv
futures/um/monthly/klines/mocausdt/1m/MOCAUSDT-1m-2024-12.csv
futures/um/monthly/klines/mocausdt/1m/MOCAUSDT-1m-2025-01.csv
futures/um/monthly/klines/mocausdt/1m/MOCAUSDT-1m-2025-02.csv
futures/um/monthly/klines/mocausdt/1m/MOCAUSDT-1m-2025-03.csv
futures/um/monthly/klines/mocausdt/1m/MOCAUSDT-1m-2025-04.csv
futures/um/monthly/klines/mocausdt/1m/MOCAUSDT-1m-2025-05.csv
futures/um/monthly/klines/mocausdt/1m/MOCAUSDT-1m-2025-06.csv
futures/um/monthly/klines/mocausdt/1m/MOCAUSDT-1m-2025-07.csv
futures/um/monthly/klines/mocausdt/1m/MOCAUSDT-1m-2025-08.csv
futures/um/monthly/klines/mocausdt/1m/MOCAUSDT-1m-2025-09.csv
futures/um/monthly/klines/mocausdt/1m/MOCAUSDT-1m-2025-10.csv
futures/um/monthly/klines/mocausdt/1m/MOCAUSDT-1m-2025-11.csv
futures/um/monthly/klines/mocausdt/1m/MOCAUSDT-1m-2025-12.csv
futures/um/monthly/klines/mocausdt/1m/MOCAUSDT-1m-2026-01.csv
futures/um/monthly/klines/mocausdt/1m/MOCAUSDT-1m-2026-02.csv
futures/um/monthly/klines/mocausdt/1m/MOCAUSDT-1m-2026-03.csv
futures/um/monthly/klines/mocausdt/1m/MOCAUSDT-1m-2026-04.csv
futures/um/monthly/klines/mocausdt/1m/MOCAUSDT-1m-2026-05.csv
futures/um/monthly/klines/mocausdt/1m/MOCAUSDT-1m-2026-06.csv
futures/um/monthly/klines/mocausdt/1m/MOCAUSDT-1m-2026-07.csv
futures/um/monthly/klines/mocausdt/1m/MOCAUSDT-1m-2026-08.csv
futures/um/monthly/klines/monusdt/1m/MONUSDT-1m-2025-10.csv
futures/um/monthly/klines/monusdt/1m/MONUSDT-1m-2025-11.csv
futures/um/monthly/klines/monusdt/1m/MONUSDT-1m-2025-12.csv
futures/um/monthly/klines/monusdt/1m/MONUSDT-1m-2026-01.csv
futures/um/monthly/klines/monusdt/1m/MONUSDT-1m-2026-02.csv
futures/um/monthly/klines/monusdt/1m/MONUSDT-1m-2026-03.csv
futures/um/monthly/klines/monusdt/1m/MONUSDT-1m-2026-04.csv
futures/um/monthly/klines/monusdt/1m/MONUSDT-1m-2026-05.csv
futures/um/monthly/klines/monusdt/1m/MONUSDT-1m-2026-06.csv
futures/um/monthly/klines/monusdt/1m/MONUSDT-1m-2026-07.csv
futures/um/monthly/klines/monusdt/1m/MONUSDT-1m-2026-08.csv
futures/um/monthly/klines/moodengusdt/1m/MOODENGUSDT-1m-2024-10.csv
futures/um/monthly/klines/moodengusdt/1m/MOODENGUSDT-1m-2024-11.csv
futures/um/monthly/klines/moodengusdt/1m/MOODENGUSDT-1m-2024-12.csv
futures/um/monthly/klines/moodengusdt/1m/MOODENGUSDT-1m-2025-01.csv
futures/um/monthly/klines/moodengusdt/1m/MOODENGUSDT-1m-2025-02.csv
futures/um/monthly/klines/moodengusdt/1m/MOODENGUSDT-1m-2025-03.csv
futures/um/monthly/klines/moodengusdt/1m/MOODENGUSDT-1m-2025-04.csv
futures/um/monthly/klines/moodengusdt/1m/MOODENGUSDT-1m-2025-05.csv
futures/um/monthly/klines/moodengusdt/1m/MOODENGUSDT-1m-2025-06.csv
futures/um/monthly/klines/moodengusdt/1m/MOODENGUSDT-1m-2025-07.csv
futures/um/monthly/klines/moodengusdt/1m/MOODENGUSDT-1m-2025-08.csv
futures/um/monthly/klines/moodengusdt/1m/MOODENGUSDT-1m-2025-09.csv
futures/um/monthly/klines/moodengusdt/1m/MOODENGUSDT-1m-2025-10.csv
futures/um/monthly/klines/moodengusdt/1m/MOODENGUSDT-1m-2025-11.csv
futures/um/monthly/klines/moodengusdt/1m/MOODENGUSDT-1m-2025-12.csv
futures/um/monthly/klines/moodengusdt/1m/MOODENGUSDT-1m-2026-01.csv
futures/um/monthly/klines/moodengusdt/1m/MOODENGUSDT-1m-2026-02.csv
futures/um/monthly/klines/moodengusdt/1m/MOODENGUSDT-1m-2026-03.csv
futures/um/monthly/klines/moodengusdt/1m/MOODENGUSDT-1m-2026-04.csv
futures/um/monthly/klines/moodengusdt/1m/MOODENGUSDT-1m-2026-05.csv
futures/um/monthly/klines/moodengusdt/1m/MOODENGUSDT-1m-2026-06.csv
futures/um/monthly/klines/moodengusdt/1m/MOODENGUSDT-1m-2026-07.csv
futures/um/monthly/klines/moodengusdt/1m/MOODENGUSDT-1m-2026-08.csv
futures/um/monthly/klines/morphousdt/1m/MORPHOUSDT-1m-2024-11.csv
futures/um/monthly/klines/morphousdt/1m/MORPHOUSDT-1m-2024-12.csv
futures/um/monthly/klines/morphousdt/1m/MORPHOUSDT-1m-2025-01.csv
futures/um/monthly/klines/morphousdt/1m/MORPHOUSDT-1m-2025-02.csv
futures/um/monthly/klines/morphousdt/1m/MORPHOUSDT-1m-2025-03.csv
futures/um/monthly/klines/morphousdt/1m/MORPHOUSDT-1m-2025-04.csv
futures/um/monthly/klines/morphousdt/1m/MORPHOUSDT-1m-2025-05.csv
futures/um/monthly/klines/morphousdt/1m/MORPHOUSDT-1m-2025-06.csv
futures/um/monthly/klines/morphousdt/1m/MORPHOUSDT-1m-2025-07.csv
futures/um/monthly/klines/morphousdt/1m/MORPHOUSDT-1m-2025-08.csv
futures/um/monthly/klines/morphousdt/1m/MORPHOUSDT-1m-2025-09.csv
futures/um/monthly/klines/morphousdt/1m/MORPHOUSDT-1m-2025-10.csv
futures/um/monthly/klines/morphousdt/1m/MORPHOUSDT-1m-2025-11.csv
futures/um/monthly/klines/morphousdt/1m/MORPHOUSDT-1m-2025-12.csv
futures/um/monthly/klines/morphousdt/1m/MORPHOUSDT-1m-2026-01.csv
futures/um/monthly/klines/morphousdt/1m/MORPHOUSDT-1m-2026-02.csv
futures/um/monthly/klines/morphousdt/1m/MORPHOUSDT-1m-2026-03.csv
futures/um/monthly/klines/morphousdt/1m/MORPHOUSDT-1m-2026-04.csv
futures/um/monthly/klines/morphousdt/1m/MORPHOUSDT-1m-2026-05.csv
futures/um/monthly/klines/morphousdt/1m/MORPHOUSDT-1m-2026-06.csv
futures/um/monthly/klines/morphousdt/1m/MORPHOUSDT-1m-2026-07.csv
futures/um/monthly/klines/morphousdt/1m/MORPHOUSDT-1m-2026-08.csv
futures/um/monthly/klines/moveusdt/1m/MOVEUSDT-1m-2024-12.csv
futures/um/monthly/klines/moveusdt/1m/MOVEUSDT-1m-2025-01.csv
futures/um/monthly/klines/moveusdt/1m/MOVEUSDT-1m-2025-02.csv
futures/um/monthly/klines/moveusdt/1m/MOVEUSDT-1m-2025-03.csv
futures/um/monthly/klines/moveusdt/1m/MOVEUSDT-1m-2025-04.csv
futures/um/monthly/klines/moveusdt/1m/MOVEUSDT-1m-2025-05.csv
futures/um/monthly/klines/moveusdt/1m/MOVEUSDT-1m-2025-06.csv
futures/um/monthly/klines/moveusdt/1m/MOVEUSDT-1m-2025-07.csv
futures/um/monthly/klines/moveusdt/1m/MOVEUSDT-1m-2025-08.csv
futures/um/monthly/klines/moveusdt/1m/MOVEUSDT-1m-2025-09.csv
futures/um/monthly/klines/moveusdt/1m/MOVEUSDT-1m-2025-10.csv
futures/um/monthly/klines/moveusdt/1m/MOVEUSDT-1m-2025-11.csv
futures/um/monthly/klines/moveusdt/1m/MOVEUSDT-1m-2025-12.csv
futures/um/monthly/klines/moveusdt/1m/MOVEUSDT-1m-2026-01.csv
futures/um/monthly/klines/moveusdt/1m/MOVEUSDT-1m-2026-02.csv
futures/um/monthly/klines/moveusdt/1m/MOVEUSDT-1m-2026-03.csv
futures/um/monthly/klines/moveusdt/1m/MOVEUSDT-1m-2026-04.csv
futures/um/monthly/klines/moveusdt/1m/MOVEUSDT-1m-2026-05.csv
futures/um/monthly/klines/moveusdt/1m/MOVEUSDT-1m-2026-06.csv
futures/um/monthly/klines/moveusdt/1m/MOVEUSDT-1m-2026-07.csv
futures/um/monthly/klines/moveusdt/1m/MOVEUSDT-1m-2026-08.csv
futures/um/monthly/klines/movrusdt/1m/MOVRUSDT-1m-2023-12.csv
futures/um/monthly/klines/movrusdt/1m/MOVRUSDT-1m-2024-01.csv
futures/um/monthly/klines/movrusdt/1m/MOVRUSDT-1m-2024-02.csv
futures/um/monthly/klines/movrusdt/1m/MOVRUSDT-1m-2024-03.csv
futures/um/monthly/klines/movrusdt/1m/MOVRUSDT-1m-2024-04.csv
futures/um/monthly/klines/movrusdt/1m/MOVRUSDT-1m-2024-05.csv
futures/um/monthly/klines/movrusdt/1m/MOVRUSDT-1m-2024-06.csv
futures/um/monthly/klines/movrusdt/1m/MOVRUSDT-1m-2024-07.csv
futures/um/monthly/klines/movrusdt/1m/MOVRUSDT-1m-2024-08.csv
futures/um/monthly/klines/movrusdt/1m/MOVRUSDT-1m-2024-09.csv
futures/um/monthly/klines/movrusdt/1m/MOVRUSDT-1m-2024-10.csv
futures/um/monthly/klines/movrusdt/1m/MOVRUSDT-1m-2024-11.csv
futures/um/monthly/klines/movrusdt/1m/MOVRUSDT-1m-2024-12.csv
futures/um/monthly/klines/movrusdt/1m/MOVRUSDT-1m-2025-01.csv
futures/um/monthly/klines/movrusdt/1m/MOVRUSDT-1m-2025-02.csv
futures/um/monthly/klines/movrusdt/1m/MOVRUSDT-1m-2025-03.csv
futures/um/monthly/klines/movrusdt/1m/MOVRUSDT-1m-2025-04.csv
futures/um/monthly/klines/movrusdt/1m/MOVRUSDT-1m-2025-05.csv
futures/um/monthly/klines/movrusdt/1m/MOVRUSDT-1m-2025-06.csv
futures/um/monthly/klines/movrusdt/1m/MOVRUSDT-1m-2025-07.csv
futures/um/monthly/klines/movrusdt/1m/MOVRUSDT-1m-2025-08.csv
futures/um/monthly/klines/movrusdt/1m/MOVRUSDT-1m-2025-09.csv
futures/um/monthly/klines/movrusdt/1m/MOVRUSDT-1m-2025-10.csv
futures/um/monthly/klines/movrusdt/1m/MOVRUSDT-1m-2025-11.csv
futures/um/monthly/klines/movrusdt/1m/MOVRUSDT-1m-2025-12.csv
futures/um/monthly/klines/movrusdt/1m/MOVRUSDT-1m-2026-01.csv
futures/um/monthly/klines/movrusdt/1m/MOVRUSDT-1m-2026-02.csv
futures/um/monthly/klines/movrusdt/1m/MOVRUSDT-1m-2026-03.csv
futures/um/monthly/klines/movrusdt/1m/MOVRUSDT-1m-2026-04.csv
futures/um/monthly/klines/movrusdt/1m/MOVRUSDT-1m-2026-05.csv
futures/um/monthly/klines/movrusdt/1m/MOVRUSDT-1m-2026-06.csv
futures/um/monthly/klines/movrusdt/1m/MOVRUSDT-1m-2026-07.csv
futures/um/monthly/klines/movrusdt/1m/MOVRUSDT-1m-2026-08.csv
futures/um/monthly/klines/mtlusdt/1m/MTLUSDT-1m-2021-03.csv
futures/um/monthly/klines/mtlusdt/1m/MTLUSDT-1m-2021-04.csv
futures/um/monthly/klines/mtlusdt/1m/MTLUSDT-1m-2021-05.csv
futures/um/monthly/klines/mtlusdt/1m/MTLUSDT-1m-2021-06.csv
futures/um/monthly/klines/mtlusdt/1m/MTLUSDT-1m-2021-07.csv
futures/um/monthly/klines/mtlusdt/1m/MTLUSDT-1m-2021-08.csv
futures/um/monthly/klines/mtlusdt/1m/MTLUSDT-1m-2021-09.csv
futures/um/monthly/klines/mtlusdt/1m/MTLUSDT-1m-2021-10.csv
futures/um/monthly/klines/mtlusdt/1m/MTLUSDT-1m-2021-11.csv
futures/um/monthly/klines/mtlusdt/1m/MTLUSDT-1m-2021-12.csv
futures/um/monthly/klines/mtlusdt/1m/MTLUSDT-1m-2022-01.csv
futures/um/monthly/klines/mtlusdt/1m/MTLUSDT-1m-2022-02.csv
futures/um/monthly/klines/mtlusdt/1m/MTLUSDT-1m-2022-03.csv
futures/um/monthly/klines/mtlusdt/1m/MTLUSDT-1m-2022-04.csv
futures/um/monthly/klines/mtlusdt/1m/MTLUSDT-1m-2022-05.csv
futures/um/monthly/klines/mtlusdt/1m/MTLUSDT-1m-2022-06.csv
futures/um/monthly/klines/mtlusdt/1m/MTLUSDT-1m-2022-07.csv
futures/um/monthly/klines/mtlusdt/1m/MTLUSDT-1m-2022-08.csv
futures/um/monthly/klines/mtlusdt/1m/MTLUSDT-1m-2022-09.csv
futures/um/monthly/klines/mtlusdt/1m/MTLUSDT-1m-2022-10.csv
futures/um/monthly/klines/mtlusdt/1m/MTLUSDT-1m-2022-11.csv
futures/um/monthly/klines/mtlusdt/1m/MTLUSDT-1m-2022-12.csv
futures/um/monthly/klines/mtlusdt/1m/MTLUSDT-1m-2023-01.csv
futures/um/monthly/klines/mtlusdt/1m/MTLUSDT-1m-2023-02.csv
futures/um/monthly/klines/mtlusdt/1m/MTLUSDT-1m-2023-03.csv
futures/um/monthly/klines/mtlusdt/1m/MTLUSDT-1m-2023-04.csv
futures/um/monthly/klines/mtlusdt/1m/MTLUSDT-1m-2023-05.csv
futures/um/monthly/klines/mtlusdt/1m/MTLUSDT-1m-2023-06.csv
futures/um/monthly/klines/mtlusdt/1m/MTLUSDT-1m-2023-07.csv
futures/um/monthly/klines/mtlusdt/1m/MTLUSDT-1m-2023-08.csv
futures/um/monthly/klines/mtlusdt/1m/MTLUSDT-1m-2023-09.csv
futures/um/monthly/klines/mtlusdt/1m/MTLUSDT-1m-2023-10.csv
futures/um/monthly/klines/mtlusdt/1m/MTLUSDT-1m-2023-11.csv
futures/um/monthly/klines/mtlusdt/1m/MTLUSDT-1m-2023-12.csv
futures/um/monthly/klines/mtlusdt/1m/MTLUSDT-1m-2024-01.csv
futures/um/monthly/klines/mtlusdt/1m/MTLUSDT-1m-2024-02.csv
futures/um/monthly/klines/mtlusdt/1m/MTLUSDT-1m-2024-03.csv
futures/um/monthly/klines/mtlusdt/1m/MTLUSDT-1m-2024-04.csv
futures/um/monthly/klines/mtlusdt/1m/MTLUSDT-1m-2024-05.csv
futures/um/monthly/klines/mtlusdt/1m/MTLUSDT-1m-2024-06.csv
futures/um/monthly/klines/mtlusdt/1m/MTLUSDT-1m-2024-07.csv
futures/um/monthly/klines/mtlusdt/1m/MTLUSDT-1m-2024-08.csv
futures/um/monthly/klines/mtlusdt/1m/MTLUSDT-1m-2024-09.csv
futures/um/monthly/klines/mtlusdt/1m/MTLUSDT-1m-2024-10.csv
futures/um/monthly/klines/mtlusdt/1m/MTLUSDT-1m-2024-11.csv
futures/um/monthly/klines/mtlusdt/1m/MTLUSDT-1m-2024-12.csv
futures/um/monthly/klines/mtlusdt/1m/MTLUSDT-1m-2025-01.csv
futures/um/monthly/klines/mtlusdt/1m/MTLUSDT-1m-2025-02.csv
futures/um/monthly/klines/mtlusdt/1m/MTLUSDT-1m-2025-03.csv
futures/um/monthly/klines/mtlusdt/1m/MTLUSDT-1m-2025-04.csv
futures/um/monthly/klines/mtlusdt/1m/MTLUSDT-1m-2025-05.csv
futures/um/monthly/klines/mtlusdt/1m/MTLUSDT-1m-2025-06.csv
futures/um/monthly/klines/mtlusdt/1m/MTLUSDT-1m-2025-07.csv
futures/um/monthly/klines/mtlusdt/1m/MTLUSDT-1m-2025-08.csv
futures/um/monthly/klines/mtlusdt/1m/MTLUSDT-1m-2025-09.csv
futures/um/monthly/klines/mtlusdt/1m/MTLUSDT-1m-2025-10.csv
futures/um/monthly/klines/mtlusdt/1m/MTLUSDT-1m-2025-11.csv
futures/um/monthly/klines/mtlusdt/1m/MTLUSDT-1m-2025-12.csv
futures/um/monthly/klines/mtlusdt/1m/MTLUSDT-1m-2026-01.csv
futures/um/monthly/klines/mtlusdt/1m/MTLUSDT-1m-2026-02.csv
futures/um/monthly/klines/mtlusdt/1m/MTLUSDT-1m-2026-03.csv
futures/um/monthly/klines/mtlusdt/1m/MTLUSDT-1m-2026-04.csv
futures/um/monthly/klines/mtlusdt/1m/MTLUSDT-1m-2026-05.csv
futures/um/monthly/klines/mtlusdt/1m/MTLUSDT-1m-2026-06.csv
futures/um/monthly/klines/mtlusdt/1m/MTLUSDT-1m-2026-07.csv
futures/um/monthly/klines/mtlusdt/1m/MTLUSDT-1m-2026-08.csv
futures/um/monthly/klines/mubarakusdt/1m/MUBARAKUSDT-1m-2025-03.csv
futures/um/monthly/klines/mubarakusdt/1m/MUBARAKUSDT-1m-2025-04.csv
futures/um/monthly/klines/mubarakusdt/1m/MUBARAKUSDT-1m-2025-05.csv
futures/um/monthly/klines/mubarakusdt/1m/MUBARAKUSDT-1m-2025-06.csv
futures/um/monthly/klines/mubarakusdt/1m/MUBARAKUSDT-1m-2025-07.csv
futures/um/monthly/klines/mubarakusdt/1m/MUBARAKUSDT-1m-2025-08.csv
futures/um/monthly/klines/mubarakusdt/1m/MUBARAKUSDT-1m-2025-09.csv
futures/um/monthly/klines/mubarakusdt/1m/MUBARAKUSDT-1m-2025-10.csv
futures/um/monthly/klines/mubarakusdt/1m/MUBARAKUSDT-1m-2025-11.csv
futures/um/monthly/klines/mubarakusdt/1m/MUBARAKUSDT-1m-2025-12.csv
futures/um/monthly/klines/mubarakusdt/1m/MUBARAKUSDT-1m-2026-01.csv
futures/um/monthly/klines/mubarakusdt/1m/MUBARAKUSDT-1m-2026-02.csv
futures/um/monthly/klines/mubarakusdt/1m/MUBARAKUSDT-1m-2026-03.csv
futures/um/monthly/klines/mubarakusdt/1m/MUBARAKUSDT-1m-2026-04.csv
futures/um/monthly/klines/mubarakusdt/1m/MUBARAKUSDT-1m-2026-05.csv
futures/um/monthly/klines/mubarakusdt/1m/MUBARAKUSDT-1m-2026-06.csv
futures/um/monthly/klines/mubarakusdt/1m/MUBARAKUSDT-1m-2026-07.csv
futures/um/monthly/klines/mubarakusdt/1m/MUBARAKUSDT-1m-2026-08.csv
futures/um/monthly/klines/musdt/1m/MUSDT-1m-2025-07.csv
futures/um/monthly/klines/musdt/1m/MUSDT-1m-2025-08.csv
futures/um/monthly/klines/musdt/1m/MUSDT-1m-2025-09.csv
futures/um/monthly/klines/musdt/1m/MUSDT-1m-2025-10.csv
futures/um/monthly/klines/musdt/1m/MUSDT-1m-2025-11.csv
futures/um/monthly/klines/musdt/1m/MUSDT-1m-2025-12.csv
futures/um/monthly/klines/musdt/1m/MUSDT-1m-2026-01.csv
futures/um/monthly/klines/musdt/1m/MUSDT-1m-2026-02.csv
futures/um/monthly/klines/musdt/1m/MUSDT-1m-2026-03.csv
futures/um/monthly/klines/musdt/1m/MUSDT-1m-2026-04.csv
futures/um/monthly/klines/musdt/1m/MUSDT-1m-2026-05.csv
futures/um/monthly/klines/musdt/1m/MUSDT-1m-2026-06.csv
futures/um/monthly/klines/musdt/1m/MUSDT-1m-2026-07.csv
futures/um/monthly/klines/musdt/1m/MUSDT-1m-2026-08.csv
futures/um/monthly/klines/myxusdt/1m/MYXUSDT-1m-2025-06.csv
futures/um/monthly/klines/myxusdt/1m/MYXUSDT-1m-2025-07.csv
futures/um/monthly/klines/myxusdt/1m/MYXUSDT-1m-2025-08.csv
futures/um/monthly/klines/myxusdt/1m/MYXUSDT-1m-2025-09.csv
futures/um/monthly/klines/myxusdt/1m/MYXUSDT-1m-2025-10.csv
futures/um/monthly/klines/myxusdt/1m/MYXUSDT-1m-2025-11.csv
futures/um/monthly/klines/myxusdt/1m/MYXUSDT-1m-2025-12.csv
futures/um/monthly/klines/myxusdt/1m/MYXUSDT-1m-2026-01.csv
futures/um/monthly/klines/myxusdt/1m/MYXUSDT-1m-2026-02.csv
futures/um/monthly/klines/myxusdt/1m/MYXUSDT-1m-2026-03.csv
futures/um/monthly/klines/myxusdt/1m/MYXUSDT-1m-2026-04.csv
futures/um/monthly/klines/myxusdt/1m/MYXUSDT-1m-2026-05.csv
futures/um/monthly/klines/myxusdt/1m/MYXUSDT-1m-2026-06.csv
futures/um/monthly/klines/myxusdt/1m/MYXUSDT-1m-2026-07.csv
futures/um/monthly/klines/myxusdt/1m/MYXUSDT-1m-2026-08.csv
futures/um/monthly/klines/naorisusdt/1m/NAORISUSDT-1m-2025-07.csv
futures/um/monthly/klines/naorisusdt/1m/NAORISUSDT-1m-2025-08.csv
futures/um/monthly/klines/naorisusdt/1m/NAORISUSDT-1m-2025-09.csv
futures/um/monthly/klines/naorisusdt/1m/NAORISUSDT-1m-2025-10.csv
futures/um/monthly/klines/naorisusdt/1m/NAORISUSDT-1m-2025-11.csv
futures/um/monthly/klines/naorisusdt/1m/NAORISUSDT-1m-2025-12.csv
futures/um/monthly/klines/naorisusdt/1m/NAORISUSDT-1m-2026-01.csv
futures/um/monthly/klines/naorisusdt/1m/NAORISUSDT-1m-2026-02.csv
futures/um/monthly/klines/naorisusdt/1m/NAORISUSDT-1m-2026-03.csv
futures/um/monthly/klines/naorisusdt/1m/NAORISUSDT-1m-2026-04.csv
futures/um/monthly/klines/naorisusdt/1m/NAORISUSDT-1m-2026-05.csv
futures/um/monthly/klines/naorisusdt/1m/NAORISUSDT-1m-2026-06.csv
futures/um/monthly/klines/naorisusdt/1m/NAORISUSDT-1m-2026-07.csv
futures/um/monthly/klines/naorisusdt/1m/NAORISUSDT-1m-2026-08.csv
futures/um/monthly/klines/nearusdt/1m/NEARUSDT-1m-2020-10.csv
futures/um/monthly/klines/nearusdt/1m/NEARUSDT-1m-2020-11.csv
futures/um/monthly/klines/nearusdt/1m/NEARUSDT-1m-2020-12.csv
futures/um/monthly/klines/nearusdt/1m/NEARUSDT-1m-2021-01.csv
futures/um/monthly/klines/nearusdt/1m/NEARUSDT-1m-2021-02.csv
futures/um/monthly/klines/nearusdt/1m/NEARUSDT-1m-2021-03.csv
futures/um/monthly/klines/nearusdt/1m/NEARUSDT-1m-2021-04.csv
futures/um/monthly/klines/nearusdt/1m/NEARUSDT-1m-2021-05.csv
futures/um/monthly/klines/nearusdt/1m/NEARUSDT-1m-2021-06.csv
futures/um/monthly/klines/nearusdt/1m/NEARUSDT-1m-2021-07.csv
futures/um/monthly/klines/nearusdt/1m/NEARUSDT-1m-2021-08.csv
futures/um/monthly/klines/nearusdt/1m/NEARUSDT-1m-2021-09.csv
futures/um/monthly/klines/nearusdt/1m/NEARUSDT-1m-2021-10.csv
futures/um/monthly/klines/nearusdt/1m/NEARUSDT-1m-2021-11.csv
futures/um/monthly/klines/nearusdt/1m/NEARUSDT-1m-2021-12.csv
futures/um/monthly/klines/nearusdt/1m/NEARUSDT-1m-2022-01.csv
futures/um/monthly/klines/nearusdt/1m/NEARUSDT-1m-2022-02.csv
futures/um/monthly/klines/nearusdt/1m/NEARUSDT-1m-2022-03.csv
futures/um/monthly/klines/nearusdt/1m/NEARUSDT-1m-2022-04.csv
futures/um/monthly/klines/nearusdt/1m/NEARUSDT-1m-2022-05.csv
futures/um/monthly/klines/nearusdt/1m/NEARUSDT-1m-2022-06.csv
futures/um/monthly/klines/nearusdt/1m/NEARUSDT-1m-2022-07.csv
futures/um/monthly/klines/nearusdt/1m/NEARUSDT-1m-2022-08.csv
futures/um/monthly/klines/nearusdt/1m/NEARUSDT-1m-2022-09.csv
futures/um/monthly/klines/nearusdt/1m/NEARUSDT-1m-2022-10.csv
futures/um/monthly/klines/nearusdt/1m/NEARUSDT-1m-2022-11.csv
futures/um/monthly/klines/nearusdt/1m/NEARUSDT-1m-2022-12.csv
futures/um/monthly/klines/nearusdt/1m/NEARUSDT-1m-2023-01.csv
futures/um/monthly/klines/nearusdt/1m/NEARUSDT-1m-2023-02.csv
futures/um/monthly/klines/nearusdt/1m/NEARUSDT-1m-2023-03.csv
futures/um/monthly/klines/nearusdt/1m/NEARUSDT-1m-2023-04.csv
futures/um/monthly/klines/nearusdt/1m/NEARUSDT-1m-2023-05.csv
futures/um/monthly/klines/nearusdt/1m/NEARUSDT-1m-2023-06.csv
futures/um/monthly/klines/nearusdt/1m/NEARUSDT-1m-2023-07.csv
futures/um/monthly/klines/nearusdt/1m/NEARUSDT-1m-2023-08.csv
futures/um/monthly/klines/nearusdt/1m/NEARUSDT-1m-2023-09.csv
futures/um/monthly/klines/nearusdt/1m/NEARUSDT-1m-2023-10.csv
futures/um/monthly/klines/nearusdt/1m/NEARUSDT-1m-2023-11.csv
futures/um/monthly/klines/nearusdt/1m/NEARUSDT-1m-2023-12.csv
futures/um/monthly/klines/nearusdt/1m/NEARUSDT-1m-2024-01.csv
futures/um/monthly/klines/nearusdt/1m/NEARUSDT-1m-2024-02.csv
futures/um/monthly/klines/nearusdt/1m/NEARUSDT-1m-2024-03.csv
futures/um/monthly/klines/nearusdt/1m/NEARUSDT-1m-2024-04.csv
futures/um/monthly/klines/nearusdt/1m/NEARUSDT-1m-2024-05.csv
futures/um/monthly/klines/nearusdt/1m/NEARUSDT-1m-2024-06.csv
futures/um/monthly/klines/nearusdt/1m/NEARUSDT-1m-2024-07.csv
futures/um/monthly/klines/nearusdt/1m/NEARUSDT-1m-2024-08.csv
futures/um/monthly/klines/nearusdt/1m/NEARUSDT-1m-2024-09.csv
futures/um/monthly/klines/nearusdt/1m/NEARUSDT-1m-2024-10.csv
futures/um/monthly/klines/nearusdt/1m/NEARUSDT-1m-2024-11.csv
futures/um/monthly/klines/nearusdt/1m/NEARUSDT-1m-2024-12.csv
futures/um/monthly/klines/nearusdt/1m/NEARUSDT-1m-2025-01.csv
futures/um/monthly/klines/nearusdt/1m/NEARUSDT-1m-2025-02.csv
futures/um/monthly/klines/nearusdt/1m/NEARUSDT-1m-2025-03.csv
futures/um/monthly/klines/nearusdt/1m/NEARUSDT-1m-2025-04.csv
futures/um/monthly/klines/nearusdt/1m/NEARUSDT-1m-2025-05.csv
futures/um/monthly/klines/nearusdt/1m/NEARUSDT-1m-2025-06.csv
futures/um/monthly/klines/nearusdt/1m/NEARUSDT-1m-2025-07.csv
futures/um/monthly/klines/nearusdt/1m/NEARUSDT-1m-2025-08.csv
futures/um/monthly/klines/nearusdt/1m/NEARUSDT-1m-2025-09.csv
futures/um/monthly/klines/nearusdt/1m/NEARUSDT-1m-2025-10.csv
futures/um/monthly/klines/nearusdt/1m/NEARUSDT-1m-2025-11.csv
futures/um/monthly/klines/nearusdt/1m/NEARUSDT-1m-2025-12.csv
futures/um/monthly/klines/nearusdt/1m/NEARUSDT-1m-2026-01.csv
futures/um/monthly/klines/nearusdt/1m/NEARUSDT-1m-2026-02.csv
futures/um/monthly/klines/nearusdt/1m/NEARUSDT-1m-2026-03.csv
futures/um/monthly/klines/nearusdt/1m/NEARUSDT-1m-2026-04.csv
futures/um/monthly/klines/nearusdt/1m/NEARUSDT-1m-2026-05.csv
futures/um/monthly/klines/nearusdt/1m/NEARUSDT-1m-2026-06.csv
futures/um/monthly/klines/nearusdt/1m/NEARUSDT-1m-2026-07.csv
futures/um/monthly/klines/nearusdt/1m/NEARUSDT-1m-2026-08.csv
futures/um/monthly/klines/neirousdt/1m/NEIROUSDT-1m-2024-09.csv
futures/um/monthly/klines/neirousdt/1m/NEIROUSDT-1m-2024-10.csv
futures/um/monthly/klines/neirousdt/1m/NEIROUSDT-1m-2024-11.csv
futures/um/monthly/klines/neirousdt/1m/NEIROUSDT-1m-2024-12.csv
futures/um/monthly/klines/neirousdt/1m/NEIROUSDT-1m-2025-01.csv
futures/um/monthly/klines/neirousdt/1m/NEIROUSDT-1m-2025-02.csv
futures/um/monthly/klines/neirousdt/1m/NEIROUSDT-1m-2025-03.csv
futures/um/monthly/klines/neirousdt/1m/NEIROUSDT-1m-2025-04.csv
futures/um/monthly/klines/neirousdt/1m/NEIROUSDT-1m-2025-05.csv
futures/um/monthly/klines/neirousdt/1m/NEIROUSDT-1m-2025-06.csv
futures/um/monthly/klines/neirousdt/1m/NEIROUSDT-1m-2025-07.csv
futures/um/monthly/klines/neirousdt/1m/NEIROUSDT-1m-2025-08.csv
futures/um/monthly/klines/neirousdt/1m/NEIROUSDT-1m-2025-09.csv
futures/um/monthly/klines/neirousdt/1m/NEIROUSDT-1m-2025-10.csv
futures/um/monthly/klines/neirousdt/1m/NEIROUSDT-1m-2025-11.csv
futures/um/monthly/klines/neirousdt/1m/NEIROUSDT-1m-2025-12.csv
futures/um/monthly/klines/neirousdt/1m/NEIROUSDT-1m-2026-01.csv
futures/um/monthly/klines/neirousdt/1m/NEIROUSDT-1m-2026-02.csv
futures/um/monthly/klines/neirousdt/1m/NEIROUSDT-1m-2026-03.csv
futures/um/monthly/klines/neirousdt/1m/NEIROUSDT-1m-2026-04.csv
futures/um/monthly/klines/neirousdt/1m/NEIROUSDT-1m-2026-05.csv
futures/um/monthly/klines/neirousdt/1m/NEIROUSDT-1m-2026-06.csv
futures/um/monthly/klines/neirousdt/1m/NEIROUSDT-1m-2026-07.csv
futures/um/monthly/klines/neirousdt/1m/NEIROUSDT-1m-2026-08.csv
futures/um/monthly/klines/neousdt/1m/NEOUSDT-1m-2020-02.csv
futures/um/monthly/klines/neousdt/1m/NEOUSDT-1m-2020-03.csv
futures/um/monthly/klines/neousdt/1m/NEOUSDT-1m-2020-04.csv
futures/um/monthly/klines/neousdt/1m/NEOUSDT-1m-2020-05.csv
futures/um/monthly/klines/neousdt/1m/NEOUSDT-1m-2020-06.csv
futures/um/monthly/klines/neousdt/1m/NEOUSDT-1m-2020-07.csv
futures/um/monthly/klines/neousdt/1m/NEOUSDT-1m-2020-08.csv
futures/um/monthly/klines/neousdt/1m/NEOUSDT-1m-2020-09.csv
futures/um/monthly/klines/neousdt/1m/NEOUSDT-1m-2020-10.csv
futures/um/monthly/klines/neousdt/1m/NEOUSDT-1m-2020-11.csv
futures/um/monthly/klines/neousdt/1m/NEOUSDT-1m-2020-12.csv
futures/um/monthly/klines/neousdt/1m/NEOUSDT-1m-2021-01.csv
futures/um/monthly/klines/neousdt/1m/NEOUSDT-1m-2021-02.csv
futures/um/monthly/klines/neousdt/1m/NEOUSDT-1m-2021-03.csv
futures/um/monthly/klines/neousdt/1m/NEOUSDT-1m-2021-04.csv
futures/um/monthly/klines/neousdt/1m/NEOUSDT-1m-2021-05.csv
futures/um/monthly/klines/neousdt/1m/NEOUSDT-1m-2021-06.csv
futures/um/monthly/klines/neousdt/1m/NEOUSDT-1m-2021-07.csv
futures/um/monthly/klines/neousdt/1m/NEOUSDT-1m-2021-08.csv
futures/um/monthly/klines/neousdt/1m/NEOUSDT-1m-2021-09.csv
futures/um/monthly/klines/neousdt/1m/NEOUSDT-1m-2021-10.csv
futures/um/monthly/klines/neousdt/1m/NEOUSDT-1m-2021-11.csv
futures/um/monthly/klines/neousdt/1m/NEOUSDT-1m-2021-12.csv
futures/um/monthly/klines/neousdt/1m/NEOUSDT-1m-2022-01.csv
futures/um/monthly/klines/neousdt/1m/NEOUSDT-1m-2022-02.csv
futures/um/monthly/klines/neousdt/1m/NEOUSDT-1m-2022-03.csv
futures/um/monthly/klines/neousdt/1m/NEOUSDT-1m-2022-04.csv
futures/um/monthly/klines/neousdt/1m/NEOUSDT-1m-2022-05.csv
futures/um/monthly/klines/neousdt/1m/NEOUSDT-1m-2022-06.csv
futures/um/monthly/klines/neousdt/1m/NEOUSDT-1m-2022-07.csv
futures/um/monthly/klines/neousdt/1m/NEOUSDT-1m-2022-08.csv
futures/um/monthly/klines/neousdt/1m/NEOUSDT-1m-2022-09.csv
futures/um/monthly/klines/neousdt/1m/NEOUSDT-1m-2022-10.csv
futures/um/monthly/klines/neousdt/1m/NEOUSDT-1m-2022-11.csv
futures/um/monthly/klines/neousdt/1m/NEOUSDT-1m-2022-12.csv
futures/um/monthly/klines/neousdt/1m/NEOUSDT-1m-2023-01.csv
futures/um/monthly/klines/neousdt/1m/NEOUSDT-1m-2023-02.csv
futures/um/monthly/klines/neousdt/1m/NEOUSDT-1m-2023-03.csv
futures/um/monthly/klines/neousdt/1m/NEOUSDT-1m-2023-04.csv
futures/um/monthly/klines/neousdt/1m/NEOUSDT-1m-2023-05.csv
futures/um/monthly/klines/neousdt/1m/NEOUSDT-1m-2023-06.csv
futures/um/monthly/klines/neousdt/1m/NEOUSDT-1m-2023-07.csv
futures/um/monthly/klines/neousdt/1m/NEOUSDT-1m-2023-08.csv
futures/um/monthly/klines/neousdt/1m/NEOUSDT-1m-2023-09.csv
futures/um/monthly/klines/neousdt/1m/NEOUSDT-1m-2023-10.csv
futures/um/monthly/klines/neousdt/1m/NEOUSDT-1m-2023-11.csv
futures/um/monthly/klines/neousdt/1m/NEOUSDT-1m-2023-12.csv
futures/um/monthly/klines/neousdt/1m/NEOUSDT-1m-2024-01.csv
futures/um/monthly/klines/neousdt/1m/NEOUSDT-1m-2024-02.csv
futures/um/monthly/klines/neousdt/1m/NEOUSDT-1m-2024-03.csv
futures/um/monthly/klines/neousdt/1m/NEOUSDT-1m-2024-04.csv
futures/um/monthly/klines/neousdt/1m/NEOUSDT-1m-2024-05.csv
futures/um/monthly/klines/neousdt/1m/NEOUSDT-1m-2024-06.csv
futures/um/monthly/klines/neousdt/1m/NEOUSDT-1m-2024-07.csv
futures/um/monthly/klines/neousdt/1m/NEOUSDT-1m-2024-08.csv
futures/um/monthly/klines/neousdt/1m/NEOUSDT-1m-2024-09.csv
futures/um/monthly/klines/neousdt/1m/NEOUSDT-1m-2024-10.csv
futures/um/monthly/klines/neousdt/1m/NEOUSDT-1m-2024-11.csv
futures/um/monthly/klines/neousdt/1m/NEOUSDT-1m-2024-12.csv
futures/um/monthly/klines/neousdt/1m/NEOUSDT-1m-2025-01.csv
futures/um/monthly/klines/neousdt/1m/NEOUSDT-1m-2025-02.csv
futures/um/monthly/klines/neousdt/1m/NEOUSDT-1m-2025-03.csv
futures/um/monthly/klines/neousdt/1m/NEOUSDT-1m-2025-04.csv
futures/um/monthly/klines/neousdt/1m/NEOUSDT-1m-2025-05.csv
futures/um/monthly/klines/neousdt/1m/NEOUSDT-1m-2025-06.csv
futures/um/monthly/klines/neousdt/1m/NEOUSDT-1m-2025-07.csv
futures/um/monthly/klines/neousdt/1m/NEOUSDT-1m-2025-08.csv
futures/um/monthly/klines/neousdt/1m/NEOUSDT-1m-2025-09.csv
futures/um/monthly/klines/neousdt/1m/NEOUSDT-1m-2025-10.csv
futures/um/monthly/klines/neousdt/1m/NEOUSDT-1m-2025-11.csv
futures/um/monthly/klines/neousdt/1m/NEOUSDT-1m-2025-12.csv
futures/um/monthly/klines/neousdt/1m/NEOUSDT-1m-2026-01.csv
futures/um/monthly/klines/neousdt/1m/NEOUSDT-1m-2026-02.csv
futures/um/monthly/klines/neousdt/1m/NEOUSDT-1m-2026-03.csv
futures/um/monthly/klines/neousdt/1m/NEOUSDT-1m-2026-04.csv
futures/um/monthly/klines/neousdt/1m/NEOUSDT-1m-2026-05.csv
futures/um/monthly/klines/neousdt/1m/NEOUSDT-1m-2026-06.csv
futures/um/monthly/klines/neousdt/1m/NEOUSDT-1m-2026-07.csv
futures/um/monthly/klines/neousdt/1m/NEOUSDT-1m-2026-08.csv
futures/um/monthly/klines/newtusdt/1m/NEWTUSDT-1m-2025-06.csv
futures/um/monthly/klines/newtusdt/1m/NEWTUSDT-1m-2025-07.csv
futures/um/monthly/klines/newtusdt/1m/NEWTUSDT-1m-2025-08.csv
futures/um/monthly/klines/newtusdt/1m/NEWTUSDT-1m-2025-09.csv
futures/um/monthly/klines/newtusdt/1m/NEWTUSDT-1m-2025-10.csv
futures/um/monthly/klines/newtusdt/1m/NEWTUSDT-1m-2025-11.csv
futures/um/monthly/klines/newtusdt/1m/NEWTUSDT-1m-2025-12.csv
futures/um/monthly/klines/newtusdt/1m/NEWTUSDT-1m-2026-01.csv
futures/um/monthly/klines/newtusdt/1m/NEWTUSDT-1m-2026-02.csv
futures/um/monthly/klines/newtusdt/1m/NEWTUSDT-1m-2026-03.csv
futures/um/monthly/klines/newtusdt/1m/NEWTUSDT-1m-2026-04.csv
futures/um/monthly/klines/newtusdt/1m/NEWTUSDT-1m-2026-05.csv
futures/um/monthly/klines/newtusdt/1m/NEWTUSDT-1m-2026-06.csv
futures/um/monthly/klines/newtusdt/1m/NEWTUSDT-1m-2026-07.csv
futures/um/monthly/klines/newtusdt/1m/NEWTUSDT-1m-2026-08.csv
futures/um/monthly/klines/nightusdt/1m/NIGHTUSDT-1m-2025-12.csv
futures/um/monthly/klines/nightusdt/1m/NIGHTUSDT-1m-2026-01.csv
futures/um/monthly/klines/nightusdt/1m/NIGHTUSDT-1m-2026-02.csv
futures/um/monthly/klines/nightusdt/1m/NIGHTUSDT-1m-2026-03.csv
futures/um/monthly/klines/nightusdt/1m/NIGHTUSDT-1m-2026-04.csv
futures/um/monthly/klines/nightusdt/1m/NIGHTUSDT-1m-2026-05.csv
futures/um/monthly/klines/nightusdt/1m/NIGHTUSDT-1m-2026-06.csv
futures/um/monthly/klines/nightusdt/1m/NIGHTUSDT-1m-2026-07.csv
futures/um/monthly/klines/nightusdt/1m/NIGHTUSDT-1m-2026-08.csv
futures/um/monthly/klines/nilusdt/1m/NILUSDT-1m-2025-03.csv
futures/um/monthly/klines/nilusdt/1m/NILUSDT-1m-2025-04.csv
futures/um/monthly/klines/nilusdt/1m/NILUSDT-1m-2025-05.csv
futures/um/monthly/klines/nilusdt/1m/NILUSDT-1m-2025-06.csv
futures/um/monthly/klines/nilusdt/1m/NILUSDT-1m-2025-07.csv
futures/um/monthly/klines/nilusdt/1m/NILUSDT-1m-2025-08.csv
futures/um/monthly/klines/nilusdt/1m/NILUSDT-1m-2025-09.csv
futures/um/monthly/klines/nilusdt/1m/NILUSDT-1m-2025-10.csv
futures/um/monthly/klines/nilusdt/1m/NILUSDT-1m-2025-11.csv
futures/um/monthly/klines/nilusdt/1m/NILUSDT-1m-2025-12.csv
futures/um/monthly/klines/nilusdt/1m/NILUSDT-1m-2026-01.csv
futures/um/monthly/klines/nilusdt/1m/NILUSDT-1m-2026-02.csv
futures/um/monthly/klines/nilusdt/1m/NILUSDT-1m-2026-03.csv
futures/um/monthly/klines/nilusdt/1m/NILUSDT-1m-2026-04.csv
futures/um/monthly/klines/nilusdt/1m/NILUSDT-1m-2026-05.csv
futures/um/monthly/klines/nilusdt/1m/NILUSDT-1m-2026-06.csv
futures/um/monthly/klines/nilusdt/1m/NILUSDT-1m-2026-07.csv
futures/um/monthly/klines/nilusdt/1m/NILUSDT-1m-2026-08.csv
futures/um/monthly/klines/nmrusdt/1m/NMRUSDT-1m-2023-06.csv
futures/um/monthly/klines/nmrusdt/1m/NMRUSDT-1m-2023-07.csv
futures/um/monthly/klines/nmrusdt/1m/NMRUSDT-1m-2023-08.csv
futures/um/monthly/klines/nmrusdt/1m/NMRUSDT-1m-2023-09.csv
futures/um/monthly/klines/nmrusdt/1m/NMRUSDT-1m-2023-10.csv
futures/um/monthly/klines/nmrusdt/1m/NMRUSDT-1m-2023-11.csv
futures/um/monthly/klines/nmrusdt/1m/NMRUSDT-1m-2023-12.csv
futures/um/monthly/klines/nmrusdt/1m/NMRUSDT-1m-2024-01.csv
futures/um/monthly/klines/nmrusdt/1m/NMRUSDT-1m-2024-02.csv
futures/um/monthly/klines/nmrusdt/1m/NMRUSDT-1m-2024-03.csv
futures/um/monthly/klines/nmrusdt/1m/NMRUSDT-1m-2024-04.csv
futures/um/monthly/klines/nmrusdt/1m/NMRUSDT-1m-2024-05.csv
futures/um/monthly/klines/nmrusdt/1m/NMRUSDT-1m-2024-06.csv
futures/um/monthly/klines/nmrusdt/1m/NMRUSDT-1m-2024-07.csv
futures/um/monthly/klines/nmrusdt/1m/NMRUSDT-1m-2024-08.csv
futures/um/monthly/klines/nmrusdt/1m/NMRUSDT-1m-2024-09.csv
futures/um/monthly/klines/nmrusdt/1m/NMRUSDT-1m-2024-10.csv
futures/um/monthly/klines/nmrusdt/1m/NMRUSDT-1m-2024-11.csv
futures/um/monthly/klines/nmrusdt/1m/NMRUSDT-1m-2024-12.csv
futures/um/monthly/klines/nmrusdt/1m/NMRUSDT-1m-2025-01.csv
futures/um/monthly/klines/nmrusdt/1m/NMRUSDT-1m-2025-02.csv
futures/um/monthly/klines/nmrusdt/1m/NMRUSDT-1m-2025-03.csv
futures/um/monthly/klines/nmrusdt/1m/NMRUSDT-1m-2025-04.csv
futures/um/monthly/klines/nmrusdt/1m/NMRUSDT-1m-2025-05.csv
futures/um/monthly/klines/nmrusdt/1m/NMRUSDT-1m-2025-06.csv
futures/um/monthly/klines/nmrusdt/1m/NMRUSDT-1m-2025-07.csv
futures/um/monthly/klines/nmrusdt/1m/NMRUSDT-1m-2025-08.csv
futures/um/monthly/klines/nmrusdt/1m/NMRUSDT-1m-2025-09.csv
futures/um/monthly/klines/nmrusdt/1m/NMRUSDT-1m-2025-10.csv
futures/um/monthly/klines/nmrusdt/1m/NMRUSDT-1m-2025-11.csv
futures/um/monthly/klines/nmrusdt/1m/NMRUSDT-1m-2025-12.csv
futures/um/monthly/klines/nmrusdt/1m/NMRUSDT-1m-2026-01.csv
futures/um/monthly/klines/nmrusdt/1m/NMRUSDT-1m-2026-02.csv
futures/um/monthly/klines/nmrusdt/1m/NMRUSDT-1m-2026-03.csv
futures/um/monthly/klines/nmrusdt/1m/NMRUSDT-1m-2026-04.csv
futures/um/monthly/klines/nmrusdt/1m/NMRUSDT-1m-2026-05.csv
futures/um/monthly/klines/nmrusdt/1m/NMRUSDT-1m-2026-06.csv
futures/um/monthly/klines/nmrusdt/1m/NMRUSDT-1m-2026-07.csv
futures/um/monthly/klines/nmrusdt/1m/NMRUSDT-1m-2026-08.csv
futures/um/monthly/klines/nomusdt/1m/NOMUSDT-1m-2025-10.csv
futures/um/monthly/klines/nomusdt/1m/NOMUSDT-1m-2025-11.csv
futures/um/monthly/klines/nomusdt/1m/NOMUSDT-1m-2025-12.csv
futures/um/monthly/klines/nomusdt/1m/NOMUSDT-1m-2026-01.csv
futures/um/monthly/klines/nomusdt/1m/NOMUSDT-1m-2026-02.csv
futures/um/monthly/klines/nomusdt/1m/NOMUSDT-1m-2026-03.csv
futures/um/monthly/klines/nomusdt/1m/NOMUSDT-1m-2026-04.csv
futures/um/monthly/klines/nomusdt/1m/NOMUSDT-1m-2026-05.csv
futures/um/monthly/klines/nomusdt/1m/NOMUSDT-1m-2026-06.csv
futures/um/monthly/klines/nomusdt/1m/NOMUSDT-1m-2026-07.csv
futures/um/monthly/klines/nomusdt/1m/NOMUSDT-1m-2026-08.csv
futures/um/monthly/klines/notusdt/1m/NOTUSDT-1m-2024-05.csv
futures/um/monthly/klines/notusdt/1m/NOTUSDT-1m-2024-06.csv
futures/um/monthly/klines/notusdt/1m/NOTUSDT-1m-2024-07.csv
futures/um/monthly/klines/notusdt/1m/NOTUSDT-1m-2024-08.csv
futures/um/monthly/klines/notusdt/1m/NOTUSDT-1m-2024-09.csv
futures/um/monthly/klines/notusdt/1m/NOTUSDT-1m-2024-10.csv
futures/um/monthly/klines/notusdt/1m/NOTUSDT-1m-2024-11.csv
futures/um/monthly/klines/notusdt/1m/NOTUSDT-1m-2024-12.csv
futures/um/monthly/klines/notusdt/1m/NOTUSDT-1m-2025-01.csv
futures/um/monthly/klines/notusdt/1m/NOTUSDT-1m-2025-02.csv
futures/um/monthly/klines/notusdt/1m/NOTUSDT-1m-2025-03.csv
futures/um/monthly/klines/notusdt/1m/NOTUSDT-1m-2025-04.csv
futures/um/monthly/klines/notusdt/1m/NOTUSDT-1m-2025-05.csv
futures/um/monthly/klines/notusdt/1m/NOTUSDT-1m-2025-06.csv
futures/um/monthly/klines/notusdt/1m/NOTUSDT-1m-2025-07.csv
futures/um/monthly/klines/notusdt/1m/NOTUSDT-1m-2025-08.csv
futures/um/monthly/klines/notusdt/1m/NOTUSDT-1m-2025-09.csv
futures/um/monthly/klines/notusdt/1m/NOTUSDT-1m-2025-10.csv
futures/um/monthly/klines/notusdt/1m/NOTUSDT-1m-2025-11.csv
futures/um/monthly/klines/notusdt/1m/NOTUSDT-1m-2025-12.csv
futures/um/monthly/klines/notusdt/1m/NOTUSDT-1m-2026-01.csv
futures/um/monthly/klines/notusdt/1m/NOTUSDT-1m-2026-02.csv
futures/um/monthly/klines/notusdt/1m/NOTUSDT-1m-2026-03.csv
futures/um/monthly/klines/notusdt/1m/NOTUSDT-1m-2026-04.csv
futures/um/monthly/klines/notusdt/1m/NOTUSDT-1m-2026-05.csv
futures/um/monthly/klines/notusdt/1m/NOTUSDT-1m-2026-06.csv
futures/um/monthly/klines/notusdt/1m/NOTUSDT-1m-2026-07.csv
futures/um/monthly/klines/notusdt/1m/NOTUSDT-1m-2026-08.csv
futures/um/monthly/klines/nxpcusdt/1m/NXPCUSDT-1m-2025-05.csv
futures/um/monthly/klines/nxpcusdt/1m/NXPCUSDT-1m-2025-06.csv
futures/um/monthly/klines/nxpcusdt/1m/NXPCUSDT-1m-2025-07.csv
futures/um/monthly/klines/nxpcusdt/1m/NXPCUSDT-1m-2025-08.csv
futures/um/monthly/klines/nxpcusdt/1m/NXPCUSDT-1m-2025-09.csv
futures/um/monthly/klines/nxpcusdt/1m/NXPCUSDT-1m-2025-10.csv
futures/um/monthly/klines/nxpcusdt/1m/NXPCUSDT-1m-2025-11.csv
futures/um/monthly/klines/nxpcusdt/1m/NXPCUSDT-1m-2025-12.csv
futures/um/monthly/klines/nxpcusdt/1m/NXPCUSDT-1m-2026-01.csv
futures/um/monthly/klines/nxpcusdt/1m/NXPCUSDT-1m-2026-02.csv
futures/um/monthly/klines/nxpcusdt/1m/NXPCUSDT-1m-2026-03.csv
futures/um/monthly/klines/nxpcusdt/1m/NXPCUSDT-1m-2026-04.csv
futures/um/monthly/klines/nxpcusdt/1m/NXPCUSDT-1m-2026-05.csv
futures/um/monthly/klines/nxpcusdt/1m/NXPCUSDT-1m-2026-06.csv
futures/um/monthly/klines/nxpcusdt/1m/NXPCUSDT-1m-2026-07.csv
futures/um/monthly/klines/nxpcusdt/1m/NXPCUSDT-1m-2026-08.csv
futures/um/monthly/klines/ognusdt/1m/OGNUSDT-1m-2021-04.csv
futures/um/monthly/klines/ognusdt/1m/OGNUSDT-1m-2021-05.csv
futures/um/monthly/klines/ognusdt/1m/OGNUSDT-1m-2021-06.csv
futures/um/monthly/klines/ognusdt/1m/OGNUSDT-1m-2021-07.csv
futures/um/monthly/klines/ognusdt/1m/OGNUSDT-1m-2021-08.csv
futures/um/monthly/klines/ognusdt/1m/OGNUSDT-1m-2021-09.csv
futures/um/monthly/klines/ognusdt/1m/OGNUSDT-1m-2021-10.csv
futures/um/monthly/klines/ognusdt/1m/OGNUSDT-1m-2021-11.csv
futures/um/monthly/klines/ognusdt/1m/OGNUSDT-1m-2021-12.csv
futures/um/monthly/klines/ognusdt/1m/OGNUSDT-1m-2022-01.csv
futures/um/monthly/klines/ognusdt/1m/OGNUSDT-1m-2022-02.csv
futures/um/monthly/klines/ognusdt/1m/OGNUSDT-1m-2022-03.csv
futures/um/monthly/klines/ognusdt/1m/OGNUSDT-1m-2022-04.csv
futures/um/monthly/klines/ognusdt/1m/OGNUSDT-1m-2022-05.csv
futures/um/monthly/klines/ognusdt/1m/OGNUSDT-1m-2022-06.csv
futures/um/monthly/klines/ognusdt/1m/OGNUSDT-1m-2022-07.csv
futures/um/monthly/klines/ognusdt/1m/OGNUSDT-1m-2022-08.csv
futures/um/monthly/klines/ognusdt/1m/OGNUSDT-1m-2022-09.csv
futures/um/monthly/klines/ognusdt/1m/OGNUSDT-1m-2022-10.csv
futures/um/monthly/klines/ognusdt/1m/OGNUSDT-1m-2022-11.csv
futures/um/monthly/klines/ognusdt/1m/OGNUSDT-1m-2022-12.csv
futures/um/monthly/klines/ognusdt/1m/OGNUSDT-1m-2023-01.csv
futures/um/monthly/klines/ognusdt/1m/OGNUSDT-1m-2023-02.csv
futures/um/monthly/klines/ognusdt/1m/OGNUSDT-1m-2023-03.csv
futures/um/monthly/klines/ognusdt/1m/OGNUSDT-1m-2023-04.csv
futures/um/monthly/klines/ognusdt/1m/OGNUSDT-1m-2023-05.csv
futures/um/monthly/klines/ognusdt/1m/OGNUSDT-1m-2023-06.csv
futures/um/monthly/klines/ognusdt/1m/OGNUSDT-1m-2023-07.csv
futures/um/monthly/klines/ognusdt/1m/OGNUSDT-1m-2023-08.csv
futures/um/monthly/klines/ognusdt/1m/OGNUSDT-1m-2023-09.csv
futures/um/monthly/klines/ognusdt/1m/OGNUSDT-1m-2023-10.csv
futures/um/monthly/klines/ognusdt/1m/OGNUSDT-1m-2023-11.csv
futures/um/monthly/klines/ognusdt/1m/OGNUSDT-1m-2023-12.csv
futures/um/monthly/klines/ognusdt/1m/OGNUSDT-1m-2024-01.csv
futures/um/monthly/klines/ognusdt/1m/OGNUSDT-1m-2024-02.csv
futures/um/monthly/klines/ognusdt/1m/OGNUSDT-1m-2024-03.csv
futures/um/monthly/klines/ognusdt/1m/OGNUSDT-1m-2024-04.csv
futures/um/monthly/klines/ognusdt/1m/OGNUSDT-1m-2024-05.csv
futures/um/monthly/klines/ognusdt/1m/OGNUSDT-1m-2024-06.csv
futures/um/monthly/klines/ognusdt/1m/OGNUSDT-1m-2024-07.csv
futures/um/monthly/klines/ognusdt/1m/OGNUSDT-1m-2024-08.csv
futures/um/monthly/klines/ognusdt/1m/OGNUSDT-1m-2024-09.csv
futures/um/monthly/klines/ognusdt/1m/OGNUSDT-1m-2024-10.csv
futures/um/monthly/klines/ognusdt/1m/OGNUSDT-1m-2024-11.csv
futures/um/monthly/klines/ognusdt/1m/OGNUSDT-1m-2024-12.csv
futures/um/monthly/klines/ognusdt/1m/OGNUSDT-1m-2025-01.csv
futures/um/monthly/klines/ognusdt/1m/OGNUSDT-1m-2025-02.csv
futures/um/monthly/klines/ognusdt/1m/OGNUSDT-1m-2025-03.csv
futures/um/monthly/klines/ognusdt/1m/OGNUSDT-1m-2025-04.csv
futures/um/monthly/klines/ognusdt/1m/OGNUSDT-1m-2025-05.csv
futures/um/monthly/klines/ognusdt/1m/OGNUSDT-1m-2025-06.csv
futures/um/monthly/klines/ognusdt/1m/OGNUSDT-1m-2025-07.csv
futures/um/monthly/klines/ognusdt/1m/OGNUSDT-1m-2025-08.csv
futures/um/monthly/klines/ognusdt/1m/OGNUSDT-1m-2025-09.csv
futures/um/monthly/klines/ognusdt/1m/OGNUSDT-1m-2025-10.csv
futures/um/monthly/klines/ognusdt/1m/OGNUSDT-1m-2025-11.csv
futures/um/monthly/klines/ognusdt/1m/OGNUSDT-1m-2025-12.csv
futures/um/monthly/klines/ognusdt/1m/OGNUSDT-1m-2026-01.csv
futures/um/monthly/klines/ognusdt/1m/OGNUSDT-1m-2026-02.csv
futures/um/monthly/klines/ognusdt/1m/OGNUSDT-1m-2026-03.csv
futures/um/monthly/klines/ognusdt/1m/OGNUSDT-1m-2026-04.csv
futures/um/monthly/klines/ognusdt/1m/OGNUSDT-1m-2026-05.csv
futures/um/monthly/klines/ognusdt/1m/OGNUSDT-1m-2026-06.csv
futures/um/monthly/klines/ognusdt/1m/OGNUSDT-1m-2026-07.csv
futures/um/monthly/klines/ognusdt/1m/OGNUSDT-1m-2026-08.csv
futures/um/monthly/klines/ogusdt/1m/OGUSDT-1m-2025-05.csv
futures/um/monthly/klines/ogusdt/1m/OGUSDT-1m-2025-06.csv
futures/um/monthly/klines/ogusdt/1m/OGUSDT-1m-2025-07.csv
futures/um/monthly/klines/ogusdt/1m/OGUSDT-1m-2025-08.csv
futures/um/monthly/klines/ogusdt/1m/OGUSDT-1m-2025-09.csv
futures/um/monthly/klines/ogusdt/1m/OGUSDT-1m-2025-10.csv
futures/um/monthly/klines/ogusdt/1m/OGUSDT-1m-2025-11.csv
futures/um/monthly/klines/ogusdt/1m/OGUSDT-1m-2025-12.csv
futures/um/monthly/klines/ogusdt/1m/OGUSDT-1m-2026-01.csv
futures/um/monthly/klines/ogusdt/1m/OGUSDT-1m-2026-02.csv
futures/um/monthly/klines/ogusdt/1m/OGUSDT-1m-2026-03.csv
futures/um/monthly/klines/ogusdt/1m/OGUSDT-1m-2026-04.csv
futures/um/monthly/klines/ogusdt/1m/OGUSDT-1m-2026-05.csv
futures/um/monthly/klines/ogusdt/1m/OGUSDT-1m-2026-06.csv
futures/um/monthly/klines/ogusdt/1m/OGUSDT-1m-2026-07.csv
futures/um/monthly/klines/ogusdt/1m/OGUSDT-1m-2026-08.csv
futures/um/monthly/klines/ondousdt/1m/ONDOUSDT-1m-2024-01.csv
futures/um/monthly/klines/ondousdt/1m/ONDOUSDT-1m-2024-02.csv
futures/um/monthly/klines/ondousdt/1m/ONDOUSDT-1m-2024-03.csv
futures/um/monthly/klines/ondousdt/1m/ONDOUSDT-1m-2024-04.csv
futures/um/monthly/klines/ondousdt/1m/ONDOUSDT-1m-2024-05.csv
futures/um/monthly/klines/ondousdt/1m/ONDOUSDT-1m-2024-06.csv
futures/um/monthly/klines/ondousdt/1m/ONDOUSDT-1m-2024-07.csv
futures/um/monthly/klines/ondousdt/1m/ONDOUSDT-1m-2024-08.csv
futures/um/monthly/klines/ondousdt/1m/ONDOUSDT-1m-2024-09.csv
futures/um/monthly/klines/ondousdt/1m/ONDOUSDT-1m-2024-10.csv
futures/um/monthly/klines/ondousdt/1m/ONDOUSDT-1m-2024-11.csv
futures/um/monthly/klines/ondousdt/1m/ONDOUSDT-1m-2024-12.csv
futures/um/monthly/klines/ondousdt/1m/ONDOUSDT-1m-2025-01.csv
futures/um/monthly/klines/ondousdt/1m/ONDOUSDT-1m-2025-02.csv
futures/um/monthly/klines/ondousdt/1m/ONDOUSDT-1m-2025-03.csv
futures/um/monthly/klines/ondousdt/1m/ONDOUSDT-1m-2025-04.csv
futures/um/monthly/klines/ondousdt/1m/ONDOUSDT-1m-2025-05.csv
futures/um/monthly/klines/ondousdt/1m/ONDOUSDT-1m-2025-06.csv
futures/um/monthly/klines/ondousdt/1m/ONDOUSDT-1m-2025-07.csv
futures/um/monthly/klines/ondousdt/1m/ONDOUSDT-1m-2025-08.csv
futures/um/monthly/klines/ondousdt/1m/ONDOUSDT-1m-2025-09.csv
futures/um/monthly/klines/ondousdt/1m/ONDOUSDT-1m-2025-10.csv
futures/um/monthly/klines/ondousdt/1m/ONDOUSDT-1m-2025-11.csv
futures/um/monthly/klines/ondousdt/1m/ONDOUSDT-1m-2025-12.csv
futures/um/monthly/klines/ondousdt/1m/ONDOUSDT-1m-2026-01.csv
futures/um/monthly/klines/ondousdt/1m/ONDOUSDT-1m-2026-02.csv
futures/um/monthly/klines/ondousdt/1m/ONDOUSDT-1m-2026-03.csv
futures/um/monthly/klines/ondousdt/1m/ONDOUSDT-1m-2026-04.csv
futures/um/monthly/klines/ondousdt/1m/ONDOUSDT-1m-2026-05.csv
futures/um/monthly/klines/ondousdt/1m/ONDOUSDT-1m-2026-06.csv
futures/um/monthly/klines/ondousdt/1m/ONDOUSDT-1m-2026-07.csv
futures/um/monthly/klines/ondousdt/1m/ONDOUSDT-1m-2026-08.csv
futures/um/monthly/klines/oneusdt/1m/ONEUSDT-1m-2021-03.csv
futures/um/monthly/klines/oneusdt/1m/ONEUSDT-1m-2021-04.csv
futures/um/monthly/klines/oneusdt/1m/ONEUSDT-1m-2021-05.csv
futures/um/monthly/klines/oneusdt/1m/ONEUSDT-1m-2021-06.csv
futures/um/monthly/klines/oneusdt/1m/ONEUSDT-1m-2021-07.csv
futures/um/monthly/klines/oneusdt/1m/ONEUSDT-1m-2021-08.csv
futures/um/monthly/klines/oneusdt/1m/ONEUSDT-1m-2021-09.csv
futures/um/monthly/klines/oneusdt/1m/ONEUSDT-1m-2021-10.csv
futures/um/monthly/klines/oneusdt/1m/ONEUSDT-1m-2021-11.csv
futures/um/monthly/klines/oneusdt/1m/ONEUSDT-1m-2021-12.csv
futures/um/monthly/klines/oneusdt/1m/ONEUSDT-1m-2022-01.csv
futures/um/monthly/klines/oneusdt/1m/ONEUSDT-1m-2022-02.csv
futures/um/monthly/klines/oneusdt/1m/ONEUSDT-1m-2022-03.csv
futures/um/monthly/klines/oneusdt/1m/ONEUSDT-1m-2022-04.csv
futures/um/monthly/klines/oneusdt/1m/ONEUSDT-1m-2022-05.csv
futures/um/monthly/klines/oneusdt/1m/ONEUSDT-1m-2022-06.csv
futures/um/monthly/klines/oneusdt/1m/ONEUSDT-1m-2022-07.csv
futures/um/monthly/klines/oneusdt/1m/ONEUSDT-1m-2022-08.csv
futures/um/monthly/klines/oneusdt/1m/ONEUSDT-1m-2022-09.csv
futures/um/monthly/klines/oneusdt/1m/ONEUSDT-1m-2022-10.csv
futures/um/monthly/klines/oneusdt/1m/ONEUSDT-1m-2022-11.csv
futures/um/monthly/klines/oneusdt/1m/ONEUSDT-1m-2022-12.csv
futures/um/monthly/klines/oneusdt/1m/ONEUSDT-1m-2023-01.csv
futures/um/monthly/klines/oneusdt/1m/ONEUSDT-1m-2023-02.csv
futures/um/monthly/klines/oneusdt/1m/ONEUSDT-1m-2023-03.csv
futures/um/monthly/klines/oneusdt/1m/ONEUSDT-1m-2023-04.csv
futures/um/monthly/klines/oneusdt/1m/ONEUSDT-1m-2023-05.csv
futures/um/monthly/klines/oneusdt/1m/ONEUSDT-1m-2023-06.csv
futures/um/monthly/klines/oneusdt/1m/ONEUSDT-1m-2023-07.csv
futures/um/monthly/klines/oneusdt/1m/ONEUSDT-1m-2023-08.csv
futures/um/monthly/klines/oneusdt/1m/ONEUSDT-1m-2023-09.csv
futures/um/monthly/klines/oneusdt/1m/ONEUSDT-1m-2023-10.csv
futures/um/monthly/klines/oneusdt/1m/ONEUSDT-1m-2023-11.csv
futures/um/monthly/klines/oneusdt/1m/ONEUSDT-1m-2023-12.csv
futures/um/monthly/klines/oneusdt/1m/ONEUSDT-1m-2024-01.csv
futures/um/monthly/klines/oneusdt/1m/ONEUSDT-1m-2024-02.csv
futures/um/monthly/klines/oneusdt/1m/ONEUSDT-1m-2024-03.csv
futures/um/monthly/klines/oneusdt/1m/ONEUSDT-1m-2024-04.csv
futures/um/monthly/klines/oneusdt/1m/ONEUSDT-1m-2024-05.csv
futures/um/monthly/klines/oneusdt/1m/ONEUSDT-1m-2024-06.csv
futures/um/monthly/klines/oneusdt/1m/ONEUSDT-1m-2024-07.csv
futures/um/monthly/klines/oneusdt/1m/ONEUSDT-1m-2024-08.csv
futures/um/monthly/klines/oneusdt/1m/ONEUSDT-1m-2024-09.csv
futures/um/monthly/klines/oneusdt/1m/ONEUSDT-1m-2024-10.csv
futures/um/monthly/klines/oneusdt/1m/ONEUSDT-1m-2024-11.csv
futures/um/monthly/klines/oneusdt/1m/ONEUSDT-1m-2024-12.csv
futures/um/monthly/klines/oneusdt/1m/ONEUSDT-1m-2025-01.csv
futures/um/monthly/klines/oneusdt/1m/ONEUSDT-1m-2025-02.csv
futures/um/monthly/klines/oneusdt/1m/ONEUSDT-1m-2025-03.csv
futures/um/monthly/klines/oneusdt/1m/ONEUSDT-1m-2025-04.csv
futures/um/monthly/klines/oneusdt/1m/ONEUSDT-1m-2025-05.csv
futures/um/monthly/klines/oneusdt/1m/ONEUSDT-1m-2025-06.csv
futures/um/monthly/klines/oneusdt/1m/ONEUSDT-1m-2025-07.csv
futures/um/monthly/klines/oneusdt/1m/ONEUSDT-1m-2025-08.csv
futures/um/monthly/klines/oneusdt/1m/ONEUSDT-1m-2025-09.csv
futures/um/monthly/klines/oneusdt/1m/ONEUSDT-1m-2025-10.csv
futures/um/monthly/klines/oneusdt/1m/ONEUSDT-1m-2025-11.csv
futures/um/monthly/klines/oneusdt/1m/ONEUSDT-1m-2025-12.csv
futures/um/monthly/klines/oneusdt/1m/ONEUSDT-1m-2026-01.csv
futures/um/monthly/klines/oneusdt/1m/ONEUSDT-1m-2026-02.csv
futures/um/monthly/klines/oneusdt/1m/ONEUSDT-1m-2026-03.csv
futures/um/monthly/klines/oneusdt/1m/ONEUSDT-1m-2026-04.csv
futures/um/monthly/klines/oneusdt/1m/ONEUSDT-1m-2026-05.csv
futures/um/monthly/klines/oneusdt/1m/ONEUSDT-1m-2026-06.csv
futures/um/monthly/klines/oneusdt/1m/ONEUSDT-1m-2026-07.csv
futures/um/monthly/klines/oneusdt/1m/ONEUSDT-1m-2026-08.csv
futures/um/monthly/klines/ongusdt/1m/ONGUSDT-1m-2023-11.csv
futures/um/monthly/klines/ongusdt/1m/ONGUSDT-1m-2023-12.csv
futures/um/monthly/klines/ongusdt/1m/ONGUSDT-1m-2024-01.csv
futures/um/monthly/klines/ongusdt/1m/ONGUSDT-1m-2024-02.csv
futures/um/monthly/klines/ongusdt/1m/ONGUSDT-1m-2024-03.csv
futures/um/monthly/klines/ongusdt/1m/ONGUSDT-1m-2024-04.csv
futures/um/monthly/klines/ongusdt/1m/ONGUSDT-1m-2024-05.csv
futures/um/monthly/klines/ongusdt/1m/ONGUSDT-1m-2024-06.csv
futures/um/monthly/klines/ongusdt/1m/ONGUSDT-1m-2024-07.csv
futures/um/monthly/klines/ongusdt/1m/ONGUSDT-1m-2024-08.csv
futures/um/monthly/klines/ongusdt/1m/ONGUSDT-1m-2024-09.csv
futures/um/monthly/klines/ongusdt/1m/ONGUSDT-1m-2024-10.csv
futures/um/monthly/klines/ongusdt/1m/ONGUSDT-1m-2024-11.csv
futures/um/monthly/klines/ongusdt/1m/ONGUSDT-1m-2024-12.csv
futures/um/monthly/klines/ongusdt/1m/ONGUSDT-1m-2025-01.csv
futures/um/monthly/klines/ongusdt/1m/ONGUSDT-1m-2025-02.csv
futures/um/monthly/klines/ongusdt/1m/ONGUSDT-1m-2025-03.csv
futures/um/monthly/klines/ongusdt/1m/ONGUSDT-1m-2025-04.csv
futures/um/monthly/klines/ongusdt/1m/ONGUSDT-1m-2025-05.csv
futures/um/monthly/klines/ongusdt/1m/ONGUSDT-1m-2025-06.csv
futures/um/monthly/klines/ongusdt/1m/ONGUSDT-1m-2025-07.csv
futures/um/monthly/klines/ongusdt/1m/ONGUSDT-1m-2025-08.csv
futures/um/monthly/klines/ongusdt/1m/ONGUSDT-1m-2025-09.csv
futures/um/monthly/klines/ongusdt/1m/ONGUSDT-1m-2025-10.csv
futures/um/monthly/klines/ongusdt/1m/ONGUSDT-1m-2025-11.csv
futures/um/monthly/klines/ongusdt/1m/ONGUSDT-1m-2025-12.csv
futures/um/monthly/klines/ongusdt/1m/ONGUSDT-1m-2026-01.csv
futures/um/monthly/klines/ongusdt/1m/ONGUSDT-1m-2026-02.csv
futures/um/monthly/klines/ongusdt/1m/ONGUSDT-1m-2026-03.csv
futures/um/monthly/klines/ongusdt/1m/ONGUSDT-1m-2026-04.csv
futures/um/monthly/klines/ongusdt/1m/ONGUSDT-1m-2026-05.csv
futures/um/monthly/klines/ongusdt/1m/ONGUSDT-1m-2026-06.csv
futures/um/monthly/klines/ongusdt/1m/ONGUSDT-1m-2026-07.csv
futures/um/monthly/klines/ongusdt/1m/ONGUSDT-1m-2026-08.csv
futures/um/monthly/klines/ontusdt/1m/ONTUSDT-1m-2020-02.csv
futures/um/monthly/klines/ontusdt/1m/ONTUSDT-1m-2020-03.csv
futures/um/monthly/klines/ontusdt/1m/ONTUSDT-1m-2020-04.csv
futures/um/monthly/klines/ontusdt/1m/ONTUSDT-1m-2020-05.csv
futures/um/monthly/klines/ontusdt/1m/ONTUSDT-1m-2020-06.csv
futures/um/monthly/klines/ontusdt/1m/ONTUSDT-1m-2020-07.csv
futures/um/monthly/klines/ontusdt/1m/ONTUSDT-1m-2020-08.csv
futures/um/monthly/klines/ontusdt/1m/ONTUSDT-1m-2020-09.csv
futures/um/monthly/klines/ontusdt/1m/ONTUSDT-1m-2020-10.csv
futures/um/monthly/klines/ontusdt/1m/ONTUSDT-1m-2020-11.csv
futures/um/monthly/klines/ontusdt/1m/ONTUSDT-1m-2020-12.csv
futures/um/monthly/klines/ontusdt/1m/ONTUSDT-1m-2021-01.csv
futures/um/monthly/klines/ontusdt/1m/ONTUSDT-1m-2021-02.csv
futures/um/monthly/klines/ontusdt/1m/ONTUSDT-1m-2021-03.csv
futures/um/monthly/klines/ontusdt/1m/ONTUSDT-1m-2021-04.csv
futures/um/monthly/klines/ontusdt/1m/ONTUSDT-1m-2021-05.csv
futures/um/monthly/klines/ontusdt/1m/ONTUSDT-1m-2021-06.csv
futures/um/monthly/klines/ontusdt/1m/ONTUSDT-1m-2021-07.csv
futures/um/monthly/klines/ontusdt/1m/ONTUSDT-1m-2021-08.csv
futures/um/monthly/klines/ontusdt/1m/ONTUSDT-1m-2021-09.csv
futures/um/monthly/klines/ontusdt/1m/ONTUSDT-1m-2021-10.csv
futures/um/monthly/klines/ontusdt/1m/ONTUSDT-1m-2021-11.csv
futures/um/monthly/klines/ontusdt/1m/ONTUSDT-1m-2021-12.csv
futures/um/monthly/klines/ontusdt/1m/ONTUSDT-1m-2022-01.csv
futures/um/monthly/klines/ontusdt/1m/ONTUSDT-1m-2022-02.csv
futures/um/monthly/klines/ontusdt/1m/ONTUSDT-1m-2022-03.csv
futures/um/monthly/klines/ontusdt/1m/ONTUSDT-1m-2022-04.csv
futures/um/monthly/klines/ontusdt/1m/ONTUSDT-1m-2022-05.csv
futures/um/monthly/klines/ontusdt/1m/ONTUSDT-1m-2022-06.csv
futures/um/monthly/klines/ontusdt/1m/ONTUSDT-1m-2022-07.csv
futures/um/monthly/klines/ontusdt/1m/ONTUSDT-1m-2022-08.csv
futures/um/monthly/klines/ontusdt/1m/ONTUSDT-1m-2022-09.csv
futures/um/monthly/klines/ontusdt/1m/ONTUSDT-1m-2022-10.csv
futures/um/monthly/klines/ontusdt/1m/ONTUSDT-1m-2022-11.csv
futures/um/monthly/klines/ontusdt/1m/ONTUSDT-1m-2022-12.csv
futures/um/monthly/klines/ontusdt/1m/ONTUSDT-1m-2023-01.csv
futures/um/monthly/klines/ontusdt/1m/ONTUSDT-1m-2023-02.csv
futures/um/monthly/klines/ontusdt/1m/ONTUSDT-1m-2023-03.csv
futures/um/monthly/klines/ontusdt/1m/ONTUSDT-1m-2023-04.csv
futures/um/monthly/klines/ontusdt/1m/ONTUSDT-1m-2023-05.csv
futures/um/monthly/klines/ontusdt/1m/ONTUSDT-1m-2023-06.csv
futures/um/monthly/klines/ontusdt/1m/ONTUSDT-1m-2023-07.csv
futures/um/monthly/klines/ontusdt/1m/ONTUSDT-1m-2023-08.csv
futures/um/monthly/klines/ontusdt/1m/ONTUSDT-1m-2023-09.csv
futures/um/monthly/klines/ontusdt/1m/ONTUSDT-1m-2023-10.csv
futures/um/monthly/klines/ontusdt/1m/ONTUSDT-1m-2023-11.csv
futures/um/monthly/klines/ontusdt/1m/ONTUSDT-1m-2023-12.csv
futures/um/monthly/klines/ontusdt/1m/ONTUSDT-1m-2024-01.csv
futures/um/monthly/klines/ontusdt/1m/ONTUSDT-1m-2024-02.csv
futures/um/monthly/klines/ontusdt/1m/ONTUSDT-1m-2024-03.csv
futures/um/monthly/klines/ontusdt/1m/ONTUSDT-1m-2024-04.csv
futures/um/monthly/klines/ontusdt/1m/ONTUSDT-1m-2024-05.csv
futures/um/monthly/klines/ontusdt/1m/ONTUSDT-1m-2024-06.csv
futures/um/monthly/klines/ontusdt/1m/ONTUSDT-1m-2024-07.csv
futures/um/monthly/klines/ontusdt/1m/ONTUSDT-1m-2024-08.csv
futures/um/monthly/klines/ontusdt/1m/ONTUSDT-1m-2024-09.csv
futures/um/monthly/klines/ontusdt/1m/ONTUSDT-1m-2024-10.csv
futures/um/monthly/klines/ontusdt/1m/ONTUSDT-1m-2024-11.csv
futures/um/monthly/klines/ontusdt/1m/ONTUSDT-1m-2024-12.csv
futures/um/monthly/klines/ontusdt/1m/ONTUSDT-1m-2025-01.csv
futures/um/monthly/klines/ontusdt/1m/ONTUSDT-1m-2025-02.csv
futures/um/monthly/klines/ontusdt/1m/ONTUSDT-1m-2025-03.csv
futures/um/monthly/klines/ontusdt/1m/ONTUSDT-1m-2025-04.csv
futures/um/monthly/klines/ontusdt/1m/ONTUSDT-1m-2025-05.csv
futures/um/monthly/klines/ontusdt/1m/ONTUSDT-1m-2025-06.csv
futures/um/monthly/klines/ontusdt/1m/ONTUSDT-1m-2025-07.csv
futures/um/monthly/klines/ontusdt/1m/ONTUSDT-1m-2025-08.csv
futures/um/monthly/klines/ontusdt/1m/ONTUSDT-1m-2025-09.csv
futures/um/monthly/klines/ontusdt/1m/ONTUSDT-1m-2025-10.csv
futures/um/monthly/klines/ontusdt/1m/ONTUSDT-1m-2025-11.csv
futures/um/monthly/klines/ontusdt/1m/ONTUSDT-1m-2025-12.csv
futures/um/monthly/klines/ontusdt/1m/ONTUSDT-1m-2026-01.csv
futures/um/monthly/klines/ontusdt/1m/ONTUSDT-1m-2026-02.csv
futures/um/monthly/klines/ontusdt/1m/ONTUSDT-1m-2026-03.csv
futures/um/monthly/klines/ontusdt/1m/ONTUSDT-1m-2026-04.csv
futures/um/monthly/klines/ontusdt/1m/ONTUSDT-1m-2026-05.csv
futures/um/monthly/klines/ontusdt/1m/ONTUSDT-1m-2026-06.csv
futures/um/monthly/klines/ontusdt/1m/ONTUSDT-1m-2026-07.csv
futures/um/monthly/klines/ontusdt/1m/ONTUSDT-1m-2026-08.csv
futures/um/monthly/klines/onusdt/1m/ONUSDT-1m-2025-10.csv
futures/um/monthly/klines/onusdt/1m/ONUSDT-1m-2025-11.csv
futures/um/monthly/klines/onusdt/1m/ONUSDT-1m-2025-12.csv
futures/um/monthly/klines/onusdt/1m/ONUSDT-1m-2026-01.csv
futures/um/monthly/klines/onusdt/1m/ONUSDT-1m-2026-02.csv
futures/um/monthly/klines/onusdt/1m/ONUSDT-1m-2026-03.csv
futures/um/monthly/klines/onusdt/1m/ONUSDT-1m-2026-04.csv
futures/um/monthly/klines/onusdt/1m/ONUSDT-1m-2026-05.csv
futures/um/monthly/klines/onusdt/1m/ONUSDT-1m-2026-06.csv
futures/um/monthly/klines/onusdt/1m/ONUSDT-1m-2026-07.csv
futures/um/monthly/klines/onusdt/1m/ONUSDT-1m-2026-08.csv
futures/um/monthly/klines/openusdt/1m/OPENUSDT-1m-2025-09.csv
futures/um/monthly/klines/openusdt/1m/OPENUSDT-1m-2025-10.csv
futures/um/monthly/klines/openusdt/1m/OPENUSDT-1m-2025-11.csv
futures/um/monthly/klines/openusdt/1m/OPENUSDT-1m-2025-12.csv
futures/um/monthly/klines/openusdt/1m/OPENUSDT-1m-2026-01.csv
futures/um/monthly/klines/openusdt/1m/OPENUSDT-1m-2026-02.csv
futures/um/monthly/klines/openusdt/1m/OPENUSDT-1m-2026-03.csv
futures/um/monthly/klines/openusdt/1m/OPENUSDT-1m-2026-04.csv
futures/um/monthly/klines/openusdt/1m/OPENUSDT-1m-2026-05.csv
futures/um/monthly/klines/openusdt/1m/OPENUSDT-1m-2026-06.csv
futures/um/monthly/klines/openusdt/1m/OPENUSDT-1m-2026-07.csv
futures/um/monthly/klines/openusdt/1m/OPENUSDT-1m-2026-08.csv
futures/um/monthly/klines/opgusdt/1m/OPGUSDT-1m-2026-04.csv
futures/um/monthly/klines/opgusdt/1m/OPGUSDT-1m-2026-05.csv
futures/um/monthly/klines/opgusdt/1m/OPGUSDT-1m-2026-06.csv
futures/um/monthly/klines/opgusdt/1m/OPGUSDT-1m-2026-07.csv
futures/um/monthly/klines/opgusdt/1m/OPGUSDT-1m-2026-08.csv
futures/um/monthly/klines/opnusdt/1m/OPNUSDT-1m-2026-02.csv
futures/um/monthly/klines/opnusdt/1m/OPNUSDT-1m-2026-03.csv
futures/um/monthly/klines/opnusdt/1m/OPNUSDT-1m-2026-04.csv
futures/um/monthly/klines/opnusdt/1m/OPNUSDT-1m-2026-05.csv
futures/um/monthly/klines/opnusdt/1m/OPNUSDT-1m-2026-06.csv
futures/um/monthly/klines/opnusdt/1m/OPNUSDT-1m-2026-07.csv
futures/um/monthly/klines/opnusdt/1m/OPNUSDT-1m-2026-08.csv
futures/um/monthly/klines/opusdt/1m/OPUSDT-1m-2022-06.csv
futures/um/monthly/klines/opusdt/1m/OPUSDT-1m-2022-07.csv
futures/um/monthly/klines/opusdt/1m/OPUSDT-1m-2022-08.csv
futures/um/monthly/klines/opusdt/1m/OPUSDT-1m-2022-09.csv
futures/um/monthly/klines/opusdt/1m/OPUSDT-1m-2022-10.csv
futures/um/monthly/klines/opusdt/1m/OPUSDT-1m-2022-11.csv
futures/um/monthly/klines/opusdt/1m/OPUSDT-1m-2022-12.csv
futures/um/monthly/klines/opusdt/1m/OPUSDT-1m-2023-01.csv
futures/um/monthly/klines/opusdt/1m/OPUSDT-1m-2023-02.csv
futures/um/monthly/klines/opusdt/1m/OPUSDT-1m-2023-03.csv
futures/um/monthly/klines/opusdt/1m/OPUSDT-1m-2023-04.csv
futures/um/monthly/klines/opusdt/1m/OPUSDT-1m-2023-05.csv
futures/um/monthly/klines/opusdt/1m/OPUSDT-1m-2023-06.csv
futures/um/monthly/klines/opusdt/1m/OPUSDT-1m-2023-07.csv
futures/um/monthly/klines/opusdt/1m/OPUSDT-1m-2023-08.csv
futures/um/monthly/klines/opusdt/1m/OPUSDT-1m-2023-09.csv
futures/um/monthly/klines/opusdt/1m/OPUSDT-1m-2023-10.csv
futures/um/monthly/klines/opusdt/1m/OPUSDT-1m-2023-11.csv
futures/um/monthly/klines/opusdt/1m/OPUSDT-1m-2023-12.csv
futures/um/monthly/klines/opusdt/1m/OPUSDT-1m-2024-01.csv
futures/um/monthly/klines/opusdt/1m/OPUSDT-1m-2024-02.csv
futures/um/monthly/klines/opusdt/1m/OPUSDT-1m-2024-03.csv
futures/um/monthly/klines/opusdt/1m/OPUSDT-1m-2024-04.csv
futures/um/monthly/klines/opusdt/1m/OPUSDT-1m-2024-05.csv
futures/um/monthly/klines/opusdt/1m/OPUSDT-1m-2024-06.csv
futures/um/monthly/klines/opusdt/1m/OPUSDT-1m-2024-07.csv
futures/um/monthly/klines/opusdt/1m/OPUSDT-1m-2024-08.csv
futures/um/monthly/klines/opusdt/1m/OPUSDT-1m-2024-09.csv
futures/um/monthly/klines/opusdt/1m/OPUSDT-1m-2024-10.csv
futures/um/monthly/klines/opusdt/1m/OPUSDT-1m-2024-11.csv
futures/um/monthly/klines/opusdt/1m/OPUSDT-1m-2024-12.csv
futures/um/monthly/klines/opusdt/1m/OPUSDT-1m-2025-01.csv
futures/um/monthly/klines/opusdt/1m/OPUSDT-1m-2025-02.csv
futures/um/monthly/klines/opusdt/1m/OPUSDT-1m-2025-03.csv
futures/um/monthly/klines/opusdt/1m/OPUSDT-1m-2025-04.csv
futures/um/monthly/klines/opusdt/1m/OPUSDT-1m-2025-05.csv
futures/um/monthly/klines/opusdt/1m/OPUSDT-1m-2025-06.csv
futures/um/monthly/klines/opusdt/1m/OPUSDT-1m-2025-07.csv
futures/um/monthly/klines/opusdt/1m/OPUSDT-1m-2025-08.csv
futures/um/monthly/klines/opusdt/1m/OPUSDT-1m-2025-09.csv
futures/um/monthly/klines/opusdt/1m/OPUSDT-1m-2025-10.csv
futures/um/monthly/klines/opusdt/1m/OPUSDT-1m-2025-11.csv
futures/um/monthly/klines/opusdt/1m/OPUSDT-1m-2025-12.csv
futures/um/monthly/klines/opusdt/1m/OPUSDT-1m-2026-01.csv
futures/um/monthly/klines/opusdt/1m/OPUSDT-1m-2026-02.csv
futures/um/monthly/klines/opusdt/1m/OPUSDT-1m-2026-03.csv
futures/um/monthly/klines/opusdt/1m/OPUSDT-1m-2026-04.csv
futures/um/monthly/klines/opusdt/1m/OPUSDT-1m-2026-05.csv
futures/um/monthly/klines/opusdt/1m/OPUSDT-1m-2026-06.csv
futures/um/monthly/klines/opusdt/1m/OPUSDT-1m-2026-07.csv
futures/um/monthly/klines/opusdt/1m/OPUSDT-1m-2026-08.csv
futures/um/monthly/klines/orcausdt/1m/ORCAUSDT-1m-2024-12.csv
futures/um/monthly/klines/orcausdt/1m/ORCAUSDT-1m-2025-01.csv
futures/um/monthly/klines/orcausdt/1m/ORCAUSDT-1m-2025-02.csv
futures/um/monthly/klines/orcausdt/1m/ORCAUSDT-1m-2025-03.csv
futures/um/monthly/klines/orcausdt/1m/ORCAUSDT-1m-2025-04.csv
futures/um/monthly/klines/orcausdt/1m/ORCAUSDT-1m-2025-05.csv
futures/um/monthly/klines/orcausdt/1m/ORCAUSDT-1m-2025-06.csv
futures/um/monthly/klines/orcausdt/1m/ORCAUSDT-1m-2025-07.csv
futures/um/monthly/klines/orcausdt/1m/ORCAUSDT-1m-2025-08.csv
futures/um/monthly/klines/orcausdt/1m/ORCAUSDT-1m-2025-09.csv
futures/um/monthly/klines/orcausdt/1m/ORCAUSDT-1m-2025-10.csv
futures/um/monthly/klines/orcausdt/1m/ORCAUSDT-1m-2025-11.csv
futures/um/monthly/klines/orcausdt/1m/ORCAUSDT-1m-2025-12.csv
futures/um/monthly/klines/orcausdt/1m/ORCAUSDT-1m-2026-01.csv
futures/um/monthly/klines/orcausdt/1m/ORCAUSDT-1m-2026-02.csv
futures/um/monthly/klines/orcausdt/1m/ORCAUSDT-1m-2026-03.csv
futures/um/monthly/klines/orcausdt/1m/ORCAUSDT-1m-2026-04.csv
futures/um/monthly/klines/orcausdt/1m/ORCAUSDT-1m-2026-05.csv
futures/um/monthly/klines/orcausdt/1m/ORCAUSDT-1m-2026-06.csv
futures/um/monthly/klines/orcausdt/1m/ORCAUSDT-1m-2026-07.csv
futures/um/monthly/klines/orcausdt/1m/ORCAUSDT-1m-2026-08.csv
futures/um/monthly/klines/orderusdt/1m/ORDERUSDT-1m-2025-09.csv
futures/um/monthly/klines/orderusdt/1m/ORDERUSDT-1m-2025-10.csv
futures/um/monthly/klines/orderusdt/1m/ORDERUSDT-1m-2025-11.csv
futures/um/monthly/klines/orderusdt/1m/ORDERUSDT-1m-2025-12.csv
futures/um/monthly/klines/orderusdt/1m/ORDERUSDT-1m-2026-01.csv
futures/um/monthly/klines/orderusdt/1m/ORDERUSDT-1m-2026-02.csv
futures/um/monthly/klines/orderusdt/1m/ORDERUSDT-1m-2026-03.csv
futures/um/monthly/klines/orderusdt/1m/ORDERUSDT-1m-2026-04.csv
futures/um/monthly/klines/orderusdt/1m/ORDERUSDT-1m-2026-05.csv
futures/um/monthly/klines/orderusdt/1m/ORDERUSDT-1m-2026-06.csv
futures/um/monthly/klines/orderusdt/1m/ORDERUSDT-1m-2026-07.csv
futures/um/monthly/klines/orderusdt/1m/ORDERUSDT-1m-2026-08.csv
futures/um/monthly/klines/ordiusdt/1m/ORDIUSDT-1m-2023-11.csv
futures/um/monthly/klines/ordiusdt/1m/ORDIUSDT-1m-2023-12.csv
futures/um/monthly/klines/ordiusdt/1m/ORDIUSDT-1m-2024-01.csv
futures/um/monthly/klines/ordiusdt/1m/ORDIUSDT-1m-2024-02.csv
futures/um/monthly/klines/ordiusdt/1m/ORDIUSDT-1m-2024-03.csv
futures/um/monthly/klines/ordiusdt/1m/ORDIUSDT-1m-2024-04.csv
futures/um/monthly/klines/ordiusdt/1m/ORDIUSDT-1m-2024-05.csv
futures/um/monthly/klines/ordiusdt/1m/ORDIUSDT-1m-2024-06.csv
futures/um/monthly/klines/ordiusdt/1m/ORDIUSDT-1m-2024-07.csv
futures/um/monthly/klines/ordiusdt/1m/ORDIUSDT-1m-2024-08.csv
futures/um/monthly/klines/ordiusdt/1m/ORDIUSDT-1m-2024-09.csv
futures/um/monthly/klines/ordiusdt/1m/ORDIUSDT-1m-2024-10.csv
futures/um/monthly/klines/ordiusdt/1m/ORDIUSDT-1m-2024-11.csv
futures/um/monthly/klines/ordiusdt/1m/ORDIUSDT-1m-2024-12.csv
futures/um/monthly/klines/ordiusdt/1m/ORDIUSDT-1m-2025-01.csv
futures/um/monthly/klines/ordiusdt/1m/ORDIUSDT-1m-2025-02.csv
futures/um/monthly/klines/ordiusdt/1m/ORDIUSDT-1m-2025-03.csv
futures/um/monthly/klines/ordiusdt/1m/ORDIUSDT-1m-2025-04.csv
futures/um/monthly/klines/ordiusdt/1m/ORDIUSDT-1m-2025-05.csv
futures/um/monthly/klines/ordiusdt/1m/ORDIUSDT-1m-2025-06.csv
futures/um/monthly/klines/ordiusdt/1m/ORDIUSDT-1m-2025-07.csv
futures/um/monthly/klines/ordiusdt/1m/ORDIUSDT-1m-2025-08.csv
futures/um/monthly/klines/ordiusdt/1m/ORDIUSDT-1m-2025-09.csv
futures/um/monthly/klines/ordiusdt/1m/ORDIUSDT-1m-2025-10.csv
futures/um/monthly/klines/ordiusdt/1m/ORDIUSDT-1m-2025-11.csv
futures/um/monthly/klines/ordiusdt/1m/ORDIUSDT-1m-2025-12.csv
futures/um/monthly/klines/ordiusdt/1m/ORDIUSDT-1m-2026-01.csv
futures/um/monthly/klines/ordiusdt/1m/ORDIUSDT-1m-2026-02.csv
futures/um/monthly/klines/ordiusdt/1m/ORDIUSDT-1m-2026-03.csv
futures/um/monthly/klines/ordiusdt/1m/ORDIUSDT-1m-2026-04.csv
futures/um/monthly/klines/ordiusdt/1m/ORDIUSDT-1m-2026-05.csv
futures/um/monthly/klines/ordiusdt/1m/ORDIUSDT-1m-2026-06.csv
futures/um/monthly/klines/ordiusdt/1m/ORDIUSDT-1m-2026-07.csv
futures/um/monthly/klines/ordiusdt/1m/ORDIUSDT-1m-2026-08.csv
futures/um/monthly/klines/ousdt/1m/OUSDT-1m-2026-06.csv
futures/um/monthly/klines/ousdt/1m/OUSDT-1m-2026-07.csv
futures/um/monthly/klines/ousdt/1m/OUSDT-1m-2026-08.csv
futures/um/monthly/klines/partiusdt/1m/PARTIUSDT-1m-2025-03.csv
futures/um/monthly/klines/partiusdt/1m/PARTIUSDT-1m-2025-04.csv
futures/um/monthly/klines/partiusdt/1m/PARTIUSDT-1m-2025-05.csv
futures/um/monthly/klines/partiusdt/1m/PARTIUSDT-1m-2025-06.csv
futures/um/monthly/klines/partiusdt/1m/PARTIUSDT-1m-2025-07.csv
futures/um/monthly/klines/partiusdt/1m/PARTIUSDT-1m-2025-08.csv
futures/um/monthly/klines/partiusdt/1m/PARTIUSDT-1m-2025-09.csv
futures/um/monthly/klines/partiusdt/1m/PARTIUSDT-1m-2025-10.csv
futures/um/monthly/klines/partiusdt/1m/PARTIUSDT-1m-2025-11.csv
futures/um/monthly/klines/partiusdt/1m/PARTIUSDT-1m-2025-12.csv
futures/um/monthly/klines/partiusdt/1m/PARTIUSDT-1m-2026-01.csv
futures/um/monthly/klines/partiusdt/1m/PARTIUSDT-1m-2026-02.csv
futures/um/monthly/klines/partiusdt/1m/PARTIUSDT-1m-2026-03.csv
futures/um/monthly/klines/partiusdt/1m/PARTIUSDT-1m-2026-04.csv
futures/um/monthly/klines/partiusdt/1m/PARTIUSDT-1m-2026-05.csv
futures/um/monthly/klines/partiusdt/1m/PARTIUSDT-1m-2026-06.csv
futures/um/monthly/klines/partiusdt/1m/PARTIUSDT-1m-2026-07.csv
futures/um/monthly/klines/partiusdt/1m/PARTIUSDT-1m-2026-08.csv
futures/um/monthly/klines/paxgusdt/1m/PAXGUSDT-1m-2025-03.csv
futures/um/monthly/klines/paxgusdt/1m/PAXGUSDT-1m-2025-04.csv
futures/um/monthly/klines/paxgusdt/1m/PAXGUSDT-1m-2025-05.csv
futures/um/monthly/klines/paxgusdt/1m/PAXGUSDT-1m-2025-06.csv
futures/um/monthly/klines/paxgusdt/1m/PAXGUSDT-1m-2025-07.csv
futures/um/monthly/klines/paxgusdt/1m/PAXGUSDT-1m-2025-08.csv
futures/um/monthly/klines/paxgusdt/1m/PAXGUSDT-1m-2025-09.csv
futures/um/monthly/klines/paxgusdt/1m/PAXGUSDT-1m-2025-10.csv
futures/um/monthly/klines/paxgusdt/1m/PAXGUSDT-1m-2025-11.csv
futures/um/monthly/klines/paxgusdt/1m/PAXGUSDT-1m-2025-12.csv
futures/um/monthly/klines/paxgusdt/1m/PAXGUSDT-1m-2026-01.csv
futures/um/monthly/klines/paxgusdt/1m/PAXGUSDT-1m-2026-02.csv
futures/um/monthly/klines/paxgusdt/1m/PAXGUSDT-1m-2026-03.csv
futures/um/monthly/klines/paxgusdt/1m/PAXGUSDT-1m-2026-04.csv
futures/um/monthly/klines/paxgusdt/1m/PAXGUSDT-1m-2026-05.csv
futures/um/monthly/klines/paxgusdt/1m/PAXGUSDT-1m-2026-06.csv
futures/um/monthly/klines/paxgusdt/1m/PAXGUSDT-1m-2026-07.csv
futures/um/monthly/klines/paxgusdt/1m/PAXGUSDT-1m-2026-08.csv
futures/um/monthly/klines/pendleusdt/1m/PENDLEUSDT-1m-2023-07.csv
futures/um/monthly/klines/pendleusdt/1m/PENDLEUSDT-1m-2023-08.csv
futures/um/monthly/klines/pendleusdt/1m/PENDLEUSDT-1m-2023-09.csv
futures/um/monthly/klines/pendleusdt/1m/PENDLEUSDT-1m-2023-10.csv
futures/um/monthly/klines/pendleusdt/1m/PENDLEUSDT-1m-2023-11.csv
futures/um/monthly/klines/pendleusdt/1m/PENDLEUSDT-1m-2023-12.csv
futures/um/monthly/klines/pendleusdt/1m/PENDLEUSDT-1m-2024-01.csv
futures/um/monthly/klines/pendleusdt/1m/PENDLEUSDT-1m-2024-02.csv
futures/um/monthly/klines/pendleusdt/1m/PENDLEUSDT-1m-2024-03.csv
futures/um/monthly/klines/pendleusdt/1m/PENDLEUSDT-1m-2024-04.csv
futures/um/monthly/klines/pendleusdt/1m/PENDLEUSDT-1m-2024-05.csv
futures/um/monthly/klines/pendleusdt/1m/PENDLEUSDT-1m-2024-06.csv
futures/um/monthly/klines/pendleusdt/1m/PENDLEUSDT-1m-2024-07.csv
futures/um/monthly/klines/pendleusdt/1m/PENDLEUSDT-1m-2024-08.csv
futures/um/monthly/klines/pendleusdt/1m/PENDLEUSDT-1m-2024-09.csv
futures/um/monthly/klines/pendleusdt/1m/PENDLEUSDT-1m-2024-10.csv
futures/um/monthly/klines/pendleusdt/1m/PENDLEUSDT-1m-2024-11.csv
futures/um/monthly/klines/pendleusdt/1m/PENDLEUSDT-1m-2024-12.csv
futures/um/monthly/klines/pendleusdt/1m/PENDLEUSDT-1m-2025-01.csv
futures/um/monthly/klines/pendleusdt/1m/PENDLEUSDT-1m-2025-02.csv
futures/um/monthly/klines/pendleusdt/1m/PENDLEUSDT-1m-2025-03.csv
futures/um/monthly/klines/pendleusdt/1m/PENDLEUSDT-1m-2025-04.csv
futures/um/monthly/klines/pendleusdt/1m/PENDLEUSDT-1m-2025-05.csv
futures/um/monthly/klines/pendleusdt/1m/PENDLEUSDT-1m-2025-06.csv
futures/um/monthly/klines/pendleusdt/1m/PENDLEUSDT-1m-2025-07.csv
futures/um/monthly/klines/pendleusdt/1m/PENDLEUSDT-1m-2025-08.csv
futures/um/monthly/klines/pendleusdt/1m/PENDLEUSDT-1m-2025-09.csv
futures/um/monthly/klines/pendleusdt/1m/PENDLEUSDT-1m-2025-10.csv
futures/um/monthly/klines/pendleusdt/1m/PENDLEUSDT-1m-2025-11.csv
futures/um/monthly/klines/pendleusdt/1m/PENDLEUSDT-1m-2025-12.csv
futures/um/monthly/klines/pendleusdt/1m/PENDLEUSDT-1m-2026-01.csv
futures/um/monthly/klines/pendleusdt/1m/PENDLEUSDT-1m-2026-02.csv
futures/um/monthly/klines/pendleusdt/1m/PENDLEUSDT-1m-2026-03.csv
futures/um/monthly/klines/pendleusdt/1m/PENDLEUSDT-1m-2026-04.csv
futures/um/monthly/klines/pendleusdt/1m/PENDLEUSDT-1m-2026-05.csv
futures/um/monthly/klines/pendleusdt/1m/PENDLEUSDT-1m-2026-06.csv
futures/um/monthly/klines/pendleusdt/1m/PENDLEUSDT-1m-2026-07.csv
futures/um/monthly/klines/pendleusdt/1m/PENDLEUSDT-1m-2026-08.csv
futures/um/monthly/klines/penguusdt/1m/PENGUUSDT-1m-2024-12.csv
futures/um/monthly/klines/penguusdt/1m/PENGUUSDT-1m-2025-01.csv
futures/um/monthly/klines/penguusdt/1m/PENGUUSDT-1m-2025-02.csv
futures/um/monthly/klines/penguusdt/1m/PENGUUSDT-1m-2025-03.csv
futures/um/monthly/klines/penguusdt/1m/PENGUUSDT-1m-2025-04.csv
futures/um/monthly/klines/penguusdt/1m/PENGUUSDT-1m-2025-05.csv
futures/um/monthly/klines/penguusdt/1m/PENGUUSDT-1m-2025-06.csv
futures/um/monthly/klines/penguusdt/1m/PENGUUSDT-1m-2025-07.csv
futures/um/monthly/klines/penguusdt/1m/PENGUUSDT-1m-2025-08.csv
futures/um/monthly/klines/penguusdt/1m/PENGUUSDT-1m-2025-09.csv
futures/um/monthly/klines/penguusdt/1m/PENGUUSDT-1m-2025-10.csv
futures/um/monthly/klines/penguusdt/1m/PENGUUSDT-1m-2025-11.csv
futures/um/monthly/klines/penguusdt/1m/PENGUUSDT-1m-2025-12.csv
futures/um/monthly/klines/penguusdt/1m/PENGUUSDT-1m-2026-01.csv
futures/um/monthly/klines/penguusdt/1m/PENGUUSDT-1m-2026-02.csv
futures/um/monthly/klines/penguusdt/1m/PENGUUSDT-1m-2026-03.csv
futures/um/monthly/klines/penguusdt/1m/PENGUUSDT-1m-2026-04.csv
futures/um/monthly/klines/penguusdt/1m/PENGUUSDT-1m-2026-05.csv
futures/um/monthly/klines/penguusdt/1m/PENGUUSDT-1m-2026-06.csv
futures/um/monthly/klines/penguusdt/1m/PENGUUSDT-1m-2026-07.csv
futures/um/monthly/klines/penguusdt/1m/PENGUUSDT-1m-2026-08.csv
futures/um/monthly/klines/peopleusdt/1m/PEOPLEUSDT-1m-2021-12.csv
futures/um/monthly/klines/peopleusdt/1m/PEOPLEUSDT-1m-2022-01.csv
futures/um/monthly/klines/peopleusdt/1m/PEOPLEUSDT-1m-2022-02.csv
futures/um/monthly/klines/peopleusdt/1m/PEOPLEUSDT-1m-2022-03.csv
futures/um/monthly/klines/peopleusdt/1m/PEOPLEUSDT-1m-2022-04.csv
futures/um/monthly/klines/peopleusdt/1m/PEOPLEUSDT-1m-2022-05.csv
futures/um/monthly/klines/peopleusdt/1m/PEOPLEUSDT-1m-2022-06.csv
futures/um/monthly/klines/peopleusdt/1m/PEOPLEUSDT-1m-2022-07.csv
futures/um/monthly/klines/peopleusdt/1m/PEOPLEUSDT-1m-2022-08.csv
futures/um/monthly/klines/peopleusdt/1m/PEOPLEUSDT-1m-2022-09.csv
futures/um/monthly/klines/peopleusdt/1m/PEOPLEUSDT-1m-2022-10.csv
futures/um/monthly/klines/peopleusdt/1m/PEOPLEUSDT-1m-2022-11.csv
futures/um/monthly/klines/peopleusdt/1m/PEOPLEUSDT-1m-2022-12.csv
futures/um/monthly/klines/peopleusdt/1m/PEOPLEUSDT-1m-2023-01.csv
futures/um/monthly/klines/peopleusdt/1m/PEOPLEUSDT-1m-2023-02.csv
futures/um/monthly/klines/peopleusdt/1m/PEOPLEUSDT-1m-2023-03.csv
futures/um/monthly/klines/peopleusdt/1m/PEOPLEUSDT-1m-2023-04.csv
futures/um/monthly/klines/peopleusdt/1m/PEOPLEUSDT-1m-2023-05.csv
futures/um/monthly/klines/peopleusdt/1m/PEOPLEUSDT-1m-2023-06.csv
futures/um/monthly/klines/peopleusdt/1m/PEOPLEUSDT-1m-2023-07.csv
futures/um/monthly/klines/peopleusdt/1m/PEOPLEUSDT-1m-2023-08.csv
futures/um/monthly/klines/peopleusdt/1m/PEOPLEUSDT-1m-2023-09.csv
futures/um/monthly/klines/peopleusdt/1m/PEOPLEUSDT-1m-2023-10.csv
futures/um/monthly/klines/peopleusdt/1m/PEOPLEUSDT-1m-2023-11.csv
futures/um/monthly/klines/peopleusdt/1m/PEOPLEUSDT-1m-2023-12.csv
futures/um/monthly/klines/peopleusdt/1m/PEOPLEUSDT-1m-2024-01.csv
futures/um/monthly/klines/peopleusdt/1m/PEOPLEUSDT-1m-2024-02.csv
futures/um/monthly/klines/peopleusdt/1m/PEOPLEUSDT-1m-2024-03.csv
futures/um/monthly/klines/peopleusdt/1m/PEOPLEUSDT-1m-2024-04.csv
futures/um/monthly/klines/peopleusdt/1m/PEOPLEUSDT-1m-2024-05.csv
futures/um/monthly/klines/peopleusdt/1m/PEOPLEUSDT-1m-2024-06.csv
futures/um/monthly/klines/peopleusdt/1m/PEOPLEUSDT-1m-2024-07.csv
futures/um/monthly/klines/peopleusdt/1m/PEOPLEUSDT-1m-2024-08.csv
futures/um/monthly/klines/peopleusdt/1m/PEOPLEUSDT-1m-2024-09.csv
futures/um/monthly/klines/peopleusdt/1m/PEOPLEUSDT-1m-2024-10.csv
futures/um/monthly/klines/peopleusdt/1m/PEOPLEUSDT-1m-2024-11.csv
futures/um/monthly/klines/peopleusdt/1m/PEOPLEUSDT-1m-2024-12.csv
futures/um/monthly/klines/peopleusdt/1m/PEOPLEUSDT-1m-2025-01.csv
futures/um/monthly/klines/peopleusdt/1m/PEOPLEUSDT-1m-2025-02.csv
futures/um/monthly/klines/peopleusdt/1m/PEOPLEUSDT-1m-2025-03.csv
futures/um/monthly/klines/peopleusdt/1m/PEOPLEUSDT-1m-2025-04.csv
futures/um/monthly/klines/peopleusdt/1m/PEOPLEUSDT-1m-2025-05.csv
futures/um/monthly/klines/peopleusdt/1m/PEOPLEUSDT-1m-2025-06.csv
futures/um/monthly/klines/peopleusdt/1m/PEOPLEUSDT-1m-2025-07.csv
futures/um/monthly/klines/peopleusdt/1m/PEOPLEUSDT-1m-2025-08.csv
futures/um/monthly/klines/peopleusdt/1m/PEOPLEUSDT-1m-2025-09.csv
futures/um/monthly/klines/peopleusdt/1m/PEOPLEUSDT-1m-2025-10.csv
futures/um/monthly/klines/peopleusdt/1m/PEOPLEUSDT-1m-2025-11.csv
futures/um/monthly/klines/peopleusdt/1m/PEOPLEUSDT-1m-2025-12.csv
futures/um/monthly/klines/peopleusdt/1m/PEOPLEUSDT-1m-2026-01.csv
futures/um/monthly/klines/peopleusdt/1m/PEOPLEUSDT-1m-2026-02.csv
futures/um/monthly/klines/peopleusdt/1m/PEOPLEUSDT-1m-2026-03.csv
futures/um/monthly/klines/peopleusdt/1m/PEOPLEUSDT-1m-2026-04.csv
futures/um/monthly/klines/peopleusdt/1m/PEOPLEUSDT-1m-2026-05.csv
futures/um/monthly/klines/peopleusdt/1m/PEOPLEUSDT-1m-2026-06.csv
futures/um/monthly/klines/peopleusdt/1m/PEOPLEUSDT-1m-2026-07.csv
futures/um/monthly/klines/peopleusdt/1m/PEOPLEUSDT-1m-2026-08.csv
futures/um/monthly/klines/pharosusdt/1m/PHAROSUSDT-1m-2026-05.csv
futures/um/monthly/klines/pharosusdt/1m/PHAROSUSDT-1m-2026-06.csv
futures/um/monthly/klines/pharosusdt/1m/PHAROSUSDT-1m-2026-07.csv
futures/um/monthly/klines/pharosusdt/1m/PHAROSUSDT-1m-2026-08.csv
futures/um/monthly/klines/phausdt/1m/PHAUSDT-1m-2024-12.csv
futures/um/monthly/klines/phausdt/1m/PHAUSDT-1m-2025-01.csv
futures/um/monthly/klines/phausdt/1m/PHAUSDT-1m-2025-02.csv
futures/um/monthly/klines/phausdt/1m/PHAUSDT-1m-2025-03.csv
futures/um/monthly/klines/phausdt/1m/PHAUSDT-1m-2025-04.csv
futures/um/monthly/klines/phausdt/1m/PHAUSDT-1m-2025-05.csv
futures/um/monthly/klines/phausdt/1m/PHAUSDT-1m-2025-06.csv
futures/um/monthly/klines/phausdt/1m/PHAUSDT-1m-2025-07.csv
futures/um/monthly/klines/phausdt/1m/PHAUSDT-1m-2025-08.csv
futures/um/monthly/klines/phausdt/1m/PHAUSDT-1m-2025-09.csv
futures/um/monthly/klines/phausdt/1m/PHAUSDT-1m-2025-10.csv
futures/um/monthly/klines/phausdt/1m/PHAUSDT-1m-2025-11.csv
futures/um/monthly/klines/phausdt/1m/PHAUSDT-1m-2025-12.csv
futures/um/monthly/klines/phausdt/1m/PHAUSDT-1m-2026-01.csv
futures/um/monthly/klines/phausdt/1m/PHAUSDT-1m-2026-02.csv
futures/um/monthly/klines/phausdt/1m/PHAUSDT-1m-2026-03.csv
futures/um/monthly/klines/phausdt/1m/PHAUSDT-1m-2026-04.csv
futures/um/monthly/klines/phausdt/1m/PHAUSDT-1m-2026-05.csv
futures/um/monthly/klines/phausdt/1m/PHAUSDT-1m-2026-06.csv
futures/um/monthly/klines/phausdt/1m/PHAUSDT-1m-2026-07.csv
futures/um/monthly/klines/phausdt/1m/PHAUSDT-1m-2026-08.csv
futures/um/monthly/klines/pieverseusdt/1m/PIEVERSEUSDT-1m-2025-11.csv
futures/um/monthly/klines/pieverseusdt/1m/PIEVERSEUSDT-1m-2025-12.csv
futures/um/monthly/klines/pieverseusdt/1m/PIEVERSEUSDT-1m-2026-01.csv
futures/um/monthly/klines/pieverseusdt/1m/PIEVERSEUSDT-1m-2026-02.csv
futures/um/monthly/klines/pieverseusdt/1m/PIEVERSEUSDT-1m-2026-03.csv
futures/um/monthly/klines/pieverseusdt/1m/PIEVERSEUSDT-1m-2026-04.csv
futures/um/monthly/klines/pieverseusdt/1m/PIEVERSEUSDT-1m-2026-05.csv
futures/um/monthly/klines/pieverseusdt/1m/PIEVERSEUSDT-1m-2026-06.csv
futures/um/monthly/klines/pieverseusdt/1m/PIEVERSEUSDT-1m-2026-07.csv
futures/um/monthly/klines/pieverseusdt/1m/PIEVERSEUSDT-1m-2026-08.csv
futures/um/monthly/klines/pippinusdt/1m/PIPPINUSDT-1m-2025-01.csv
futures/um/monthly/klines/pippinusdt/1m/PIPPINUSDT-1m-2025-02.csv
futures/um/monthly/klines/pippinusdt/1m/PIPPINUSDT-1m-2025-03.csv
futures/um/monthly/klines/pippinusdt/1m/PIPPINUSDT-1m-2025-04.csv
futures/um/monthly/klines/pippinusdt/1m/PIPPINUSDT-1m-2025-05.csv
futures/um/monthly/klines/pippinusdt/1m/PIPPINUSDT-1m-2025-06.csv
futures/um/monthly/klines/pippinusdt/1m/PIPPINUSDT-1m-2025-07.csv
futures/um/monthly/klines/pippinusdt/1m/PIPPINUSDT-1m-2025-08.csv
futures/um/monthly/klines/pippinusdt/1m/PIPPINUSDT-1m-2025-09.csv
futures/um/monthly/klines/pippinusdt/1m/PIPPINUSDT-1m-2025-10.csv
futures/um/monthly/klines/pippinusdt/1m/PIPPINUSDT-1m-2025-11.csv
futures/um/monthly/klines/pippinusdt/1m/PIPPINUSDT-1m-2025-12.csv
futures/um/monthly/klines/pippinusdt/1m/PIPPINUSDT-1m-2026-01.csv
futures/um/monthly/klines/pippinusdt/1m/PIPPINUSDT-1m-2026-02.csv
futures/um/monthly/klines/pippinusdt/1m/PIPPINUSDT-1m-2026-03.csv
futures/um/monthly/klines/pippinusdt/1m/PIPPINUSDT-1m-2026-04.csv
futures/um/monthly/klines/pippinusdt/1m/PIPPINUSDT-1m-2026-05.csv
futures/um/monthly/klines/pippinusdt/1m/PIPPINUSDT-1m-2026-06.csv
futures/um/monthly/klines/pippinusdt/1m/PIPPINUSDT-1m-2026-07.csv
futures/um/monthly/klines/pippinusdt/1m/PIPPINUSDT-1m-2026-08.csv
futures/um/monthly/klines/pixelusdt/1m/PIXELUSDT-1m-2024-02.csv
futures/um/monthly/klines/pixelusdt/1m/PIXELUSDT-1m-2024-03.csv
futures/um/monthly/klines/pixelusdt/1m/PIXELUSDT-1m-2024-04.csv
futures/um/monthly/klines/pixelusdt/1m/PIXELUSDT-1m-2024-05.csv
futures/um/monthly/klines/pixelusdt/1m/PIXELUSDT-1m-2024-06.csv
futures/um/monthly/klines/pixelusdt/1m/PIXELUSDT-1m-2024-07.csv
futures/um/monthly/klines/pixelusdt/1m/PIXELUSDT-1m-2024-08.csv
futures/um/monthly/klines/pixelusdt/1m/PIXELUSDT-1m-2024-09.csv
futures/um/monthly/klines/pixelusdt/1m/PIXELUSDT-1m-2024-10.csv
futures/um/monthly/klines/pixelusdt/1m/PIXELUSDT-1m-2024-11.csv
futures/um/monthly/klines/pixelusdt/1m/PIXELUSDT-1m-2024-12.csv
futures/um/monthly/klines/pixelusdt/1m/PIXELUSDT-1m-2025-01.csv
futures/um/monthly/klines/pixelusdt/1m/PIXELUSDT-1m-2025-02.csv
futures/um/monthly/klines/pixelusdt/1m/PIXELUSDT-1m-2025-03.csv
futures/um/monthly/klines/pixelusdt/1m/PIXELUSDT-1m-2025-04.csv
futures/um/monthly/klines/pixelusdt/1m/PIXELUSDT-1m-2025-05.csv
futures/um/monthly/klines/pixelusdt/1m/PIXELUSDT-1m-2025-06.csv
futures/um/monthly/klines/pixelusdt/1m/PIXELUSDT-1m-2025-07.csv
futures/um/monthly/klines/pixelusdt/1m/PIXELUSDT-1m-2025-08.csv
futures/um/monthly/klines/pixelusdt/1m/PIXELUSDT-1m-2025-09.csv
futures/um/monthly/klines/pixelusdt/1m/PIXELUSDT-1m-2025-10.csv
futures/um/monthly/klines/pixelusdt/1m/PIXELUSDT-1m-2025-11.csv
futures/um/monthly/klines/pixelusdt/1m/PIXELUSDT-1m-2025-12.csv
futures/um/monthly/klines/pixelusdt/1m/PIXELUSDT-1m-2026-01.csv
futures/um/monthly/klines/pixelusdt/1m/PIXELUSDT-1m-2026-02.csv
futures/um/monthly/klines/pixelusdt/1m/PIXELUSDT-1m-2026-03.csv
futures/um/monthly/klines/pixelusdt/1m/PIXELUSDT-1m-2026-04.csv
futures/um/monthly/klines/pixelusdt/1m/PIXELUSDT-1m-2026-05.csv
futures/um/monthly/klines/pixelusdt/1m/PIXELUSDT-1m-2026-06.csv
futures/um/monthly/klines/pixelusdt/1m/PIXELUSDT-1m-2026-07.csv
futures/um/monthly/klines/pixelusdt/1m/PIXELUSDT-1m-2026-08.csv
futures/um/monthly/klines/playusdt/1m/PLAYUSDT-1m-2025-07.csv
futures/um/monthly/klines/playusdt/1m/PLAYUSDT-1m-2025-08.csv
futures/um/monthly/klines/playusdt/1m/PLAYUSDT-1m-2025-09.csv
futures/um/monthly/klines/playusdt/1m/PLAYUSDT-1m-2025-10.csv
futures/um/monthly/klines/playusdt/1m/PLAYUSDT-1m-2025-11.csv
futures/um/monthly/klines/playusdt/1m/PLAYUSDT-1m-2025-12.csv
futures/um/monthly/klines/playusdt/1m/PLAYUSDT-1m-2026-01.csv
futures/um/monthly/klines/playusdt/1m/PLAYUSDT-1m-2026-02.csv
futures/um/monthly/klines/playusdt/1m/PLAYUSDT-1m-2026-03.csv
futures/um/monthly/klines/playusdt/1m/PLAYUSDT-1m-2026-04.csv
futures/um/monthly/klines/playusdt/1m/PLAYUSDT-1m-2026-05.csv
futures/um/monthly/klines/playusdt/1m/PLAYUSDT-1m-2026-06.csv
futures/um/monthly/klines/playusdt/1m/PLAYUSDT-1m-2026-07.csv
futures/um/monthly/klines/playusdt/1m/PLAYUSDT-1m-2026-08.csv
futures/um/monthly/klines/plumeusdt/1m/PLUMEUSDT-1m-2025-03.csv
futures/um/monthly/klines/plumeusdt/1m/PLUMEUSDT-1m-2025-04.csv
futures/um/monthly/klines/plumeusdt/1m/PLUMEUSDT-1m-2025-05.csv
futures/um/monthly/klines/plumeusdt/1m/PLUMEUSDT-1m-2025-06.csv
futures/um/monthly/klines/plumeusdt/1m/PLUMEUSDT-1m-2025-07.csv
futures/um/monthly/klines/plumeusdt/1m/PLUMEUSDT-1m-2025-08.csv
futures/um/monthly/klines/plumeusdt/1m/PLUMEUSDT-1m-2025-09.csv
futures/um/monthly/klines/plumeusdt/1m/PLUMEUSDT-1m-2025-10.csv
futures/um/monthly/klines/plumeusdt/1m/PLUMEUSDT-1m-2025-11.csv
futures/um/monthly/klines/plumeusdt/1m/PLUMEUSDT-1m-2025-12.csv
futures/um/monthly/klines/plumeusdt/1m/PLUMEUSDT-1m-2026-01.csv
futures/um/monthly/klines/plumeusdt/1m/PLUMEUSDT-1m-2026-02.csv
futures/um/monthly/klines/plumeusdt/1m/PLUMEUSDT-1m-2026-03.csv
futures/um/monthly/klines/plumeusdt/1m/PLUMEUSDT-1m-2026-04.csv
futures/um/monthly/klines/plumeusdt/1m/PLUMEUSDT-1m-2026-05.csv
futures/um/monthly/klines/plumeusdt/1m/PLUMEUSDT-1m-2026-06.csv
futures/um/monthly/klines/plumeusdt/1m/PLUMEUSDT-1m-2026-07.csv
futures/um/monthly/klines/plumeusdt/1m/PLUMEUSDT-1m-2026-08.csv
futures/um/monthly/klines/pnutusdt/1m/PNUTUSDT-1m-2024-11.csv
futures/um/monthly/klines/pnutusdt/1m/PNUTUSDT-1m-2024-12.csv
futures/um/monthly/klines/pnutusdt/1m/PNUTUSDT-1m-2025-01.csv
futures/um/monthly/klines/pnutusdt/1m/PNUTUSDT-1m-2025-02.csv
futures/um/monthly/klines/pnutusdt/1m/PNUTUSDT-1m-2025-03.csv
futures/um/monthly/klines/pnutusdt/1m/PNUTUSDT-1m-2025-04.csv
futures/um/monthly/klines/pnutusdt/1m/PNUTUSDT-1m-2025-05.csv
futures/um/monthly/klines/pnutusdt/1m/PNUTUSDT-1m-2025-06.csv
futures/um/monthly/klines/pnutusdt/1m/PNUTUSDT-1m-2025-07.csv
futures/um/monthly/klines/pnutusdt/1m/PNUTUSDT-1m-2025-08.csv
futures/um/monthly/klines/pnutusdt/1m/PNUTUSDT-1m-2025-09.csv
futures/um/monthly/klines/pnutusdt/1m/PNUTUSDT-1m-2025-10.csv
futures/um/monthly/klines/pnutusdt/1m/PNUTUSDT-1m-2025-11.csv
futures/um/monthly/klines/pnutusdt/1m/PNUTUSDT-1m-2025-12.csv
futures/um/monthly/klines/pnutusdt/1m/PNUTUSDT-1m-2026-01.csv
futures/um/monthly/klines/pnutusdt/1m/PNUTUSDT-1m-2026-02.csv
futures/um/monthly/klines/pnutusdt/1m/PNUTUSDT-1m-2026-03.csv
futures/um/monthly/klines/pnutusdt/1m/PNUTUSDT-1m-2026-04.csv
futures/um/monthly/klines/pnutusdt/1m/PNUTUSDT-1m-2026-05.csv
futures/um/monthly/klines/pnutusdt/1m/PNUTUSDT-1m-2026-06.csv
futures/um/monthly/klines/pnutusdt/1m/PNUTUSDT-1m-2026-07.csv
futures/um/monthly/klines/pnutusdt/1m/PNUTUSDT-1m-2026-08.csv
futures/um/monthly/klines/polusdt/1m/POLUSDT-1m-2024-09.csv
futures/um/monthly/klines/polusdt/1m/POLUSDT-1m-2024-10.csv
futures/um/monthly/klines/polusdt/1m/POLUSDT-1m-2024-11.csv
futures/um/monthly/klines/polusdt/1m/POLUSDT-1m-2024-12.csv
futures/um/monthly/klines/polusdt/1m/POLUSDT-1m-2025-01.csv
futures/um/monthly/klines/polusdt/1m/POLUSDT-1m-2025-02.csv
futures/um/monthly/klines/polusdt/1m/POLUSDT-1m-2025-03.csv
futures/um/monthly/klines/polusdt/1m/POLUSDT-1m-2025-04.csv
futures/um/monthly/klines/polusdt/1m/POLUSDT-1m-2025-05.csv
futures/um/monthly/klines/polusdt/1m/POLUSDT-1m-2025-06.csv
futures/um/monthly/klines/polusdt/1m/POLUSDT-1m-2025-07.csv
futures/um/monthly/klines/polusdt/1m/POLUSDT-1m-2025-08.csv
futures/um/monthly/klines/polusdt/1m/POLUSDT-1m-2025-09.csv
futures/um/monthly/klines/polusdt/1m/POLUSDT-1m-2025-10.csv
futures/um/monthly/klines/polusdt/1m/POLUSDT-1m-2025-11.csv
futures/um/monthly/klines/polusdt/1m/POLUSDT-1m-2025-12.csv
futures/um/monthly/klines/polusdt/1m/POLUSDT-1m-2026-01.csv
futures/um/monthly/klines/polusdt/1m/POLUSDT-1m-2026-02.csv
futures/um/monthly/klines/polusdt/1m/POLUSDT-1m-2026-03.csv
futures/um/monthly/klines/polusdt/1m/POLUSDT-1m-2026-04.csv
futures/um/monthly/klines/polusdt/1m/POLUSDT-1m-2026-05.csv
futures/um/monthly/klines/polusdt/1m/POLUSDT-1m-2026-06.csv
futures/um/monthly/klines/polusdt/1m/POLUSDT-1m-2026-07.csv
futures/um/monthly/klines/polusdt/1m/POLUSDT-1m-2026-08.csv
futures/um/monthly/klines/polyxusdt/1m/POLYXUSDT-1m-2023-10.csv
futures/um/monthly/klines/polyxusdt/1m/POLYXUSDT-1m-2023-11.csv
futures/um/monthly/klines/polyxusdt/1m/POLYXUSDT-1m-2023-12.csv
futures/um/monthly/klines/polyxusdt/1m/POLYXUSDT-1m-2024-01.csv
futures/um/monthly/klines/polyxusdt/1m/POLYXUSDT-1m-2024-02.csv
futures/um/monthly/klines/polyxusdt/1m/POLYXUSDT-1m-2024-03.csv
futures/um/monthly/klines/polyxusdt/1m/POLYXUSDT-1m-2024-04.csv
futures/um/monthly/klines/polyxusdt/1m/POLYXUSDT-1m-2024-05.csv
futures/um/monthly/klines/polyxusdt/1m/POLYXUSDT-1m-2024-06.csv
futures/um/monthly/klines/polyxusdt/1m/POLYXUSDT-1m-2024-07.csv
futures/um/monthly/klines/polyxusdt/1m/POLYXUSDT-1m-2024-08.csv
futures/um/monthly/klines/polyxusdt/1m/POLYXUSDT-1m-2024-09.csv
futures/um/monthly/klines/polyxusdt/1m/POLYXUSDT-1m-2024-10.csv
futures/um/monthly/klines/polyxusdt/1m/POLYXUSDT-1m-2024-11.csv
futures/um/monthly/klines/polyxusdt/1m/POLYXUSDT-1m-2024-12.csv
futures/um/monthly/klines/polyxusdt/1m/POLYXUSDT-1m-2025-01.csv
futures/um/monthly/klines/polyxusdt/1m/POLYXUSDT-1m-2025-02.csv
futures/um/monthly/klines/polyxusdt/1m/POLYXUSDT-1m-2025-03.csv
futures/um/monthly/klines/polyxusdt/1m/POLYXUSDT-1m-2025-04.csv
futures/um/monthly/klines/polyxusdt/1m/POLYXUSDT-1m-2025-05.csv
futures/um/monthly/klines/polyxusdt/1m/POLYXUSDT-1m-2025-06.csv
futures/um/monthly/klines/polyxusdt/1m/POLYXUSDT-1m-2025-07.csv
futures/um/monthly/klines/polyxusdt/1m/POLYXUSDT-1m-2025-08.csv
futures/um/monthly/klines/polyxusdt/1m/POLYXUSDT-1m-2025-09.csv
futures/um/monthly/klines/polyxusdt/1m/POLYXUSDT-1m-2025-10.csv
futures/um/monthly/klines/polyxusdt/1m/POLYXUSDT-1m-2025-11.csv
futures/um/monthly/klines/polyxusdt/1m/POLYXUSDT-1m-2025-12.csv
futures/um/monthly/klines/polyxusdt/1m/POLYXUSDT-1m-2026-01.csv
futures/um/monthly/klines/polyxusdt/1m/POLYXUSDT-1m-2026-02.csv
futures/um/monthly/klines/polyxusdt/1m/POLYXUSDT-1m-2026-03.csv
futures/um/monthly/klines/polyxusdt/1m/POLYXUSDT-1m-2026-04.csv
futures/um/monthly/klines/polyxusdt/1m/POLYXUSDT-1m-2026-05.csv
futures/um/monthly/klines/polyxusdt/1m/POLYXUSDT-1m-2026-06.csv
futures/um/monthly/klines/polyxusdt/1m/POLYXUSDT-1m-2026-07.csv
futures/um/monthly/klines/polyxusdt/1m/POLYXUSDT-1m-2026-08.csv
futures/um/monthly/klines/popcatusdt/1m/POPCATUSDT-1m-2024-08.csv
futures/um/monthly/klines/popcatusdt/1m/POPCATUSDT-1m-2024-09.csv
futures/um/monthly/klines/popcatusdt/1m/POPCATUSDT-1m-2024-10.csv
futures/um/monthly/klines/popcatusdt/1m/POPCATUSDT-1m-2024-11.csv
futures/um/monthly/klines/popcatusdt/1m/POPCATUSDT-1m-2024-12.csv
futures/um/monthly/klines/popcatusdt/1m/POPCATUSDT-1m-2025-01.csv
futures/um/monthly/klines/popcatusdt/1m/POPCATUSDT-1m-2025-02.csv
futures/um/monthly/klines/popcatusdt/1m/POPCATUSDT-1m-2025-03.csv
futures/um/monthly/klines/popcatusdt/1m/POPCATUSDT-1m-2025-04.csv
futures/um/monthly/klines/popcatusdt/1m/POPCATUSDT-1m-2025-05.csv
futures/um/monthly/klines/popcatusdt/1m/POPCATUSDT-1m-2025-06.csv
futures/um/monthly/klines/popcatusdt/1m/POPCATUSDT-1m-2025-07.csv
futures/um/monthly/klines/popcatusdt/1m/POPCATUSDT-1m-2025-08.csv
futures/um/monthly/klines/popcatusdt/1m/POPCATUSDT-1m-2025-09.csv
futures/um/monthly/klines/popcatusdt/1m/POPCATUSDT-1m-2025-10.csv
futures/um/monthly/klines/popcatusdt/1m/POPCATUSDT-1m-2025-11.csv
futures/um/monthly/klines/popcatusdt/1m/POPCATUSDT-1m-2025-12.csv
futures/um/monthly/klines/popcatusdt/1m/POPCATUSDT-1m-2026-01.csv
futures/um/monthly/klines/popcatusdt/1m/POPCATUSDT-1m-2026-02.csv
futures/um/monthly/klines/popcatusdt/1m/POPCATUSDT-1m-2026-03.csv
futures/um/monthly/klines/popcatusdt/1m/POPCATUSDT-1m-2026-04.csv
futures/um/monthly/klines/popcatusdt/1m/POPCATUSDT-1m-2026-05.csv
futures/um/monthly/klines/popcatusdt/1m/POPCATUSDT-1m-2026-06.csv
futures/um/monthly/klines/popcatusdt/1m/POPCATUSDT-1m-2026-07.csv
futures/um/monthly/klines/popcatusdt/1m/POPCATUSDT-1m-2026-08.csv
futures/um/monthly/klines/portalusdt/1m/PORTALUSDT-1m-2024-02.csv
futures/um/monthly/klines/portalusdt/1m/PORTALUSDT-1m-2024-03.csv
futures/um/monthly/klines/portalusdt/1m/PORTALUSDT-1m-2024-04.csv
futures/um/monthly/klines/portalusdt/1m/PORTALUSDT-1m-2024-05.csv
futures/um/monthly/klines/portalusdt/1m/PORTALUSDT-1m-2024-06.csv
futures/um/monthly/klines/portalusdt/1m/PORTALUSDT-1m-2024-07.csv
futures/um/monthly/klines/portalusdt/1m/PORTALUSDT-1m-2024-08.csv
futures/um/monthly/klines/portalusdt/1m/PORTALUSDT-1m-2024-09.csv
futures/um/monthly/klines/portalusdt/1m/PORTALUSDT-1m-2024-10.csv
futures/um/monthly/klines/portalusdt/1m/PORTALUSDT-1m-2024-11.csv
futures/um/monthly/klines/portalusdt/1m/PORTALUSDT-1m-2024-12.csv
futures/um/monthly/klines/portalusdt/1m/PORTALUSDT-1m-2025-01.csv
futures/um/monthly/klines/portalusdt/1m/PORTALUSDT-1m-2025-02.csv
futures/um/monthly/klines/portalusdt/1m/PORTALUSDT-1m-2025-03.csv
futures/um/monthly/klines/portalusdt/1m/PORTALUSDT-1m-2025-04.csv
futures/um/monthly/klines/portalusdt/1m/PORTALUSDT-1m-2025-05.csv
futures/um/monthly/klines/portalusdt/1m/PORTALUSDT-1m-2025-06.csv
futures/um/monthly/klines/portalusdt/1m/PORTALUSDT-1m-2025-07.csv
futures/um/monthly/klines/portalusdt/1m/PORTALUSDT-1m-2025-08.csv
futures/um/monthly/klines/portalusdt/1m/PORTALUSDT-1m-2025-09.csv
futures/um/monthly/klines/portalusdt/1m/PORTALUSDT-1m-2025-10.csv
futures/um/monthly/klines/portalusdt/1m/PORTALUSDT-1m-2025-11.csv
futures/um/monthly/klines/portalusdt/1m/PORTALUSDT-1m-2025-12.csv
futures/um/monthly/klines/portalusdt/1m/PORTALUSDT-1m-2026-01.csv
futures/um/monthly/klines/portalusdt/1m/PORTALUSDT-1m-2026-02.csv
futures/um/monthly/klines/portalusdt/1m/PORTALUSDT-1m-2026-03.csv
futures/um/monthly/klines/portalusdt/1m/PORTALUSDT-1m-2026-04.csv
futures/um/monthly/klines/portalusdt/1m/PORTALUSDT-1m-2026-05.csv
futures/um/monthly/klines/portalusdt/1m/PORTALUSDT-1m-2026-06.csv
futures/um/monthly/klines/portalusdt/1m/PORTALUSDT-1m-2026-07.csv
futures/um/monthly/klines/portalusdt/1m/PORTALUSDT-1m-2026-08.csv
futures/um/monthly/klines/powerusdt/1m/POWERUSDT-1m-2025-12.csv
futures/um/monthly/klines/powerusdt/1m/POWERUSDT-1m-2026-01.csv
futures/um/monthly/klines/powerusdt/1m/POWERUSDT-1m-2026-02.csv
futures/um/monthly/klines/powerusdt/1m/POWERUSDT-1m-2026-03.csv
futures/um/monthly/klines/powerusdt/1m/POWERUSDT-1m-2026-04.csv
futures/um/monthly/klines/powerusdt/1m/POWERUSDT-1m-2026-05.csv
futures/um/monthly/klines/powerusdt/1m/POWERUSDT-1m-2026-06.csv
futures/um/monthly/klines/powerusdt/1m/POWERUSDT-1m-2026-07.csv
futures/um/monthly/klines/powerusdt/1m/POWERUSDT-1m-2026-08.csv
futures/um/monthly/klines/powrusdt/1m/POWRUSDT-1m-2023-10.csv
futures/um/monthly/klines/powrusdt/1m/POWRUSDT-1m-2023-11.csv
futures/um/monthly/klines/powrusdt/1m/POWRUSDT-1m-2023-12.csv
futures/um/monthly/klines/powrusdt/1m/POWRUSDT-1m-2024-01.csv
futures/um/monthly/klines/powrusdt/1m/POWRUSDT-1m-2024-02.csv
futures/um/monthly/klines/powrusdt/1m/POWRUSDT-1m-2024-03.csv
futures/um/monthly/klines/powrusdt/1m/POWRUSDT-1m-2024-04.csv
futures/um/monthly/klines/powrusdt/1m/POWRUSDT-1m-2024-05.csv
futures/um/monthly/klines/powrusdt/1m/POWRUSDT-1m-2024-06.csv
futures/um/monthly/klines/powrusdt/1m/POWRUSDT-1m-2024-07.csv
futures/um/monthly/klines/powrusdt/1m/POWRUSDT-1m-2024-08.csv
futures/um/monthly/klines/powrusdt/1m/POWRUSDT-1m-2024-09.csv
futures/um/monthly/klines/powrusdt/1m/POWRUSDT-1m-2024-10.csv
futures/um/monthly/klines/powrusdt/1m/POWRUSDT-1m-2024-11.csv
futures/um/monthly/klines/powrusdt/1m/POWRUSDT-1m-2024-12.csv
futures/um/monthly/klines/powrusdt/1m/POWRUSDT-1m-2025-01.csv
futures/um/monthly/klines/powrusdt/1m/POWRUSDT-1m-2025-02.csv
futures/um/monthly/klines/powrusdt/1m/POWRUSDT-1m-2025-03.csv
futures/um/monthly/klines/powrusdt/1m/POWRUSDT-1m-2025-04.csv
futures/um/monthly/klines/powrusdt/1m/POWRUSDT-1m-2025-05.csv
futures/um/monthly/klines/powrusdt/1m/POWRUSDT-1m-2025-06.csv
futures/um/monthly/klines/powrusdt/1m/POWRUSDT-1m-2025-07.csv
futures/um/monthly/klines/powrusdt/1m/POWRUSDT-1m-2025-08.csv
futures/um/monthly/klines/powrusdt/1m/POWRUSDT-1m-2025-09.csv
futures/um/monthly/klines/powrusdt/1m/POWRUSDT-1m-2025-10.csv
futures/um/monthly/klines/powrusdt/1m/POWRUSDT-1m-2025-11.csv
futures/um/monthly/klines/powrusdt/1m/POWRUSDT-1m-2025-12.csv
futures/um/monthly/klines/powrusdt/1m/POWRUSDT-1m-2026-01.csv
futures/um/monthly/klines/powrusdt/1m/POWRUSDT-1m-2026-02.csv
futures/um/monthly/klines/powrusdt/1m/POWRUSDT-1m-2026-03.csv
futures/um/monthly/klines/powrusdt/1m/POWRUSDT-1m-2026-04.csv
futures/um/monthly/klines/powrusdt/1m/POWRUSDT-1m-2026-05.csv
futures/um/monthly/klines/powrusdt/1m/POWRUSDT-1m-2026-06.csv
futures/um/monthly/klines/powrusdt/1m/POWRUSDT-1m-2026-07.csv
futures/um/monthly/klines/powrusdt/1m/POWRUSDT-1m-2026-08.csv
futures/um/monthly/klines/prlusdt/1m/PRLUSDT-1m-2026-04.csv
futures/um/monthly/klines/prlusdt/1m/PRLUSDT-1m-2026-05.csv
futures/um/monthly/klines/prlusdt/1m/PRLUSDT-1m-2026-06.csv
futures/um/monthly/klines/prlusdt/1m/PRLUSDT-1m-2026-07.csv
futures/um/monthly/klines/prlusdt/1m/PRLUSDT-1m-2026-08.csv
futures/um/monthly/klines/promptusdt/1m/PROMPTUSDT-1m-2025-04.csv
futures/um/monthly/klines/promptusdt/1m/PROMPTUSDT-1m-2025-05.csv
futures/um/monthly/klines/promptusdt/1m/PROMPTUSDT-1m-2025-06.csv
futures/um/monthly/klines/promptusdt/1m/PROMPTUSDT-1m-2025-07.csv
futures/um/monthly/klines/promptusdt/1m/PROMPTUSDT-1m-2025-08.csv
futures/um/monthly/klines/promptusdt/1m/PROMPTUSDT-1m-2025-09.csv
futures/um/monthly/klines/promptusdt/1m/PROMPTUSDT-1m-2025-10.csv
futures/um/monthly/klines/promptusdt/1m/PROMPTUSDT-1m-2025-11.csv
futures/um/monthly/klines/promptusdt/1m/PROMPTUSDT-1m-2025-12.csv
futures/um/monthly/klines/promptusdt/1m/PROMPTUSDT-1m-2026-01.csv
futures/um/monthly/klines/promptusdt/1m/PROMPTUSDT-1m-2026-02.csv
futures/um/monthly/klines/promptusdt/1m/PROMPTUSDT-1m-2026-03.csv
futures/um/monthly/klines/promptusdt/1m/PROMPTUSDT-1m-2026-04.csv
futures/um/monthly/klines/promptusdt/1m/PROMPTUSDT-1m-2026-05.csv
futures/um/monthly/klines/promptusdt/1m/PROMPTUSDT-1m-2026-06.csv
futures/um/monthly/klines/promptusdt/1m/PROMPTUSDT-1m-2026-07.csv
futures/um/monthly/klines/promptusdt/1m/PROMPTUSDT-1m-2026-08.csv
futures/um/monthly/klines/promusdt/1m/PROMUSDT-1m-2025-01.csv
futures/um/monthly/klines/promusdt/1m/PROMUSDT-1m-2025-02.csv
futures/um/monthly/klines/promusdt/1m/PROMUSDT-1m-2025-03.csv
futures/um/monthly/klines/promusdt/1m/PROMUSDT-1m-2025-04.csv
futures/um/monthly/klines/promusdt/1m/PROMUSDT-1m-2025-05.csv
futures/um/monthly/klines/promusdt/1m/PROMUSDT-1m-2025-06.csv
futures/um/monthly/klines/promusdt/1m/PROMUSDT-1m-2025-07.csv
futures/um/monthly/klines/promusdt/1m/PROMUSDT-1m-2025-08.csv
futures/um/monthly/klines/promusdt/1m/PROMUSDT-1m-2025-09.csv
futures/um/monthly/klines/promusdt/1m/PROMUSDT-1m-2025-10.csv
futures/um/monthly/klines/promusdt/1m/PROMUSDT-1m-2025-11.csv
futures/um/monthly/klines/promusdt/1m/PROMUSDT-1m-2025-12.csv
futures/um/monthly/klines/promusdt/1m/PROMUSDT-1m-2026-01.csv
futures/um/monthly/klines/promusdt/1m/PROMUSDT-1m-2026-02.csv
futures/um/monthly/klines/promusdt/1m/PROMUSDT-1m-2026-03.csv
futures/um/monthly/klines/promusdt/1m/PROMUSDT-1m-2026-04.csv
futures/um/monthly/klines/promusdt/1m/PROMUSDT-1m-2026-05.csv
futures/um/monthly/klines/promusdt/1m/PROMUSDT-1m-2026-06.csv
futures/um/monthly/klines/promusdt/1m/PROMUSDT-1m-2026-07.csv
futures/um/monthly/klines/promusdt/1m/PROMUSDT-1m-2026-08.csv
futures/um/monthly/klines/proveusdt/1m/PROVEUSDT-1m-2025-08.csv
futures/um/monthly/klines/proveusdt/1m/PROVEUSDT-1m-2025-09.csv
futures/um/monthly/klines/proveusdt/1m/PROVEUSDT-1m-2025-10.csv
futures/um/monthly/klines/proveusdt/1m/PROVEUSDT-1m-2025-11.csv
futures/um/monthly/klines/proveusdt/1m/PROVEUSDT-1m-2025-12.csv
futures/um/monthly/klines/proveusdt/1m/PROVEUSDT-1m-2026-01.csv
futures/um/monthly/klines/proveusdt/1m/PROVEUSDT-1m-2026-02.csv
futures/um/monthly/klines/proveusdt/1m/PROVEUSDT-1m-2026-03.csv
futures/um/monthly/klines/proveusdt/1m/PROVEUSDT-1m-2026-04.csv
futures/um/monthly/klines/proveusdt/1m/PROVEUSDT-1m-2026-05.csv
futures/um/monthly/klines/proveusdt/1m/PROVEUSDT-1m-2026-06.csv
futures/um/monthly/klines/proveusdt/1m/PROVEUSDT-1m-2026-07.csv
futures/um/monthly/klines/proveusdt/1m/PROVEUSDT-1m-2026-08.csv
futures/um/monthly/klines/ptbusdt/1m/PTBUSDT-1m-2025-09.csv
futures/um/monthly/klines/ptbusdt/1m/PTBUSDT-1m-2025-10.csv
futures/um/monthly/klines/ptbusdt/1m/PTBUSDT-1m-2025-11.csv
futures/um/monthly/klines/ptbusdt/1m/PTBUSDT-1m-2025-12.csv
futures/um/monthly/klines/ptbusdt/1m/PTBUSDT-1m-2026-01.csv
futures/um/monthly/klines/ptbusdt/1m/PTBUSDT-1m-2026-02.csv
futures/um/monthly/klines/ptbusdt/1m/PTBUSDT-1m-2026-03.csv
futures/um/monthly/klines/ptbusdt/1m/PTBUSDT-1m-2026-04.csv
futures/um/monthly/klines/ptbusdt/1m/PTBUSDT-1m-2026-05.csv
futures/um/monthly/klines/ptbusdt/1m/PTBUSDT-1m-2026-06.csv
futures/um/monthly/klines/ptbusdt/1m/PTBUSDT-1m-2026-07.csv
futures/um/monthly/klines/ptbusdt/1m/PTBUSDT-1m-2026-08.csv
futures/um/monthly/klines/pumpbtcusdt/1m/PUMPBTCUSDT-1m-2025-06.csv
futures/um/monthly/klines/pumpbtcusdt/1m/PUMPBTCUSDT-1m-2025-07.csv
futures/um/monthly/klines/pumpbtcusdt/1m/PUMPBTCUSDT-1m-2025-08.csv
futures/um/monthly/klines/pumpbtcusdt/1m/PUMPBTCUSDT-1m-2025-09.csv
futures/um/monthly/klines/pumpbtcusdt/1m/PUMPBTCUSDT-1m-2025-10.csv
futures/um/monthly/klines/pumpbtcusdt/1m/PUMPBTCUSDT-1m-2025-11.csv
futures/um/monthly/klines/pumpbtcusdt/1m/PUMPBTCUSDT-1m-2025-12.csv
futures/um/monthly/klines/pumpbtcusdt/1m/PUMPBTCUSDT-1m-2026-01.csv
futures/um/monthly/klines/pumpbtcusdt/1m/PUMPBTCUSDT-1m-2026-02.csv
futures/um/monthly/klines/pumpbtcusdt/1m/PUMPBTCUSDT-1m-2026-03.csv
futures/um/monthly/klines/pumpbtcusdt/1m/PUMPBTCUSDT-1m-2026-04.csv
futures/um/monthly/klines/pumpbtcusdt/1m/PUMPBTCUSDT-1m-2026-05.csv
futures/um/monthly/klines/pumpbtcusdt/1m/PUMPBTCUSDT-1m-2026-06.csv
futures/um/monthly/klines/pumpbtcusdt/1m/PUMPBTCUSDT-1m-2026-07.csv
futures/um/monthly/klines/pumpbtcusdt/1m/PUMPBTCUSDT-1m-2026-08.csv
futures/um/monthly/klines/pumpusdt/1m/PUMPUSDT-1m-2025-04.csv
futures/um/monthly/klines/pumpusdt/1m/PUMPUSDT-1m-2025-05.csv
futures/um/monthly/klines/pumpusdt/1m/PUMPUSDT-1m-2025-06.csv
futures/um/monthly/klines/pumpusdt/1m/PUMPUSDT-1m-2025-07.csv
futures/um/monthly/klines/pumpusdt/1m/PUMPUSDT-1m-2025-08.csv
futures/um/monthly/klines/pumpusdt/1m/PUMPUSDT-1m-2025-09.csv
futures/um/monthly/klines/pumpusdt/1m/PUMPUSDT-1m-2025-10.csv
futures/um/monthly/klines/pumpusdt/1m/PUMPUSDT-1m-2025-11.csv
futures/um/monthly/klines/pumpusdt/1m/PUMPUSDT-1m-2025-12.csv
futures/um/monthly/klines/pumpusdt/1m/PUMPUSDT-1m-2026-01.csv
futures/um/monthly/klines/pumpusdt/1m/PUMPUSDT-1m-2026-02.csv
futures/um/monthly/klines/pumpusdt/1m/PUMPUSDT-1m-2026-03.csv
futures/um/monthly/klines/pumpusdt/1m/PUMPUSDT-1m-2026-04.csv
futures/um/monthly/klines/pumpusdt/1m/PUMPUSDT-1m-2026-05.csv
futures/um/monthly/klines/pumpusdt/1m/PUMPUSDT-1m-2026-06.csv
futures/um/monthly/klines/pumpusdt/1m/PUMPUSDT-1m-2026-07.csv
futures/um/monthly/klines/pumpusdt/1m/PUMPUSDT-1m-2026-08.csv
futures/um/monthly/klines/pundixusdt/1m/PUNDIXUSDT-1m-2025-04.csv
futures/um/monthly/klines/pundixusdt/1m/PUNDIXUSDT-1m-2025-05.csv
futures/um/monthly/klines/pundixusdt/1m/PUNDIXUSDT-1m-2025-06.csv
futures/um/monthly/klines/pundixusdt/1m/PUNDIXUSDT-1m-2025-07.csv
futures/um/monthly/klines/pundixusdt/1m/PUNDIXUSDT-1m-2025-08.csv
futures/um/monthly/klines/pundixusdt/1m/PUNDIXUSDT-1m-2025-09.csv
futures/um/monthly/klines/pundixusdt/1m/PUNDIXUSDT-1m-2025-10.csv
futures/um/monthly/klines/pundixusdt/1m/PUNDIXUSDT-1m-2025-11.csv
futures/um/monthly/klines/pundixusdt/1m/PUNDIXUSDT-1m-2025-12.csv
futures/um/monthly/klines/pundixusdt/1m/PUNDIXUSDT-1m-2026-01.csv
futures/um/monthly/klines/pundixusdt/1m/PUNDIXUSDT-1m-2026-02.csv
futures/um/monthly/klines/pundixusdt/1m/PUNDIXUSDT-1m-2026-03.csv
futures/um/monthly/klines/pundixusdt/1m/PUNDIXUSDT-1m-2026-04.csv
futures/um/monthly/klines/pundixusdt/1m/PUNDIXUSDT-1m-2026-05.csv
futures/um/monthly/klines/pundixusdt/1m/PUNDIXUSDT-1m-2026-06.csv
futures/um/monthly/klines/pundixusdt/1m/PUNDIXUSDT-1m-2026-07.csv
futures/um/monthly/klines/pundixusdt/1m/PUNDIXUSDT-1m-2026-08.csv
futures/um/monthly/klines/pythusdt/1m/PYTHUSDT-1m-2023-11.csv
futures/um/monthly/klines/pythusdt/1m/PYTHUSDT-1m-2023-12.csv
futures/um/monthly/klines/pythusdt/1m/PYTHUSDT-1m-2024-01.csv
futures/um/monthly/klines/pythusdt/1m/PYTHUSDT-1m-2024-02.csv
futures/um/monthly/klines/pythusdt/1m/PYTHUSDT-1m-2024-03.csv
futures/um/monthly/klines/pythusdt/1m/PYTHUSDT-1m-2024-04.csv
futures/um/monthly/klines/pythusdt/1m/PYTHUSDT-1m-2024-05.csv
futures/um/monthly/klines/pythusdt/1m/PYTHUSDT-1m-2024-06.csv
futures/um/monthly/klines/pythusdt/1m/PYTHUSDT-1m-2024-07.csv
futures/um/monthly/klines/pythusdt/1m/PYTHUSDT-1m-2024-08.csv
futures/um/monthly/klines/pythusdt/1m/PYTHUSDT-1m-2024-09.csv
futures/um/monthly/klines/pythusdt/1m/PYTHUSDT-1m-2024-10.csv
futures/um/monthly/klines/pythusdt/1m/PYTHUSDT-1m-2024-11.csv
futures/um/monthly/klines/pythusdt/1m/PYTHUSDT-1m-2024-12.csv
futures/um/monthly/klines/pythusdt/1m/PYTHUSDT-1m-2025-01.csv
futures/um/monthly/klines/pythusdt/1m/PYTHUSDT-1m-2025-02.csv
futures/um/monthly/klines/pythusdt/1m/PYTHUSDT-1m-2025-03.csv
futures/um/monthly/klines/pythusdt/1m/PYTHUSDT-1m-2025-04.csv
futures/um/monthly/klines/pythusdt/1m/PYTHUSDT-1m-2025-05.csv
futures/um/monthly/klines/pythusdt/1m/PYTHUSDT-1m-2025-06.csv
futures/um/monthly/klines/pythusdt/1m/PYTHUSDT-1m-2025-07.csv
futures/um/monthly/klines/pythusdt/1m/PYTHUSDT-1m-2025-08.csv
futures/um/monthly/klines/pythusdt/1m/PYTHUSDT-1m-2025-09.csv
futures/um/monthly/klines/pythusdt/1m/PYTHUSDT-1m-2025-10.csv
futures/um/monthly/klines/pythusdt/1m/PYTHUSDT-1m-2025-11.csv
futures/um/monthly/klines/pythusdt/1m/PYTHUSDT-1m-2025-12.csv
futures/um/monthly/klines/pythusdt/1m/PYTHUSDT-1m-2026-01.csv
futures/um/monthly/klines/pythusdt/1m/PYTHUSDT-1m-2026-02.csv
futures/um/monthly/klines/pythusdt/1m/PYTHUSDT-1m-2026-03.csv
futures/um/monthly/klines/pythusdt/1m/PYTHUSDT-1m-2026-04.csv
futures/um/monthly/klines/pythusdt/1m/PYTHUSDT-1m-2026-05.csv
futures/um/monthly/klines/pythusdt/1m/PYTHUSDT-1m-2026-06.csv
futures/um/monthly/klines/pythusdt/1m/PYTHUSDT-1m-2026-07.csv
futures/um/monthly/klines/pythusdt/1m/PYTHUSDT-1m-2026-08.csv
futures/um/monthly/klines/qntusdt/1m/QNTUSDT-1m-2022-10.csv
futures/um/monthly/klines/qntusdt/1m/QNTUSDT-1m-2022-11.csv
futures/um/monthly/klines/qntusdt/1m/QNTUSDT-1m-2022-12.csv
futures/um/monthly/klines/qntusdt/1m/QNTUSDT-1m-2023-01.csv
futures/um/monthly/klines/qntusdt/1m/QNTUSDT-1m-2023-02.csv
futures/um/monthly/klines/qntusdt/1m/QNTUSDT-1m-2023-03.csv
futures/um/monthly/klines/qntusdt/1m/QNTUSDT-1m-2023-04.csv
futures/um/monthly/klines/qntusdt/1m/QNTUSDT-1m-2023-05.csv
futures/um/monthly/klines/qntusdt/1m/QNTUSDT-1m-2023-06.csv
futures/um/monthly/klines/qntusdt/1m/QNTUSDT-1m-2023-07.csv
futures/um/monthly/klines/qntusdt/1m/QNTUSDT-1m-2023-08.csv
futures/um/monthly/klines/qntusdt/1m/QNTUSDT-1m-2023-09.csv
futures/um/monthly/klines/qntusdt/1m/QNTUSDT-1m-2023-10.csv
futures/um/monthly/klines/qntusdt/1m/QNTUSDT-1m-2023-11.csv
futures/um/monthly/klines/qntusdt/1m/QNTUSDT-1m-2023-12.csv
futures/um/monthly/klines/qntusdt/1m/QNTUSDT-1m-2024-01.csv
futures/um/monthly/klines/qntusdt/1m/QNTUSDT-1m-2024-02.csv
futures/um/monthly/klines/qntusdt/1m/QNTUSDT-1m-2024-03.csv
futures/um/monthly/klines/qntusdt/1m/QNTUSDT-1m-2024-04.csv
futures/um/monthly/klines/qntusdt/1m/QNTUSDT-1m-2024-05.csv
futures/um/monthly/klines/qntusdt/1m/QNTUSDT-1m-2024-06.csv
futures/um/monthly/klines/qntusdt/1m/QNTUSDT-1m-2024-07.csv
futures/um/monthly/klines/qntusdt/1m/QNTUSDT-1m-2024-08.csv
futures/um/monthly/klines/qntusdt/1m/QNTUSDT-1m-2024-09.csv
futures/um/monthly/klines/qntusdt/1m/QNTUSDT-1m-2024-10.csv
futures/um/monthly/klines/qntusdt/1m/QNTUSDT-1m-2024-11.csv
futures/um/monthly/klines/qntusdt/1m/QNTUSDT-1m-2024-12.csv
futures/um/monthly/klines/qntusdt/1m/QNTUSDT-1m-2025-01.csv
futures/um/monthly/klines/qntusdt/1m/QNTUSDT-1m-2025-02.csv
futures/um/monthly/klines/qntusdt/1m/QNTUSDT-1m-2025-03.csv
futures/um/monthly/klines/qntusdt/1m/QNTUSDT-1m-2025-04.csv
futures/um/monthly/klines/qntusdt/1m/QNTUSDT-1m-2025-05.csv
futures/um/monthly/klines/qntusdt/1m/QNTUSDT-1m-2025-06.csv
futures/um/monthly/klines/qntusdt/1m/QNTUSDT-1m-2025-07.csv
futures/um/monthly/klines/qntusdt/1m/QNTUSDT-1m-2025-08.csv
futures/um/monthly/klines/qntusdt/1m/QNTUSDT-1m-2025-09.csv
futures/um/monthly/klines/qntusdt/1m/QNTUSDT-1m-2025-10.csv
futures/um/monthly/klines/qntusdt/1m/QNTUSDT-1m-2025-11.csv
futures/um/monthly/klines/qntusdt/1m/QNTUSDT-1m-2025-12.csv
futures/um/monthly/klines/qntusdt/1m/QNTUSDT-1m-2026-01.csv
futures/um/monthly/klines/qntusdt/1m/QNTUSDT-1m-2026-02.csv
futures/um/monthly/klines/qntusdt/1m/QNTUSDT-1m-2026-03.csv
futures/um/monthly/klines/qntusdt/1m/QNTUSDT-1m-2026-04.csv
futures/um/monthly/klines/qntusdt/1m/QNTUSDT-1m-2026-05.csv
futures/um/monthly/klines/qntusdt/1m/QNTUSDT-1m-2026-06.csv
futures/um/monthly/klines/qntusdt/1m/QNTUSDT-1m-2026-07.csv
futures/um/monthly/klines/qntusdt/1m/QNTUSDT-1m-2026-08.csv
futures/um/monthly/klines/qtumusdt/1m/QTUMUSDT-1m-2020-02.csv
futures/um/monthly/klines/qtumusdt/1m/QTUMUSDT-1m-2020-03.csv
futures/um/monthly/klines/qtumusdt/1m/QTUMUSDT-1m-2020-04.csv
futures/um/monthly/klines/qtumusdt/1m/QTUMUSDT-1m-2020-05.csv
futures/um/monthly/klines/qtumusdt/1m/QTUMUSDT-1m-2020-06.csv
futures/um/monthly/klines/qtumusdt/1m/QTUMUSDT-1m-2020-07.csv
futures/um/monthly/klines/qtumusdt/1m/QTUMUSDT-1m-2020-08.csv
futures/um/monthly/klines/qtumusdt/1m/QTUMUSDT-1m-2020-09.csv
futures/um/monthly/klines/qtumusdt/1m/QTUMUSDT-1m-2020-10.csv
futures/um/monthly/klines/qtumusdt/1m/QTUMUSDT-1m-2020-11.csv
futures/um/monthly/klines/qtumusdt/1m/QTUMUSDT-1m-2020-12.csv
futures/um/monthly/klines/qtumusdt/1m/QTUMUSDT-1m-2021-01.csv
futures/um/monthly/klines/qtumusdt/1m/QTUMUSDT-1m-2021-02.csv
futures/um/monthly/klines/qtumusdt/1m/QTUMUSDT-1m-2021-03.csv
futures/um/monthly/klines/qtumusdt/1m/QTUMUSDT-1m-2021-04.csv
futures/um/monthly/klines/qtumusdt/1m/QTUMUSDT-1m-2021-05.csv
futures/um/monthly/klines/qtumusdt/1m/QTUMUSDT-1m-2021-06.csv
futures/um/monthly/klines/qtumusdt/1m/QTUMUSDT-1m-2021-07.csv
futures/um/monthly/klines/qtumusdt/1m/QTUMUSDT-1m-2021-08.csv
futures/um/monthly/klines/qtumusdt/1m/QTUMUSDT-1m-2021-09.csv
futures/um/monthly/klines/qtumusdt/1m/QTUMUSDT-1m-2021-10.csv
futures/um/monthly/klines/qtumusdt/1m/QTUMUSDT-1m-2021-11.csv
futures/um/monthly/klines/qtumusdt/1m/QTUMUSDT-1m-2021-12.csv
futures/um/monthly/klines/qtumusdt/1m/QTUMUSDT-1m-2022-01.csv
futures/um/monthly/klines/qtumusdt/1m/QTUMUSDT-1m-2022-02.csv
futures/um/monthly/klines/qtumusdt/1m/QTUMUSDT-1m-2022-03.csv
futures/um/monthly/klines/qtumusdt/1m/QTUMUSDT-1m-2022-04.csv
futures/um/monthly/klines/qtumusdt/1m/QTUMUSDT-1m-2022-05.csv
futures/um/monthly/klines/qtumusdt/1m/QTUMUSDT-1m-2022-06.csv
futures/um/monthly/klines/qtumusdt/1m/QTUMUSDT-1m-2022-07.csv
futures/um/monthly/klines/qtumusdt/1m/QTUMUSDT-1m-2022-08.csv
futures/um/monthly/klines/qtumusdt/1m/QTUMUSDT-1m-2022-09.csv
futures/um/monthly/klines/qtumusdt/1m/QTUMUSDT-1m-2022-10.csv
futures/um/monthly/klines/qtumusdt/1m/QTUMUSDT-1m-2022-11.csv
futures/um/monthly/klines/qtumusdt/1m/QTUMUSDT-1m-2022-12.csv
futures/um/monthly/klines/qtumusdt/1m/QTUMUSDT-1m-2023-01.csv
futures/um/monthly/klines/qtumusdt/1m/QTUMUSDT-1m-2023-02.csv
futures/um/monthly/klines/qtumusdt/1m/QTUMUSDT-1m-2023-03.csv
futures/um/monthly/klines/qtumusdt/1m/QTUMUSDT-1m-2023-04.csv
futures/um/monthly/klines/qtumusdt/1m/QTUMUSDT-1m-2023-05.csv
futures/um/monthly/klines/qtumusdt/1m/QTUMUSDT-1m-2023-06.csv
futures/um/monthly/klines/qtumusdt/1m/QTUMUSDT-1m-2023-07.csv
futures/um/monthly/klines/qtumusdt/1m/QTUMUSDT-1m-2023-08.csv
futures/um/monthly/klines/qtumusdt/1m/QTUMUSDT-1m-2023-09.csv
futures/um/monthly/klines/qtumusdt/1m/QTUMUSDT-1m-2023-10.csv
futures/um/monthly/klines/qtumusdt/1m/QTUMUSDT-1m-2023-11.csv
futures/um/monthly/klines/qtumusdt/1m/QTUMUSDT-1m-2023-12.csv
futures/um/monthly/klines/qtumusdt/1m/QTUMUSDT-1m-2024-01.csv
futures/um/monthly/klines/qtumusdt/1m/QTUMUSDT-1m-2024-02.csv
futures/um/monthly/klines/qtumusdt/1m/QTUMUSDT-1m-2024-03.csv
futures/um/monthly/klines/qtumusdt/1m/QTUMUSDT-1m-2024-04.csv
futures/um/monthly/klines/qtumusdt/1m/QTUMUSDT-1m-2024-05.csv
futures/um/monthly/klines/qtumusdt/1m/QTUMUSDT-1m-2024-06.csv
futures/um/monthly/klines/qtumusdt/1m/QTUMUSDT-1m-2024-07.csv
futures/um/monthly/klines/qtumusdt/1m/QTUMUSDT-1m-2024-08.csv
futures/um/monthly/klines/qtumusdt/1m/QTUMUSDT-1m-2024-09.csv
futures/um/monthly/klines/qtumusdt/1m/QTUMUSDT-1m-2024-10.csv
futures/um/monthly/klines/qtumusdt/1m/QTUMUSDT-1m-2024-11.csv
futures/um/monthly/klines/qtumusdt/1m/QTUMUSDT-1m-2024-12.csv
futures/um/monthly/klines/qtumusdt/1m/QTUMUSDT-1m-2025-01.csv
futures/um/monthly/klines/qtumusdt/1m/QTUMUSDT-1m-2025-02.csv
futures/um/monthly/klines/qtumusdt/1m/QTUMUSDT-1m-2025-03.csv
futures/um/monthly/klines/qtumusdt/1m/QTUMUSDT-1m-2025-04.csv
futures/um/monthly/klines/qtumusdt/1m/QTUMUSDT-1m-2025-05.csv
futures/um/monthly/klines/qtumusdt/1m/QTUMUSDT-1m-2025-06.csv
futures/um/monthly/klines/qtumusdt/1m/QTUMUSDT-1m-2025-07.csv
futures/um/monthly/klines/qtumusdt/1m/QTUMUSDT-1m-2025-08.csv
futures/um/monthly/klines/qtumusdt/1m/QTUMUSDT-1m-2025-09.csv
futures/um/monthly/klines/qtumusdt/1m/QTUMUSDT-1m-2025-10.csv
futures/um/monthly/klines/qtumusdt/1m/QTUMUSDT-1m-2025-11.csv
futures/um/monthly/klines/qtumusdt/1m/QTUMUSDT-1m-2025-12.csv
futures/um/monthly/klines/qtumusdt/1m/QTUMUSDT-1m-2026-01.csv
futures/um/monthly/klines/qtumusdt/1m/QTUMUSDT-1m-2026-02.csv
futures/um/monthly/klines/qtumusdt/1m/QTUMUSDT-1m-2026-03.csv
futures/um/monthly/klines/qtumusdt/1m/QTUMUSDT-1m-2026-04.csv
futures/um/monthly/klines/qtumusdt/1m/QTUMUSDT-1m-2026-05.csv
futures/um/monthly/klines/qtumusdt/1m/QTUMUSDT-1m-2026-06.csv
futures/um/monthly/klines/qtumusdt/1m/QTUMUSDT-1m-2026-07.csv
futures/um/monthly/klines/qtumusdt/1m/QTUMUSDT-1m-2026-08.csv
futures/um/monthly/klines/qusdt/1m/QUSDT-1m-2025-09.csv
futures/um/monthly/klines/qusdt/1m/QUSDT-1m-2025-10.csv
futures/um/monthly/klines/qusdt/1m/QUSDT-1m-2025-11.csv
futures/um/monthly/klines/qusdt/1m/QUSDT-1m-2025-12.csv
futures/um/monthly/klines/qusdt/1m/QUSDT-1m-2026-01.csv
futures/um/monthly/klines/qusdt/1m/QUSDT-1m-2026-02.csv
futures/um/monthly/klines/qusdt/1m/QUSDT-1m-2026-03.csv
futures/um/monthly/klines/qusdt/1m/QUSDT-1m-2026-04.csv
futures/um/monthly/klines/qusdt/1m/QUSDT-1m-2026-05.csv
futures/um/monthly/klines/qusdt/1m/QUSDT-1m-2026-06.csv
futures/um/monthly/klines/qusdt/1m/QUSDT-1m-2026-07.csv
futures/um/monthly/klines/qusdt/1m/QUSDT-1m-2026-08.csv
futures/um/monthly/klines/rareusdt/1m/RAREUSDT-1m-2024-08.csv
futures/um/monthly/klines/rareusdt/1m/RAREUSDT-1m-2024-09.csv
futures/um/monthly/klines/rareusdt/1m/RAREUSDT-1m-2024-10.csv
futures/um/monthly/klines/rareusdt/1m/RAREUSDT-1m-2024-11.csv
futures/um/monthly/klines/rareusdt/1m/RAREUSDT-1m-2024-12.csv
futures/um/monthly/klines/rareusdt/1m/RAREUSDT-1m-2025-01.csv
futures/um/monthly/klines/rareusdt/1m/RAREUSDT-1m-2025-02.csv
futures/um/monthly/klines/rareusdt/1m/RAREUSDT-1m-2025-03.csv
futures/um/monthly/klines/rareusdt/1m/RAREUSDT-1m-2025-04.csv
futures/um/monthly/klines/rareusdt/1m/RAREUSDT-1m-2025-05.csv
futures/um/monthly/klines/rareusdt/1m/RAREUSDT-1m-2025-06.csv
futures/um/monthly/klines/rareusdt/1m/RAREUSDT-1m-2025-07.csv
futures/um/monthly/klines/rareusdt/1m/RAREUSDT-1m-2025-08.csv
futures/um/monthly/klines/rareusdt/1m/RAREUSDT-1m-2025-09.csv
futures/um/monthly/klines/rareusdt/1m/RAREUSDT-1m-2025-10.csv
futures/um/monthly/klines/rareusdt/1m/RAREUSDT-1m-2025-11.csv
futures/um/monthly/klines/rareusdt/1m/RAREUSDT-1m-2025-12.csv
futures/um/monthly/klines/rareusdt/1m/RAREUSDT-1m-2026-01.csv
futures/um/monthly/klines/rareusdt/1m/RAREUSDT-1m-2026-02.csv
futures/um/monthly/klines/rareusdt/1m/RAREUSDT-1m-2026-03.csv
futures/um/monthly/klines/rareusdt/1m/RAREUSDT-1m-2026-04.csv
futures/um/monthly/klines/rareusdt/1m/RAREUSDT-1m-2026-05.csv
futures/um/monthly/klines/rareusdt/1m/RAREUSDT-1m-2026-06.csv
futures/um/monthly/klines/rareusdt/1m/RAREUSDT-1m-2026-07.csv
futures/um/monthly/klines/rareusdt/1m/RAREUSDT-1m-2026-08.csv
futures/um/monthly/klines/raveusdt/1m/RAVEUSDT-1m-2025-12.csv
futures/um/monthly/klines/raveusdt/1m/RAVEUSDT-1m-2026-01.csv
futures/um/monthly/klines/raveusdt/1m/RAVEUSDT-1m-2026-02.csv
futures/um/monthly/klines/raveusdt/1m/RAVEUSDT-1m-2026-03.csv
futures/um/monthly/klines/raveusdt/1m/RAVEUSDT-1m-2026-04.csv
futures/um/monthly/klines/raveusdt/1m/RAVEUSDT-1m-2026-05.csv
futures/um/monthly/klines/raveusdt/1m/RAVEUSDT-1m-2026-06.csv
futures/um/monthly/klines/raveusdt/1m/RAVEUSDT-1m-2026-07.csv
futures/um/monthly/klines/raveusdt/1m/RAVEUSDT-1m-2026-08.csv
futures/um/monthly/klines/raysolusdt/1m/RAYSOLUSDT-1m-2024-12.csv
futures/um/monthly/klines/raysolusdt/1m/RAYSOLUSDT-1m-2025-01.csv
futures/um/monthly/klines/raysolusdt/1m/RAYSOLUSDT-1m-2025-02.csv
futures/um/monthly/klines/raysolusdt/1m/RAYSOLUSDT-1m-2025-03.csv
futures/um/monthly/klines/raysolusdt/1m/RAYSOLUSDT-1m-2025-04.csv
futures/um/monthly/klines/raysolusdt/1m/RAYSOLUSDT-1m-2025-05.csv
futures/um/monthly/klines/raysolusdt/1m/RAYSOLUSDT-1m-2025-06.csv
futures/um/monthly/klines/raysolusdt/1m/RAYSOLUSDT-1m-2025-07.csv
futures/um/monthly/klines/raysolusdt/1m/RAYSOLUSDT-1m-2025-08.csv
futures/um/monthly/klines/raysolusdt/1m/RAYSOLUSDT-1m-2025-09.csv
futures/um/monthly/klines/raysolusdt/1m/RAYSOLUSDT-1m-2025-10.csv
futures/um/monthly/klines/raysolusdt/1m/RAYSOLUSDT-1m-2025-11.csv
futures/um/monthly/klines/raysolusdt/1m/RAYSOLUSDT-1m-2025-12.csv
futures/um/monthly/klines/raysolusdt/1m/RAYSOLUSDT-1m-2026-01.csv
futures/um/monthly/klines/raysolusdt/1m/RAYSOLUSDT-1m-2026-02.csv
futures/um/monthly/klines/raysolusdt/1m/RAYSOLUSDT-1m-2026-03.csv
futures/um/monthly/klines/raysolusdt/1m/RAYSOLUSDT-1m-2026-04.csv
futures/um/monthly/klines/raysolusdt/1m/RAYSOLUSDT-1m-2026-05.csv
futures/um/monthly/klines/raysolusdt/1m/RAYSOLUSDT-1m-2026-06.csv
futures/um/monthly/klines/raysolusdt/1m/RAYSOLUSDT-1m-2026-07.csv
futures/um/monthly/klines/raysolusdt/1m/RAYSOLUSDT-1m-2026-08.csv
futures/um/monthly/klines/recallusdt/1m/RECALLUSDT-1m-2025-10.csv
futures/um/monthly/klines/recallusdt/1m/RECALLUSDT-1m-2025-11.csv
futures/um/monthly/klines/recallusdt/1m/RECALLUSDT-1m-2025-12.csv
futures/um/monthly/klines/recallusdt/1m/RECALLUSDT-1m-2026-01.csv
futures/um/monthly/klines/recallusdt/1m/RECALLUSDT-1m-2026-02.csv
futures/um/monthly/klines/recallusdt/1m/RECALLUSDT-1m-2026-03.csv
futures/um/monthly/klines/recallusdt/1m/RECALLUSDT-1m-2026-04.csv
futures/um/monthly/klines/recallusdt/1m/RECALLUSDT-1m-2026-05.csv
futures/um/monthly/klines/recallusdt/1m/RECALLUSDT-1m-2026-06.csv
futures/um/monthly/klines/recallusdt/1m/RECALLUSDT-1m-2026-07.csv
futures/um/monthly/klines/recallusdt/1m/RECALLUSDT-1m-2026-08.csv
futures/um/monthly/klines/redusdt/1m/REDUSDT-1m-2025-03.csv
futures/um/monthly/klines/redusdt/1m/REDUSDT-1m-2025-04.csv
futures/um/monthly/klines/redusdt/1m/REDUSDT-1m-2025-05.csv
futures/um/monthly/klines/redusdt/1m/REDUSDT-1m-2025-06.csv
futures/um/monthly/klines/redusdt/1m/REDUSDT-1m-2025-07.csv
futures/um/monthly/klines/redusdt/1m/REDUSDT-1m-2025-08.csv
futures/um/monthly/klines/redusdt/1m/REDUSDT-1m-2025-09.csv
futures/um/monthly/klines/redusdt/1m/REDUSDT-1m-2025-10.csv
futures/um/monthly/klines/redusdt/1m/REDUSDT-1m-2025-11.csv
futures/um/monthly/klines/redusdt/1m/REDUSDT-1m-2025-12.csv
futures/um/monthly/klines/redusdt/1m/REDUSDT-1m-2026-01.csv
futures/um/monthly/klines/redusdt/1m/REDUSDT-1m-2026-02.csv
futures/um/monthly/klines/redusdt/1m/REDUSDT-1m-2026-03.csv
futures/um/monthly/klines/redusdt/1m/REDUSDT-1m-2026-04.csv
futures/um/monthly/klines/redusdt/1m/REDUSDT-1m-2026-05.csv
futures/um/monthly/klines/redusdt/1m/REDUSDT-1m-2026-06.csv
futures/um/monthly/klines/redusdt/1m/REDUSDT-1m-2026-07.csv
futures/um/monthly/klines/redusdt/1m/REDUSDT-1m-2026-08.csv
futures/um/monthly/klines/renderusdt/1m/RENDERUSDT-1m-2024-07.csv
futures/um/monthly/klines/renderusdt/1m/RENDERUSDT-1m-2024-08.csv
futures/um/monthly/klines/renderusdt/1m/RENDERUSDT-1m-2024-09.csv
futures/um/monthly/klines/renderusdt/1m/RENDERUSDT-1m-2024-10.csv
futures/um/monthly/klines/renderusdt/1m/RENDERUSDT-1m-2024-11.csv
futures/um/monthly/klines/renderusdt/1m/RENDERUSDT-1m-2024-12.csv
futures/um/monthly/klines/renderusdt/1m/RENDERUSDT-1m-2025-01.csv
futures/um/monthly/klines/renderusdt/1m/RENDERUSDT-1m-2025-02.csv
futures/um/monthly/klines/renderusdt/1m/RENDERUSDT-1m-2025-03.csv
futures/um/monthly/klines/renderusdt/1m/RENDERUSDT-1m-2025-04.csv
futures/um/monthly/klines/renderusdt/1m/RENDERUSDT-1m-2025-05.csv
futures/um/monthly/klines/renderusdt/1m/RENDERUSDT-1m-2025-06.csv
futures/um/monthly/klines/renderusdt/1m/RENDERUSDT-1m-2025-07.csv
futures/um/monthly/klines/renderusdt/1m/RENDERUSDT-1m-2025-08.csv
futures/um/monthly/klines/renderusdt/1m/RENDERUSDT-1m-2025-09.csv
futures/um/monthly/klines/renderusdt/1m/RENDERUSDT-1m-2025-10.csv
futures/um/monthly/klines/renderusdt/1m/RENDERUSDT-1m-2025-11.csv
futures/um/monthly/klines/renderusdt/1m/RENDERUSDT-1m-2025-12.csv
futures/um/monthly/klines/renderusdt/1m/RENDERUSDT-1m-2026-01.csv
futures/um/monthly/klines/renderusdt/1m/RENDERUSDT-1m-2026-02.csv
futures/um/monthly/klines/renderusdt/1m/RENDERUSDT-1m-2026-03.csv
futures/um/monthly/klines/renderusdt/1m/RENDERUSDT-1m-2026-04.csv
futures/um/monthly/klines/renderusdt/1m/RENDERUSDT-1m-2026-05.csv
futures/um/monthly/klines/renderusdt/1m/RENDERUSDT-1m-2026-06.csv
futures/um/monthly/klines/renderusdt/1m/RENDERUSDT-1m-2026-07.csv
futures/um/monthly/klines/renderusdt/1m/RENDERUSDT-1m-2026-08.csv
futures/um/monthly/klines/resolvusdt/1m/RESOLVUSDT-1m-2025-06.csv
futures/um/monthly/klines/resolvusdt/1m/RESOLVUSDT-1m-2025-07.csv
futures/um/monthly/klines/resolvusdt/1m/RESOLVUSDT-1m-2025-08.csv
futures/um/monthly/klines/resolvusdt/1m/RESOLVUSDT-1m-2025-09.csv
futures/um/monthly/klines/resolvusdt/1m/RESOLVUSDT-1m-2025-10.csv
futures/um/monthly/klines/resolvusdt/1m/RESOLVUSDT-1m-2025-11.csv
futures/um/monthly/klines/resolvusdt/1m/RESOLVUSDT-1m-2025-12.csv
futures/um/monthly/klines/resolvusdt/1m/RESOLVUSDT-1m-2026-01.csv
futures/um/monthly/klines/resolvusdt/1m/RESOLVUSDT-1m-2026-02.csv
futures/um/monthly/klines/resolvusdt/1m/RESOLVUSDT-1m-2026-03.csv
futures/um/monthly/klines/resolvusdt/1m/RESOLVUSDT-1m-2026-04.csv
futures/um/monthly/klines/resolvusdt/1m/RESOLVUSDT-1m-2026-05.csv
futures/um/monthly/klines/resolvusdt/1m/RESOLVUSDT-1m-2026-06.csv
futures/um/monthly/klines/resolvusdt/1m/RESOLVUSDT-1m-2026-07.csv
futures/um/monthly/klines/resolvusdt/1m/RESOLVUSDT-1m-2026-08.csv
futures/um/monthly/klines/reusdt/1m/REUSDT-1m-2026-06.csv
futures/um/monthly/klines/reusdt/1m/REUSDT-1m-2026-07.csv
futures/um/monthly/klines/reusdt/1m/REUSDT-1m-2026-08.csv
futures/um/monthly/klines/rezusdt/1m/REZUSDT-1m-2024-04.csv
futures/um/monthly/klines/rezusdt/1m/REZUSDT-1m-2024-05.csv
futures/um/monthly/klines/rezusdt/1m/REZUSDT-1m-2024-06.csv
futures/um/monthly/klines/rezusdt/1m/REZUSDT-1m-2024-07.csv
futures/um/monthly/klines/rezusdt/1m/REZUSDT-1m-2024-08.csv
futures/um/monthly/klines/rezusdt/1m/REZUSDT-1m-2024-09.csv
futures/um/monthly/klines/rezusdt/1m/REZUSDT-1m-2024-10.csv
futures/um/monthly/klines/rezusdt/1m/REZUSDT-1m-2024-11.csv
futures/um/monthly/klines/rezusdt/1m/REZUSDT-1m-2024-12.csv
futures/um/monthly/klines/rezusdt/1m/REZUSDT-1m-2025-01.csv
futures/um/monthly/klines/rezusdt/1m/REZUSDT-1m-2025-02.csv
futures/um/monthly/klines/rezusdt/1m/REZUSDT-1m-2025-03.csv
futures/um/monthly/klines/rezusdt/1m/REZUSDT-1m-2025-04.csv
futures/um/monthly/klines/rezusdt/1m/REZUSDT-1m-2025-05.csv
futures/um/monthly/klines/rezusdt/1m/REZUSDT-1m-2025-06.csv
futures/um/monthly/klines/rezusdt/1m/REZUSDT-1m-2025-07.csv
futures/um/monthly/klines/rezusdt/1m/REZUSDT-1m-2025-08.csv
futures/um/monthly/klines/rezusdt/1m/REZUSDT-1m-2025-09.csv
futures/um/monthly/klines/rezusdt/1m/REZUSDT-1m-2025-10.csv
futures/um/monthly/klines/rezusdt/1m/REZUSDT-1m-2025-11.csv
futures/um/monthly/klines/rezusdt/1m/REZUSDT-1m-2025-12.csv
futures/um/monthly/klines/rezusdt/1m/REZUSDT-1m-2026-01.csv
futures/um/monthly/klines/rezusdt/1m/REZUSDT-1m-2026-02.csv
futures/um/monthly/klines/rezusdt/1m/REZUSDT-1m-2026-03.csv
futures/um/monthly/klines/rezusdt/1m/REZUSDT-1m-2026-04.csv
futures/um/monthly/klines/rezusdt/1m/REZUSDT-1m-2026-05.csv
futures/um/monthly/klines/rezusdt/1m/REZUSDT-1m-2026-06.csv
futures/um/monthly/klines/rezusdt/1m/REZUSDT-1m-2026-07.csv
futures/um/monthly/klines/rezusdt/1m/REZUSDT-1m-2026-08.csv
futures/um/monthly/klines/rifusdt/1m/RIFUSDT-1m-2023-10.csv
futures/um/monthly/klines/rifusdt/1m/RIFUSDT-1m-2023-11.csv
futures/um/monthly/klines/rifusdt/1m/RIFUSDT-1m-2023-12.csv
futures/um/monthly/klines/rifusdt/1m/RIFUSDT-1m-2024-01.csv
futures/um/monthly/klines/rifusdt/1m/RIFUSDT-1m-2024-02.csv
futures/um/monthly/klines/rifusdt/1m/RIFUSDT-1m-2024-03.csv
futures/um/monthly/klines/rifusdt/1m/RIFUSDT-1m-2024-04.csv
futures/um/monthly/klines/rifusdt/1m/RIFUSDT-1m-2024-05.csv
futures/um/monthly/klines/rifusdt/1m/RIFUSDT-1m-2024-06.csv
futures/um/monthly/klines/rifusdt/1m/RIFUSDT-1m-2024-07.csv
futures/um/monthly/klines/rifusdt/1m/RIFUSDT-1m-2024-08.csv
futures/um/monthly/klines/rifusdt/1m/RIFUSDT-1m-2024-09.csv
futures/um/monthly/klines/rifusdt/1m/RIFUSDT-1m-2024-10.csv
futures/um/monthly/klines/rifusdt/1m/RIFUSDT-1m-2024-11.csv
futures/um/monthly/klines/rifusdt/1m/RIFUSDT-1m-2024-12.csv
futures/um/monthly/klines/rifusdt/1m/RIFUSDT-1m-2025-01.csv
futures/um/monthly/klines/rifusdt/1m/RIFUSDT-1m-2025-02.csv
futures/um/monthly/klines/rifusdt/1m/RIFUSDT-1m-2025-03.csv
futures/um/monthly/klines/rifusdt/1m/RIFUSDT-1m-2025-04.csv
futures/um/monthly/klines/rifusdt/1m/RIFUSDT-1m-2025-05.csv
futures/um/monthly/klines/rifusdt/1m/RIFUSDT-1m-2025-06.csv
futures/um/monthly/klines/rifusdt/1m/RIFUSDT-1m-2025-07.csv
futures/um/monthly/klines/rifusdt/1m/RIFUSDT-1m-2025-08.csv
futures/um/monthly/klines/rifusdt/1m/RIFUSDT-1m-2025-09.csv
futures/um/monthly/klines/rifusdt/1m/RIFUSDT-1m-2025-10.csv
futures/um/monthly/klines/rifusdt/1m/RIFUSDT-1m-2025-11.csv
futures/um/monthly/klines/rifusdt/1m/RIFUSDT-1m-2025-12.csv
futures/um/monthly/klines/rifusdt/1m/RIFUSDT-1m-2026-01.csv
futures/um/monthly/klines/rifusdt/1m/RIFUSDT-1m-2026-02.csv
futures/um/monthly/klines/rifusdt/1m/RIFUSDT-1m-2026-03.csv
futures/um/monthly/klines/rifusdt/1m/RIFUSDT-1m-2026-04.csv
futures/um/monthly/klines/rifusdt/1m/RIFUSDT-1m-2026-05.csv
futures/um/monthly/klines/rifusdt/1m/RIFUSDT-1m-2026-06.csv
futures/um/monthly/klines/rifusdt/1m/RIFUSDT-1m-2026-07.csv
futures/um/monthly/klines/rifusdt/1m/RIFUSDT-1m-2026-08.csv
futures/um/monthly/klines/riverusdt/1m/RIVERUSDT-1m-2025-10.csv
futures/um/monthly/klines/riverusdt/1m/RIVERUSDT-1m-2025-11.csv
futures/um/monthly/klines/riverusdt/1m/RIVERUSDT-1m-2025-12.csv
futures/um/monthly/klines/riverusdt/1m/RIVERUSDT-1m-2026-01.csv
futures/um/monthly/klines/riverusdt/1m/RIVERUSDT-1m-2026-02.csv
futures/um/monthly/klines/riverusdt/1m/RIVERUSDT-1m-2026-03.csv
futures/um/monthly/klines/riverusdt/1m/RIVERUSDT-1m-2026-04.csv
futures/um/monthly/klines/riverusdt/1m/RIVERUSDT-1m-2026-05.csv
futures/um/monthly/klines/riverusdt/1m/RIVERUSDT-1m-2026-06.csv
futures/um/monthly/klines/riverusdt/1m/RIVERUSDT-1m-2026-07.csv
futures/um/monthly/klines/riverusdt/1m/RIVERUSDT-1m-2026-08.csv
futures/um/monthly/klines/rlcusdt/1m/RLCUSDT-1m-2020-07.csv
futures/um/monthly/klines/rlcusdt/1m/RLCUSDT-1m-2020-08.csv
futures/um/monthly/klines/rlcusdt/1m/RLCUSDT-1m-2020-09.csv
futures/um/monthly/klines/rlcusdt/1m/RLCUSDT-1m-2020-10.csv
futures/um/monthly/klines/rlcusdt/1m/RLCUSDT-1m-2020-11.csv
futures/um/monthly/klines/rlcusdt/1m/RLCUSDT-1m-2020-12.csv
futures/um/monthly/klines/rlcusdt/1m/RLCUSDT-1m-2021-01.csv
futures/um/monthly/klines/rlcusdt/1m/RLCUSDT-1m-2021-02.csv
futures/um/monthly/klines/rlcusdt/1m/RLCUSDT-1m-2021-03.csv
futures/um/monthly/klines/rlcusdt/1m/RLCUSDT-1m-2021-04.csv
futures/um/monthly/klines/rlcusdt/1m/RLCUSDT-1m-2021-05.csv
futures/um/monthly/klines/rlcusdt/1m/RLCUSDT-1m-2021-06.csv
futures/um/monthly/klines/rlcusdt/1m/RLCUSDT-1m-2021-07.csv
futures/um/monthly/klines/rlcusdt/1m/RLCUSDT-1m-2021-08.csv
futures/um/monthly/klines/rlcusdt/1m/RLCUSDT-1m-2021-09.csv
futures/um/monthly/klines/rlcusdt/1m/RLCUSDT-1m-2021-10.csv
futures/um/monthly/klines/rlcusdt/1m/RLCUSDT-1m-2021-11.csv
futures/um/monthly/klines/rlcusdt/1m/RLCUSDT-1m-2021-12.csv
futures/um/monthly/klines/rlcusdt/1m/RLCUSDT-1m-2022-01.csv
futures/um/monthly/klines/rlcusdt/1m/RLCUSDT-1m-2022-02.csv
futures/um/monthly/klines/rlcusdt/1m/RLCUSDT-1m-2022-03.csv
futures/um/monthly/klines/rlcusdt/1m/RLCUSDT-1m-2022-04.csv
futures/um/monthly/klines/rlcusdt/1m/RLCUSDT-1m-2022-05.csv
futures/um/monthly/klines/rlcusdt/1m/RLCUSDT-1m-2022-06.csv
futures/um/monthly/klines/rlcusdt/1m/RLCUSDT-1m-2022-07.csv
futures/um/monthly/klines/rlcusdt/1m/RLCUSDT-1m-2022-08.csv
futures/um/monthly/klines/rlcusdt/1m/RLCUSDT-1m-2022-09.csv
futures/um/monthly/klines/rlcusdt/1m/RLCUSDT-1m-2022-10.csv
futures/um/monthly/klines/rlcusdt/1m/RLCUSDT-1m-2022-11.csv
futures/um/monthly/klines/rlcusdt/1m/RLCUSDT-1m-2022-12.csv
futures/um/monthly/klines/rlcusdt/1m/RLCUSDT-1m-2023-01.csv
futures/um/monthly/klines/rlcusdt/1m/RLCUSDT-1m-2023-02.csv
futures/um/monthly/klines/rlcusdt/1m/RLCUSDT-1m-2023-03.csv
futures/um/monthly/klines/rlcusdt/1m/RLCUSDT-1m-2023-04.csv
futures/um/monthly/klines/rlcusdt/1m/RLCUSDT-1m-2023-05.csv
futures/um/monthly/klines/rlcusdt/1m/RLCUSDT-1m-2023-06.csv
futures/um/monthly/klines/rlcusdt/1m/RLCUSDT-1m-2023-07.csv
futures/um/monthly/klines/rlcusdt/1m/RLCUSDT-1m-2023-08.csv
futures/um/monthly/klines/rlcusdt/1m/RLCUSDT-1m-2023-09.csv
futures/um/monthly/klines/rlcusdt/1m/RLCUSDT-1m-2023-10.csv
futures/um/monthly/klines/rlcusdt/1m/RLCUSDT-1m-2023-11.csv
futures/um/monthly/klines/rlcusdt/1m/RLCUSDT-1m-2023-12.csv
futures/um/monthly/klines/rlcusdt/1m/RLCUSDT-1m-2024-01.csv
futures/um/monthly/klines/rlcusdt/1m/RLCUSDT-1m-2024-02.csv
futures/um/monthly/klines/rlcusdt/1m/RLCUSDT-1m-2024-03.csv
futures/um/monthly/klines/rlcusdt/1m/RLCUSDT-1m-2024-04.csv
futures/um/monthly/klines/rlcusdt/1m/RLCUSDT-1m-2024-05.csv
futures/um/monthly/klines/rlcusdt/1m/RLCUSDT-1m-2024-06.csv
futures/um/monthly/klines/rlcusdt/1m/RLCUSDT-1m-2024-07.csv
futures/um/monthly/klines/rlcusdt/1m/RLCUSDT-1m-2024-08.csv
futures/um/monthly/klines/rlcusdt/1m/RLCUSDT-1m-2024-09.csv
futures/um/monthly/klines/rlcusdt/1m/RLCUSDT-1m-2024-10.csv
futures/um/monthly/klines/rlcusdt/1m/RLCUSDT-1m-2024-11.csv
futures/um/monthly/klines/rlcusdt/1m/RLCUSDT-1m-2024-12.csv
futures/um/monthly/klines/rlcusdt/1m/RLCUSDT-1m-2025-01.csv
futures/um/monthly/klines/rlcusdt/1m/RLCUSDT-1m-2025-02.csv
futures/um/monthly/klines/rlcusdt/1m/RLCUSDT-1m-2025-03.csv
futures/um/monthly/klines/rlcusdt/1m/RLCUSDT-1m-2025-04.csv
futures/um/monthly/klines/rlcusdt/1m/RLCUSDT-1m-2025-05.csv
futures/um/monthly/klines/rlcusdt/1m/RLCUSDT-1m-2025-06.csv
futures/um/monthly/klines/rlcusdt/1m/RLCUSDT-1m-2025-07.csv
futures/um/monthly/klines/rlcusdt/1m/RLCUSDT-1m-2025-08.csv
futures/um/monthly/klines/rlcusdt/1m/RLCUSDT-1m-2025-09.csv
futures/um/monthly/klines/rlcusdt/1m/RLCUSDT-1m-2025-10.csv
futures/um/monthly/klines/rlcusdt/1m/RLCUSDT-1m-2025-11.csv
futures/um/monthly/klines/rlcusdt/1m/RLCUSDT-1m-2025-12.csv
futures/um/monthly/klines/rlcusdt/1m/RLCUSDT-1m-2026-01.csv
futures/um/monthly/klines/rlcusdt/1m/RLCUSDT-1m-2026-02.csv
futures/um/monthly/klines/rlcusdt/1m/RLCUSDT-1m-2026-03.csv
futures/um/monthly/klines/rlcusdt/1m/RLCUSDT-1m-2026-04.csv
futures/um/monthly/klines/rlcusdt/1m/RLCUSDT-1m-2026-05.csv
futures/um/monthly/klines/rlcusdt/1m/RLCUSDT-1m-2026-06.csv
futures/um/monthly/klines/rlcusdt/1m/RLCUSDT-1m-2026-07.csv
futures/um/monthly/klines/rlcusdt/1m/RLCUSDT-1m-2026-08.csv
futures/um/monthly/klines/robousdt/1m/ROBOUSDT-1m-2026-02.csv
futures/um/monthly/klines/robousdt/1m/ROBOUSDT-1m-2026-03.csv
futures/um/monthly/klines/robousdt/1m/ROBOUSDT-1m-2026-04.csv
futures/um/monthly/klines/robousdt/1m/ROBOUSDT-1m-2026-05.csv
futures/um/monthly/klines/robousdt/1m/ROBOUSDT-1m-2026-06.csv
futures/um/monthly/klines/robousdt/1m/ROBOUSDT-1m-2026-07.csv
futures/um/monthly/klines/robousdt/1m/ROBOUSDT-1m-2026-08.csv
futures/um/monthly/klines/roninusdt/1m/RONINUSDT-1m-2024-02.csv
futures/um/monthly/klines/roninusdt/1m/RONINUSDT-1m-2024-03.csv
futures/um/monthly/klines/roninusdt/1m/RONINUSDT-1m-2024-04.csv
futures/um/monthly/klines/roninusdt/1m/RONINUSDT-1m-2024-05.csv
futures/um/monthly/klines/roninusdt/1m/RONINUSDT-1m-2024-06.csv
futures/um/monthly/klines/roninusdt/1m/RONINUSDT-1m-2024-07.csv
futures/um/monthly/klines/roninusdt/1m/RONINUSDT-1m-2024-08.csv
futures/um/monthly/klines/roninusdt/1m/RONINUSDT-1m-2024-09.csv
futures/um/monthly/klines/roninusdt/1m/RONINUSDT-1m-2024-10.csv
futures/um/monthly/klines/roninusdt/1m/RONINUSDT-1m-2024-11.csv
futures/um/monthly/klines/roninusdt/1m/RONINUSDT-1m-2024-12.csv
futures/um/monthly/klines/roninusdt/1m/RONINUSDT-1m-2025-01.csv
futures/um/monthly/klines/roninusdt/1m/RONINUSDT-1m-2025-02.csv
futures/um/monthly/klines/roninusdt/1m/RONINUSDT-1m-2025-03.csv
futures/um/monthly/klines/roninusdt/1m/RONINUSDT-1m-2025-04.csv
futures/um/monthly/klines/roninusdt/1m/RONINUSDT-1m-2025-05.csv
futures/um/monthly/klines/roninusdt/1m/RONINUSDT-1m-2025-06.csv
futures/um/monthly/klines/roninusdt/1m/RONINUSDT-1m-2025-07.csv
futures/um/monthly/klines/roninusdt/1m/RONINUSDT-1m-2025-08.csv
futures/um/monthly/klines/roninusdt/1m/RONINUSDT-1m-2025-09.csv
futures/um/monthly/klines/roninusdt/1m/RONINUSDT-1m-2025-10.csv
futures/um/monthly/klines/roninusdt/1m/RONINUSDT-1m-2025-11.csv
futures/um/monthly/klines/roninusdt/1m/RONINUSDT-1m-2025-12.csv
futures/um/monthly/klines/roninusdt/1m/RONINUSDT-1m-2026-01.csv
futures/um/monthly/klines/roninusdt/1m/RONINUSDT-1m-2026-02.csv
futures/um/monthly/klines/roninusdt/1m/RONINUSDT-1m-2026-03.csv
futures/um/monthly/klines/roninusdt/1m/RONINUSDT-1m-2026-04.csv
futures/um/monthly/klines/roninusdt/1m/RONINUSDT-1m-2026-05.csv
futures/um/monthly/klines/roninusdt/1m/RONINUSDT-1m-2026-06.csv
futures/um/monthly/klines/roninusdt/1m/RONINUSDT-1m-2026-07.csv
futures/um/monthly/klines/roninusdt/1m/RONINUSDT-1m-2026-08.csv
futures/um/monthly/klines/roseusdt/1m/ROSEUSDT-1m-2021-12.csv
futures/um/monthly/klines/roseusdt/1m/ROSEUSDT-1m-2022-01.csv
futures/um/monthly/klines/roseusdt/1m/ROSEUSDT-1m-2022-02.csv
futures/um/monthly/klines/roseusdt/1m/ROSEUSDT-1m-2022-03.csv
futures/um/monthly/klines/roseusdt/1m/ROSEUSDT-1m-2022-04.csv
futures/um/monthly/klines/roseusdt/1m/ROSEUSDT-1m-2022-05.csv
futures/um/monthly/klines/roseusdt/1m/ROSEUSDT-1m-2022-06.csv
futures/um/monthly/klines/roseusdt/1m/ROSEUSDT-1m-2022-07.csv
futures/um/monthly/klines/roseusdt/1m/ROSEUSDT-1m-2022-08.csv
futures/um/monthly/klines/roseusdt/1m/ROSEUSDT-1m-2022-09.csv
futures/um/monthly/klines/roseusdt/1m/ROSEUSDT-1m-2022-10.csv
futures/um/monthly/klines/roseusdt/1m/ROSEUSDT-1m-2022-11.csv
futures/um/monthly/klines/roseusdt/1m/ROSEUSDT-1m-2022-12.csv
futures/um/monthly/klines/roseusdt/1m/ROSEUSDT-1m-2023-01.csv
futures/um/monthly/klines/roseusdt/1m/ROSEUSDT-1m-2023-02.csv
futures/um/monthly/klines/roseusdt/1m/ROSEUSDT-1m-2023-03.csv
futures/um/monthly/klines/roseusdt/1m/ROSEUSDT-1m-2023-04.csv
futures/um/monthly/klines/roseusdt/1m/ROSEUSDT-1m-2023-05.csv
futures/um/monthly/klines/roseusdt/1m/ROSEUSDT-1m-2023-06.csv
futures/um/monthly/klines/roseusdt/1m/ROSEUSDT-1m-2023-07.csv
futures/um/monthly/klines/roseusdt/1m/ROSEUSDT-1m-2023-08.csv
futures/um/monthly/klines/roseusdt/1m/ROSEUSDT-1m-2023-09.csv
futures/um/monthly/klines/roseusdt/1m/ROSEUSDT-1m-2023-10.csv
futures/um/monthly/klines/roseusdt/1m/ROSEUSDT-1m-2023-11.csv
futures/um/monthly/klines/roseusdt/1m/ROSEUSDT-1m-2023-12.csv
futures/um/monthly/klines/roseusdt/1m/ROSEUSDT-1m-2024-01.csv
futures/um/monthly/klines/roseusdt/1m/ROSEUSDT-1m-2024-02.csv
futures/um/monthly/klines/roseusdt/1m/ROSEUSDT-1m-2024-03.csv
futures/um/monthly/klines/roseusdt/1m/ROSEUSDT-1m-2024-04.csv
futures/um/monthly/klines/roseusdt/1m/ROSEUSDT-1m-2024-05.csv
futures/um/monthly/klines/roseusdt/1m/ROSEUSDT-1m-2024-06.csv
futures/um/monthly/klines/roseusdt/1m/ROSEUSDT-1m-2024-07.csv
futures/um/monthly/klines/roseusdt/1m/ROSEUSDT-1m-2024-08.csv
futures/um/monthly/klines/roseusdt/1m/ROSEUSDT-1m-2024-09.csv
futures/um/monthly/klines/roseusdt/1m/ROSEUSDT-1m-2024-10.csv
futures/um/monthly/klines/roseusdt/1m/ROSEUSDT-1m-2024-11.csv
futures/um/monthly/klines/roseusdt/1m/ROSEUSDT-1m-2024-12.csv
futures/um/monthly/klines/roseusdt/1m/ROSEUSDT-1m-2025-01.csv
futures/um/monthly/klines/roseusdt/1m/ROSEUSDT-1m-2025-02.csv
futures/um/monthly/klines/roseusdt/1m/ROSEUSDT-1m-2025-03.csv
futures/um/monthly/klines/roseusdt/1m/ROSEUSDT-1m-2025-04.csv
futures/um/monthly/klines/roseusdt/1m/ROSEUSDT-1m-2025-05.csv
futures/um/monthly/klines/roseusdt/1m/ROSEUSDT-1m-2025-06.csv
futures/um/monthly/klines/roseusdt/1m/ROSEUSDT-1m-2025-07.csv
futures/um/monthly/klines/roseusdt/1m/ROSEUSDT-1m-2025-08.csv
futures/um/monthly/klines/roseusdt/1m/ROSEUSDT-1m-2025-09.csv
futures/um/monthly/klines/roseusdt/1m/ROSEUSDT-1m-2025-10.csv
futures/um/monthly/klines/roseusdt/1m/ROSEUSDT-1m-2025-11.csv
futures/um/monthly/klines/roseusdt/1m/ROSEUSDT-1m-2025-12.csv
futures/um/monthly/klines/roseusdt/1m/ROSEUSDT-1m-2026-01.csv
futures/um/monthly/klines/roseusdt/1m/ROSEUSDT-1m-2026-02.csv
futures/um/monthly/klines/roseusdt/1m/ROSEUSDT-1m-2026-03.csv
futures/um/monthly/klines/roseusdt/1m/ROSEUSDT-1m-2026-04.csv
futures/um/monthly/klines/roseusdt/1m/ROSEUSDT-1m-2026-05.csv
futures/um/monthly/klines/roseusdt/1m/ROSEUSDT-1m-2026-06.csv
futures/um/monthly/klines/roseusdt/1m/ROSEUSDT-1m-2026-07.csv
futures/um/monthly/klines/roseusdt/1m/ROSEUSDT-1m-2026-08.csv
futures/um/monthly/klines/rplusdt/1m/RPLUSDT-1m-2024-09.csv
futures/um/monthly/klines/rplusdt/1m/RPLUSDT-1m-2024-10.csv
futures/um/monthly/klines/rplusdt/1m/RPLUSDT-1m-2024-11.csv
futures/um/monthly/klines/rplusdt/1m/RPLUSDT-1m-2024-12.csv
futures/um/monthly/klines/rplusdt/1m/RPLUSDT-1m-2025-01.csv
futures/um/monthly/klines/rplusdt/1m/RPLUSDT-1m-2025-02.csv
futures/um/monthly/klines/rplusdt/1m/RPLUSDT-1m-2025-03.csv
futures/um/monthly/klines/rplusdt/1m/RPLUSDT-1m-2025-04.csv
futures/um/monthly/klines/rplusdt/1m/RPLUSDT-1m-2025-05.csv
futures/um/monthly/klines/rplusdt/1m/RPLUSDT-1m-2025-06.csv
futures/um/monthly/klines/rplusdt/1m/RPLUSDT-1m-2025-07.csv
futures/um/monthly/klines/rplusdt/1m/RPLUSDT-1m-2025-08.csv
futures/um/monthly/klines/rplusdt/1m/RPLUSDT-1m-2025-09.csv
futures/um/monthly/klines/rplusdt/1m/RPLUSDT-1m-2025-10.csv
futures/um/monthly/klines/rplusdt/1m/RPLUSDT-1m-2025-11.csv
futures/um/monthly/klines/rplusdt/1m/RPLUSDT-1m-2025-12.csv
futures/um/monthly/klines/rplusdt/1m/RPLUSDT-1m-2026-01.csv
futures/um/monthly/klines/rplusdt/1m/RPLUSDT-1m-2026-02.csv
futures/um/monthly/klines/rplusdt/1m/RPLUSDT-1m-2026-03.csv
futures/um/monthly/klines/rplusdt/1m/RPLUSDT-1m-2026-04.csv
futures/um/monthly/klines/rplusdt/1m/RPLUSDT-1m-2026-05.csv
futures/um/monthly/klines/rplusdt/1m/RPLUSDT-1m-2026-06.csv
futures/um/monthly/klines/rplusdt/1m/RPLUSDT-1m-2026-07.csv
futures/um/monthly/klines/rplusdt/1m/RPLUSDT-1m-2026-08.csv
futures/um/monthly/klines/rsrusdt/1m/RSRUSDT-1m-2020-10.csv
futures/um/monthly/klines/rsrusdt/1m/RSRUSDT-1m-2020-11.csv
futures/um/monthly/klines/rsrusdt/1m/RSRUSDT-1m-2020-12.csv
futures/um/monthly/klines/rsrusdt/1m/RSRUSDT-1m-2021-01.csv
futures/um/monthly/klines/rsrusdt/1m/RSRUSDT-1m-2021-02.csv
futures/um/monthly/klines/rsrusdt/1m/RSRUSDT-1m-2021-03.csv
futures/um/monthly/klines/rsrusdt/1m/RSRUSDT-1m-2021-04.csv
futures/um/monthly/klines/rsrusdt/1m/RSRUSDT-1m-2021-05.csv
futures/um/monthly/klines/rsrusdt/1m/RSRUSDT-1m-2021-06.csv
futures/um/monthly/klines/rsrusdt/1m/RSRUSDT-1m-2021-07.csv
futures/um/monthly/klines/rsrusdt/1m/RSRUSDT-1m-2021-08.csv
futures/um/monthly/klines/rsrusdt/1m/RSRUSDT-1m-2021-09.csv
futures/um/monthly/klines/rsrusdt/1m/RSRUSDT-1m-2021-10.csv
futures/um/monthly/klines/rsrusdt/1m/RSRUSDT-1m-2021-11.csv
futures/um/monthly/klines/rsrusdt/1m/RSRUSDT-1m-2021-12.csv
futures/um/monthly/klines/rsrusdt/1m/RSRUSDT-1m-2022-01.csv
futures/um/monthly/klines/rsrusdt/1m/RSRUSDT-1m-2022-02.csv
futures/um/monthly/klines/rsrusdt/1m/RSRUSDT-1m-2022-03.csv
futures/um/monthly/klines/rsrusdt/1m/RSRUSDT-1m-2022-04.csv
futures/um/monthly/klines/rsrusdt/1m/RSRUSDT-1m-2022-05.csv
futures/um/monthly/klines/rsrusdt/1m/RSRUSDT-1m-2022-06.csv
futures/um/monthly/klines/rsrusdt/1m/RSRUSDT-1m-2022-07.csv
futures/um/monthly/klines/rsrusdt/1m/RSRUSDT-1m-2022-08.csv
futures/um/monthly/klines/rsrusdt/1m/RSRUSDT-1m-2022-09.csv
futures/um/monthly/klines/rsrusdt/1m/RSRUSDT-1m-2022-10.csv
futures/um/monthly/klines/rsrusdt/1m/RSRUSDT-1m-2022-11.csv
futures/um/monthly/klines/rsrusdt/1m/RSRUSDT-1m-2022-12.csv
futures/um/monthly/klines/rsrusdt/1m/RSRUSDT-1m-2023-01.csv
futures/um/monthly/klines/rsrusdt/1m/RSRUSDT-1m-2023-02.csv
futures/um/monthly/klines/rsrusdt/1m/RSRUSDT-1m-2023-03.csv
futures/um/monthly/klines/rsrusdt/1m/RSRUSDT-1m-2023-04.csv
futures/um/monthly/klines/rsrusdt/1m/RSRUSDT-1m-2023-05.csv
futures/um/monthly/klines/rsrusdt/1m/RSRUSDT-1m-2023-06.csv
futures/um/monthly/klines/rsrusdt/1m/RSRUSDT-1m-2023-07.csv
futures/um/monthly/klines/rsrusdt/1m/RSRUSDT-1m-2023-08.csv
futures/um/monthly/klines/rsrusdt/1m/RSRUSDT-1m-2023-09.csv
futures/um/monthly/klines/rsrusdt/1m/RSRUSDT-1m-2023-10.csv
futures/um/monthly/klines/rsrusdt/1m/RSRUSDT-1m-2023-11.csv
futures/um/monthly/klines/rsrusdt/1m/RSRUSDT-1m-2023-12.csv
futures/um/monthly/klines/rsrusdt/1m/RSRUSDT-1m-2024-01.csv
futures/um/monthly/klines/rsrusdt/1m/RSRUSDT-1m-2024-02.csv
futures/um/monthly/klines/rsrusdt/1m/RSRUSDT-1m-2024-03.csv
futures/um/monthly/klines/rsrusdt/1m/RSRUSDT-1m-2024-04.csv
futures/um/monthly/klines/rsrusdt/1m/RSRUSDT-1m-2024-05.csv
futures/um/monthly/klines/rsrusdt/1m/RSRUSDT-1m-2024-06.csv
futures/um/monthly/klines/rsrusdt/1m/RSRUSDT-1m-2024-07.csv
futures/um/monthly/klines/rsrusdt/1m/RSRUSDT-1m-2024-08.csv
futures/um/monthly/klines/rsrusdt/1m/RSRUSDT-1m-2024-09.csv
futures/um/monthly/klines/rsrusdt/1m/RSRUSDT-1m-2024-10.csv
futures/um/monthly/klines/rsrusdt/1m/RSRUSDT-1m-2024-11.csv
futures/um/monthly/klines/rsrusdt/1m/RSRUSDT-1m-2024-12.csv
futures/um/monthly/klines/rsrusdt/1m/RSRUSDT-1m-2025-01.csv
futures/um/monthly/klines/rsrusdt/1m/RSRUSDT-1m-2025-02.csv
futures/um/monthly/klines/rsrusdt/1m/RSRUSDT-1m-2025-03.csv
futures/um/monthly/klines/rsrusdt/1m/RSRUSDT-1m-2025-04.csv
futures/um/monthly/klines/rsrusdt/1m/RSRUSDT-1m-2025-05.csv
futures/um/monthly/klines/rsrusdt/1m/RSRUSDT-1m-2025-06.csv
futures/um/monthly/klines/rsrusdt/1m/RSRUSDT-1m-2025-07.csv
futures/um/monthly/klines/rsrusdt/1m/RSRUSDT-1m-2025-08.csv
futures/um/monthly/klines/rsrusdt/1m/RSRUSDT-1m-2025-09.csv
futures/um/monthly/klines/rsrusdt/1m/RSRUSDT-1m-2025-10.csv
futures/um/monthly/klines/rsrusdt/1m/RSRUSDT-1m-2025-11.csv
futures/um/monthly/klines/rsrusdt/1m/RSRUSDT-1m-2025-12.csv
futures/um/monthly/klines/rsrusdt/1m/RSRUSDT-1m-2026-01.csv
futures/um/monthly/klines/rsrusdt/1m/RSRUSDT-1m-2026-02.csv
futures/um/monthly/klines/rsrusdt/1m/RSRUSDT-1m-2026-03.csv
futures/um/monthly/klines/rsrusdt/1m/RSRUSDT-1m-2026-04.csv
futures/um/monthly/klines/rsrusdt/1m/RSRUSDT-1m-2026-05.csv
futures/um/monthly/klines/rsrusdt/1m/RSRUSDT-1m-2026-06.csv
futures/um/monthly/klines/rsrusdt/1m/RSRUSDT-1m-2026-07.csv
futures/um/monthly/klines/rsrusdt/1m/RSRUSDT-1m-2026-08.csv
futures/um/monthly/klines/runeusdt/1m/RUNEUSDT-1m-2020-09.csv
futures/um/monthly/klines/runeusdt/1m/RUNEUSDT-1m-2020-10.csv
futures/um/monthly/klines/runeusdt/1m/RUNEUSDT-1m-2020-11.csv
futures/um/monthly/klines/runeusdt/1m/RUNEUSDT-1m-2020-12.csv
futures/um/monthly/klines/runeusdt/1m/RUNEUSDT-1m-2021-01.csv
futures/um/monthly/klines/runeusdt/1m/RUNEUSDT-1m-2021-02.csv
futures/um/monthly/klines/runeusdt/1m/RUNEUSDT-1m-2021-03.csv
futures/um/monthly/klines/runeusdt/1m/RUNEUSDT-1m-2021-04.csv
futures/um/monthly/klines/runeusdt/1m/RUNEUSDT-1m-2021-05.csv
futures/um/monthly/klines/runeusdt/1m/RUNEUSDT-1m-2021-06.csv
futures/um/monthly/klines/runeusdt/1m/RUNEUSDT-1m-2021-07.csv
futures/um/monthly/klines/runeusdt/1m/RUNEUSDT-1m-2021-08.csv
futures/um/monthly/klines/runeusdt/1m/RUNEUSDT-1m-2021-09.csv
futures/um/monthly/klines/runeusdt/1m/RUNEUSDT-1m-2021-10.csv
futures/um/monthly/klines/runeusdt/1m/RUNEUSDT-1m-2021-11.csv
futures/um/monthly/klines/runeusdt/1m/RUNEUSDT-1m-2021-12.csv
futures/um/monthly/klines/runeusdt/1m/RUNEUSDT-1m-2022-01.csv
futures/um/monthly/klines/runeusdt/1m/RUNEUSDT-1m-2022-02.csv
futures/um/monthly/klines/runeusdt/1m/RUNEUSDT-1m-2022-03.csv
futures/um/monthly/klines/runeusdt/1m/RUNEUSDT-1m-2022-04.csv
futures/um/monthly/klines/runeusdt/1m/RUNEUSDT-1m-2022-05.csv
futures/um/monthly/klines/runeusdt/1m/RUNEUSDT-1m-2022-06.csv
futures/um/monthly/klines/runeusdt/1m/RUNEUSDT-1m-2022-07.csv
futures/um/monthly/klines/runeusdt/1m/RUNEUSDT-1m-2022-08.csv
futures/um/monthly/klines/runeusdt/1m/RUNEUSDT-1m-2022-09.csv
futures/um/monthly/klines/runeusdt/1m/RUNEUSDT-1m-2022-10.csv
futures/um/monthly/klines/runeusdt/1m/RUNEUSDT-1m-2022-11.csv
futures/um/monthly/klines/runeusdt/1m/RUNEUSDT-1m-2022-12.csv
futures/um/monthly/klines/runeusdt/1m/RUNEUSDT-1m-2023-01.csv
futures/um/monthly/klines/runeusdt/1m/RUNEUSDT-1m-2023-02.csv
futures/um/monthly/klines/runeusdt/1m/RUNEUSDT-1m-2023-03.csv
futures/um/monthly/klines/runeusdt/1m/RUNEUSDT-1m-2023-04.csv
futures/um/monthly/klines/runeusdt/1m/RUNEUSDT-1m-2023-05.csv
futures/um/monthly/klines/runeusdt/1m/RUNEUSDT-1m-2023-06.csv
futures/um/monthly/klines/runeusdt/1m/RUNEUSDT-1m-2023-07.csv
futures/um/monthly/klines/runeusdt/1m/RUNEUSDT-1m-2023-08.csv
futures/um/monthly/klines/runeusdt/1m/RUNEUSDT-1m-2023-09.csv
futures/um/monthly/klines/runeusdt/1m/RUNEUSDT-1m-2023-10.csv
futures/um/monthly/klines/runeusdt/1m/RUNEUSDT-1m-2023-11.csv
futures/um/monthly/klines/runeusdt/1m/RUNEUSDT-1m-2023-12.csv
futures/um/monthly/klines/runeusdt/1m/RUNEUSDT-1m-2024-01.csv
futures/um/monthly/klines/runeusdt/1m/RUNEUSDT-1m-2024-02.csv
futures/um/monthly/klines/runeusdt/1m/RUNEUSDT-1m-2024-03.csv
futures/um/monthly/klines/runeusdt/1m/RUNEUSDT-1m-2024-04.csv
futures/um/monthly/klines/runeusdt/1m/RUNEUSDT-1m-2024-05.csv
futures/um/monthly/klines/runeusdt/1m/RUNEUSDT-1m-2024-06.csv
futures/um/monthly/klines/runeusdt/1m/RUNEUSDT-1m-2024-07.csv
futures/um/monthly/klines/runeusdt/1m/RUNEUSDT-1m-2024-08.csv
futures/um/monthly/klines/runeusdt/1m/RUNEUSDT-1m-2024-09.csv
futures/um/monthly/klines/runeusdt/1m/RUNEUSDT-1m-2024-10.csv
futures/um/monthly/klines/runeusdt/1m/RUNEUSDT-1m-2024-11.csv
futures/um/monthly/klines/runeusdt/1m/RUNEUSDT-1m-2024-12.csv
futures/um/monthly/klines/runeusdt/1m/RUNEUSDT-1m-2025-01.csv
futures/um/monthly/klines/runeusdt/1m/RUNEUSDT-1m-2025-02.csv
futures/um/monthly/klines/runeusdt/1m/RUNEUSDT-1m-2025-03.csv
futures/um/monthly/klines/runeusdt/1m/RUNEUSDT-1m-2025-04.csv
futures/um/monthly/klines/runeusdt/1m/RUNEUSDT-1m-2025-05.csv
futures/um/monthly/klines/runeusdt/1m/RUNEUSDT-1m-2025-06.csv
futures/um/monthly/klines/runeusdt/1m/RUNEUSDT-1m-2025-07.csv
futures/um/monthly/klines/runeusdt/1m/RUNEUSDT-1m-2025-08.csv
futures/um/monthly/klines/runeusdt/1m/RUNEUSDT-1m-2025-09.csv
futures/um/monthly/klines/runeusdt/1m/RUNEUSDT-1m-2025-10.csv
futures/um/monthly/klines/runeusdt/1m/RUNEUSDT-1m-2025-11.csv
futures/um/monthly/klines/runeusdt/1m/RUNEUSDT-1m-2025-12.csv
futures/um/monthly/klines/runeusdt/1m/RUNEUSDT-1m-2026-01.csv
futures/um/monthly/klines/runeusdt/1m/RUNEUSDT-1m-2026-02.csv
futures/um/monthly/klines/runeusdt/1m/RUNEUSDT-1m-2026-03.csv
futures/um/monthly/klines/runeusdt/1m/RUNEUSDT-1m-2026-04.csv
futures/um/monthly/klines/runeusdt/1m/RUNEUSDT-1m-2026-05.csv
futures/um/monthly/klines/runeusdt/1m/RUNEUSDT-1m-2026-06.csv
futures/um/monthly/klines/runeusdt/1m/RUNEUSDT-1m-2026-07.csv
futures/um/monthly/klines/runeusdt/1m/RUNEUSDT-1m-2026-08.csv
futures/um/monthly/klines/rvnusdt/1m/RVNUSDT-1m-2021-02.csv
futures/um/monthly/klines/rvnusdt/1m/RVNUSDT-1m-2021-03.csv
futures/um/monthly/klines/rvnusdt/1m/RVNUSDT-1m-2021-04.csv
futures/um/monthly/klines/rvnusdt/1m/RVNUSDT-1m-2021-05.csv
futures/um/monthly/klines/rvnusdt/1m/RVNUSDT-1m-2021-06.csv
futures/um/monthly/klines/rvnusdt/1m/RVNUSDT-1m-2021-07.csv
futures/um/monthly/klines/rvnusdt/1m/RVNUSDT-1m-2021-08.csv
futures/um/monthly/klines/rvnusdt/1m/RVNUSDT-1m-2021-09.csv
futures/um/monthly/klines/rvnusdt/1m/RVNUSDT-1m-2021-10.csv
futures/um/monthly/klines/rvnusdt/1m/RVNUSDT-1m-2021-11.csv
futures/um/monthly/klines/rvnusdt/1m/RVNUSDT-1m-2021-12.csv
futures/um/monthly/klines/rvnusdt/1m/RVNUSDT-1m-2022-01.csv
futures/um/monthly/klines/rvnusdt/1m/RVNUSDT-1m-2022-02.csv
futures/um/monthly/klines/rvnusdt/1m/RVNUSDT-1m-2022-03.csv
futures/um/monthly/klines/rvnusdt/1m/RVNUSDT-1m-2022-04.csv
futures/um/monthly/klines/rvnusdt/1m/RVNUSDT-1m-2022-05.csv
futures/um/monthly/klines/rvnusdt/1m/RVNUSDT-1m-2022-06.csv
futures/um/monthly/klines/rvnusdt/1m/RVNUSDT-1m-2022-07.csv
futures/um/monthly/klines/rvnusdt/1m/RVNUSDT-1m-2022-08.csv
futures/um/monthly/klines/rvnusdt/1m/RVNUSDT-1m-2022-09.csv
futures/um/monthly/klines/rvnusdt/1m/RVNUSDT-1m-2022-10.csv
futures/um/monthly/klines/rvnusdt/1m/RVNUSDT-1m-2022-11.csv
futures/um/monthly/klines/rvnusdt/1m/RVNUSDT-1m-2022-12.csv
futures/um/monthly/klines/rvnusdt/1m/RVNUSDT-1m-2023-01.csv
futures/um/monthly/klines/rvnusdt/1m/RVNUSDT-1m-2023-02.csv
futures/um/monthly/klines/rvnusdt/1m/RVNUSDT-1m-2023-03.csv
futures/um/monthly/klines/rvnusdt/1m/RVNUSDT-1m-2023-04.csv
futures/um/monthly/klines/rvnusdt/1m/RVNUSDT-1m-2023-05.csv
futures/um/monthly/klines/rvnusdt/1m/RVNUSDT-1m-2023-06.csv
futures/um/monthly/klines/rvnusdt/1m/RVNUSDT-1m-2023-07.csv
futures/um/monthly/klines/rvnusdt/1m/RVNUSDT-1m-2023-08.csv
futures/um/monthly/klines/rvnusdt/1m/RVNUSDT-1m-2023-09.csv
futures/um/monthly/klines/rvnusdt/1m/RVNUSDT-1m-2023-10.csv
futures/um/monthly/klines/rvnusdt/1m/RVNUSDT-1m-2023-11.csv
futures/um/monthly/klines/rvnusdt/1m/RVNUSDT-1m-2023-12.csv
futures/um/monthly/klines/rvnusdt/1m/RVNUSDT-1m-2024-01.csv
futures/um/monthly/klines/rvnusdt/1m/RVNUSDT-1m-2024-02.csv
futures/um/monthly/klines/rvnusdt/1m/RVNUSDT-1m-2024-03.csv
futures/um/monthly/klines/rvnusdt/1m/RVNUSDT-1m-2024-04.csv
futures/um/monthly/klines/rvnusdt/1m/RVNUSDT-1m-2024-05.csv
futures/um/monthly/klines/rvnusdt/1m/RVNUSDT-1m-2024-06.csv
futures/um/monthly/klines/rvnusdt/1m/RVNUSDT-1m-2024-07.csv
futures/um/monthly/klines/rvnusdt/1m/RVNUSDT-1m-2024-08.csv
futures/um/monthly/klines/rvnusdt/1m/RVNUSDT-1m-2024-09.csv
futures/um/monthly/klines/rvnusdt/1m/RVNUSDT-1m-2024-10.csv
futures/um/monthly/klines/rvnusdt/1m/RVNUSDT-1m-2024-11.csv
futures/um/monthly/klines/rvnusdt/1m/RVNUSDT-1m-2024-12.csv
futures/um/monthly/klines/rvnusdt/1m/RVNUSDT-1m-2025-01.csv
futures/um/monthly/klines/rvnusdt/1m/RVNUSDT-1m-2025-02.csv
futures/um/monthly/klines/rvnusdt/1m/RVNUSDT-1m-2025-03.csv
futures/um/monthly/klines/rvnusdt/1m/RVNUSDT-1m-2025-04.csv
futures/um/monthly/klines/rvnusdt/1m/RVNUSDT-1m-2025-05.csv
futures/um/monthly/klines/rvnusdt/1m/RVNUSDT-1m-2025-06.csv
futures/um/monthly/klines/rvnusdt/1m/RVNUSDT-1m-2025-07.csv
futures/um/monthly/klines/rvnusdt/1m/RVNUSDT-1m-2025-08.csv
futures/um/monthly/klines/rvnusdt/1m/RVNUSDT-1m-2025-09.csv
futures/um/monthly/klines/rvnusdt/1m/RVNUSDT-1m-2025-10.csv
futures/um/monthly/klines/rvnusdt/1m/RVNUSDT-1m-2025-11.csv
futures/um/monthly/klines/rvnusdt/1m/RVNUSDT-1m-2025-12.csv
futures/um/monthly/klines/rvnusdt/1m/RVNUSDT-1m-2026-01.csv
futures/um/monthly/klines/rvnusdt/1m/RVNUSDT-1m-2026-02.csv
futures/um/monthly/klines/rvnusdt/1m/RVNUSDT-1m-2026-03.csv
futures/um/monthly/klines/rvnusdt/1m/RVNUSDT-1m-2026-04.csv
futures/um/monthly/klines/rvnusdt/1m/RVNUSDT-1m-2026-05.csv
futures/um/monthly/klines/rvnusdt/1m/RVNUSDT-1m-2026-06.csv
futures/um/monthly/klines/rvnusdt/1m/RVNUSDT-1m-2026-07.csv
futures/um/monthly/klines/rvnusdt/1m/RVNUSDT-1m-2026-08.csv
futures/um/monthly/klines/safeusdt/1m/SAFEUSDT-1m-2024-10.csv
futures/um/monthly/klines/safeusdt/1m/SAFEUSDT-1m-2024-11.csv
futures/um/monthly/klines/safeusdt/1m/SAFEUSDT-1m-2024-12.csv
futures/um/monthly/klines/safeusdt/1m/SAFEUSDT-1m-2025-01.csv
futures/um/monthly/klines/safeusdt/1m/SAFEUSDT-1m-2025-02.csv
futures/um/monthly/klines/safeusdt/1m/SAFEUSDT-1m-2025-03.csv
futures/um/monthly/klines/safeusdt/1m/SAFEUSDT-1m-2025-04.csv
futures/um/monthly/klines/safeusdt/1m/SAFEUSDT-1m-2025-05.csv
futures/um/monthly/klines/safeusdt/1m/SAFEUSDT-1m-2025-06.csv
futures/um/monthly/klines/safeusdt/1m/SAFEUSDT-1m-2025-07.csv
futures/um/monthly/klines/safeusdt/1m/SAFEUSDT-1m-2025-08.csv
futures/um/monthly/klines/safeusdt/1m/SAFEUSDT-1m-2025-09.csv
futures/um/monthly/klines/safeusdt/1m/SAFEUSDT-1m-2025-10.csv
futures/um/monthly/klines/safeusdt/1m/SAFEUSDT-1m-2025-11.csv
futures/um/monthly/klines/safeusdt/1m/SAFEUSDT-1m-2025-12.csv
futures/um/monthly/klines/safeusdt/1m/SAFEUSDT-1m-2026-01.csv
futures/um/monthly/klines/safeusdt/1m/SAFEUSDT-1m-2026-02.csv
futures/um/monthly/klines/safeusdt/1m/SAFEUSDT-1m-2026-03.csv
futures/um/monthly/klines/safeusdt/1m/SAFEUSDT-1m-2026-04.csv
futures/um/monthly/klines/safeusdt/1m/SAFEUSDT-1m-2026-05.csv
futures/um/monthly/klines/safeusdt/1m/SAFEUSDT-1m-2026-06.csv
futures/um/monthly/klines/safeusdt/1m/SAFEUSDT-1m-2026-07.csv
futures/um/monthly/klines/safeusdt/1m/SAFEUSDT-1m-2026-08.csv
futures/um/monthly/klines/sagausdt/1m/SAGAUSDT-1m-2024-04.csv
futures/um/monthly/klines/sagausdt/1m/SAGAUSDT-1m-2024-05.csv
futures/um/monthly/klines/sagausdt/1m/SAGAUSDT-1m-2024-06.csv
futures/um/monthly/klines/sagausdt/1m/SAGAUSDT-1m-2024-07.csv
futures/um/monthly/klines/sagausdt/1m/SAGAUSDT-1m-2024-08.csv
futures/um/monthly/klines/sagausdt/1m/SAGAUSDT-1m-2024-09.csv
futures/um/monthly/klines/sagausdt/1m/SAGAUSDT-1m-2024-10.csv
futures/um/monthly/klines/sagausdt/1m/SAGAUSDT-1m-2024-11.csv
futures/um/monthly/klines/sagausdt/1m/SAGAUSDT-1m-2024-12.csv
futures/um/monthly/klines/sagausdt/1m/SAGAUSDT-1m-2025-01.csv
futures/um/monthly/klines/sagausdt/1m/SAGAUSDT-1m-2025-02.csv
futures/um/monthly/klines/sagausdt/1m/SAGAUSDT-1m-2025-03.csv
futures/um/monthly/klines/sagausdt/1m/SAGAUSDT-1m-2025-04.csv
futures/um/monthly/klines/sagausdt/1m/SAGAUSDT-1m-2025-05.csv
futures/um/monthly/klines/sagausdt/1m/SAGAUSDT-1m-2025-06.csv
futures/um/monthly/klines/sagausdt/1m/SAGAUSDT-1m-2025-07.csv
futures/um/monthly/klines/sagausdt/1m/SAGAUSDT-1m-2025-08.csv
futures/um/monthly/klines/sagausdt/1m/SAGAUSDT-1m-2025-09.csv
futures/um/monthly/klines/sagausdt/1m/SAGAUSDT-1m-2025-10.csv
futures/um/monthly/klines/sagausdt/1m/SAGAUSDT-1m-2025-11.csv
futures/um/monthly/klines/sagausdt/1m/SAGAUSDT-1m-2025-12.csv
futures/um/monthly/klines/sagausdt/1m/SAGAUSDT-1m-2026-01.csv
futures/um/monthly/klines/sagausdt/1m/SAGAUSDT-1m-2026-02.csv
futures/um/monthly/klines/sagausdt/1m/SAGAUSDT-1m-2026-03.csv
futures/um/monthly/klines/sagausdt/1m/SAGAUSDT-1m-2026-04.csv
futures/um/monthly/klines/sagausdt/1m/SAGAUSDT-1m-2026-05.csv
futures/um/monthly/klines/sagausdt/1m/SAGAUSDT-1m-2026-06.csv
futures/um/monthly/klines/sagausdt/1m/SAGAUSDT-1m-2026-07.csv
futures/um/monthly/klines/sagausdt/1m/SAGAUSDT-1m-2026-08.csv
futures/um/monthly/klines/saharausdt/1m/SAHARAUSDT-1m-2025-06.csv
futures/um/monthly/klines/saharausdt/1m/SAHARAUSDT-1m-2025-07.csv
futures/um/monthly/klines/saharausdt/1m/SAHARAUSDT-1m-2025-08.csv
futures/um/monthly/klines/saharausdt/1m/SAHARAUSDT-1m-2025-09.csv
futures/um/monthly/klines/saharausdt/1m/SAHARAUSDT-1m-2025-10.csv
futures/um/monthly/klines/saharausdt/1m/SAHARAUSDT-1m-2025-11.csv
futures/um/monthly/klines/saharausdt/1m/SAHARAUSDT-1m-2025-12.csv
futures/um/monthly/klines/saharausdt/1m/SAHARAUSDT-1m-2026-01.csv
futures/um/monthly/klines/saharausdt/1m/SAHARAUSDT-1m-2026-02.csv
futures/um/monthly/klines/saharausdt/1m/SAHARAUSDT-1m-2026-03.csv
futures/um/monthly/klines/saharausdt/1m/SAHARAUSDT-1m-2026-04.csv
futures/um/monthly/klines/saharausdt/1m/SAHARAUSDT-1m-2026-05.csv
futures/um/monthly/klines/saharausdt/1m/SAHARAUSDT-1m-2026-06.csv
futures/um/monthly/klines/saharausdt/1m/SAHARAUSDT-1m-2026-07.csv
futures/um/monthly/klines/saharausdt/1m/SAHARAUSDT-1m-2026-08.csv
futures/um/monthly/klines/sandusdt/1m/SANDUSDT-1m-2021-01.csv
futures/um/monthly/klines/sandusdt/1m/SANDUSDT-1m-2021-02.csv
futures/um/monthly/klines/sandusdt/1m/SANDUSDT-1m-2021-03.csv
futures/um/monthly/klines/sandusdt/1m/SANDUSDT-1m-2021-04.csv
futures/um/monthly/klines/sandusdt/1m/SANDUSDT-1m-2021-05.csv
futures/um/monthly/klines/sandusdt/1m/SANDUSDT-1m-2021-06.csv
futures/um/monthly/klines/sandusdt/1m/SANDUSDT-1m-2021-07.csv
futures/um/monthly/klines/sandusdt/1m/SANDUSDT-1m-2021-08.csv
futures/um/monthly/klines/sandusdt/1m/SANDUSDT-1m-2021-09.csv
futures/um/monthly/klines/sandusdt/1m/SANDUSDT-1m-2021-10.csv
futures/um/monthly/klines/sandusdt/1m/SANDUSDT-1m-2021-11.csv
futures/um/monthly/klines/sandusdt/1m/SANDUSDT-1m-2021-12.csv
futures/um/monthly/klines/sandusdt/1m/SANDUSDT-1m-2022-01.csv
futures/um/monthly/klines/sandusdt/1m/SANDUSDT-1m-2022-02.csv
futures/um/monthly/klines/sandusdt/1m/SANDUSDT-1m-2022-03.csv
futures/um/monthly/klines/sandusdt/1m/SANDUSDT-1m-2022-04.csv
futures/um/monthly/klines/sandusdt/1m/SANDUSDT-1m-2022-05.csv
futures/um/monthly/klines/sandusdt/1m/SANDUSDT-1m-2022-06.csv
futures/um/monthly/klines/sandusdt/1m/SANDUSDT-1m-2022-07.csv
futures/um/monthly/klines/sandusdt/1m/SANDUSDT-1m-2022-08.csv
futures/um/monthly/klines/sandusdt/1m/SANDUSDT-1m-2022-09.csv
futures/um/monthly/klines/sandusdt/1m/SANDUSDT-1m-2022-10.csv
futures/um/monthly/klines/sandusdt/1m/SANDUSDT-1m-2022-11.csv
futures/um/monthly/klines/sandusdt/1m/SANDUSDT-1m-2022-12.csv
futures/um/monthly/klines/sandusdt/1m/SANDUSDT-1m-2023-01.csv
futures/um/monthly/klines/sandusdt/1m/SANDUSDT-1m-2023-02.csv
futures/um/monthly/klines/sandusdt/1m/SANDUSDT-1m-2023-03.csv
futures/um/monthly/klines/sandusdt/1m/SANDUSDT-1m-2023-04.csv
futures/um/monthly/klines/sandusdt/1m/SANDUSDT-1m-2023-05.csv
futures/um/monthly/klines/sandusdt/1m/SANDUSDT-1m-2023-06.csv
futures/um/monthly/klines/sandusdt/1m/SANDUSDT-1m-2023-07.csv
futures/um/monthly/klines/sandusdt/1m/SANDUSDT-1m-2023-08.csv
futures/um/monthly/klines/sandusdt/1m/SANDUSDT-1m-2023-09.csv
futures/um/monthly/klines/sandusdt/1m/SANDUSDT-1m-2023-10.csv
futures/um/monthly/klines/sandusdt/1m/SANDUSDT-1m-2023-11.csv
futures/um/monthly/klines/sandusdt/1m/SANDUSDT-1m-2023-12.csv
futures/um/monthly/klines/sandusdt/1m/SANDUSDT-1m-2024-01.csv
futures/um/monthly/klines/sandusdt/1m/SANDUSDT-1m-2024-02.csv
futures/um/monthly/klines/sandusdt/1m/SANDUSDT-1m-2024-03.csv
futures/um/monthly/klines/sandusdt/1m/SANDUSDT-1m-2024-04.csv
futures/um/monthly/klines/sandusdt/1m/SANDUSDT-1m-2024-05.csv
futures/um/monthly/klines/sandusdt/1m/SANDUSDT-1m-2024-06.csv
futures/um/monthly/klines/sandusdt/1m/SANDUSDT-1m-2024-07.csv
futures/um/monthly/klines/sandusdt/1m/SANDUSDT-1m-2024-08.csv
futures/um/monthly/klines/sandusdt/1m/SANDUSDT-1m-2024-09.csv
futures/um/monthly/klines/sandusdt/1m/SANDUSDT-1m-2024-10.csv
futures/um/monthly/klines/sandusdt/1m/SANDUSDT-1m-2024-11.csv
futures/um/monthly/klines/sandusdt/1m/SANDUSDT-1m-2024-12.csv
futures/um/monthly/klines/sandusdt/1m/SANDUSDT-1m-2025-01.csv
futures/um/monthly/klines/sandusdt/1m/SANDUSDT-1m-2025-02.csv
futures/um/monthly/klines/sandusdt/1m/SANDUSDT-1m-2025-03.csv
futures/um/monthly/klines/sandusdt/1m/SANDUSDT-1m-2025-04.csv
futures/um/monthly/klines/sandusdt/1m/SANDUSDT-1m-2025-05.csv
futures/um/monthly/klines/sandusdt/1m/SANDUSDT-1m-2025-06.csv
futures/um/monthly/klines/sandusdt/1m/SANDUSDT-1m-2025-07.csv
futures/um/monthly/klines/sandusdt/1m/SANDUSDT-1m-2025-08.csv
futures/um/monthly/klines/sandusdt/1m/SANDUSDT-1m-2025-09.csv
futures/um/monthly/klines/sandusdt/1m/SANDUSDT-1m-2025-10.csv
futures/um/monthly/klines/sandusdt/1m/SANDUSDT-1m-2025-11.csv
futures/um/monthly/klines/sandusdt/1m/SANDUSDT-1m-2025-12.csv
futures/um/monthly/klines/sandusdt/1m/SANDUSDT-1m-2026-01.csv
futures/um/monthly/klines/sandusdt/1m/SANDUSDT-1m-2026-02.csv
futures/um/monthly/klines/sandusdt/1m/SANDUSDT-1m-2026-03.csv
futures/um/monthly/klines/sandusdt/1m/SANDUSDT-1m-2026-04.csv
futures/um/monthly/klines/sandusdt/1m/SANDUSDT-1m-2026-05.csv
futures/um/monthly/klines/sandusdt/1m/SANDUSDT-1m-2026-06.csv
futures/um/monthly/klines/sandusdt/1m/SANDUSDT-1m-2026-07.csv
futures/um/monthly/klines/sandusdt/1m/SANDUSDT-1m-2026-08.csv
futures/um/monthly/klines/santosusdt/1m/SANTOSUSDT-1m-2024-10.csv
futures/um/monthly/klines/santosusdt/1m/SANTOSUSDT-1m-2024-11.csv
futures/um/monthly/klines/santosusdt/1m/SANTOSUSDT-1m-2024-12.csv
futures/um/monthly/klines/santosusdt/1m/SANTOSUSDT-1m-2025-01.csv
futures/um/monthly/klines/santosusdt/1m/SANTOSUSDT-1m-2025-02.csv
futures/um/monthly/klines/santosusdt/1m/SANTOSUSDT-1m-2025-03.csv
futures/um/monthly/klines/santosusdt/1m/SANTOSUSDT-1m-2025-04.csv
futures/um/monthly/klines/santosusdt/1m/SANTOSUSDT-1m-2025-05.csv
futures/um/monthly/klines/santosusdt/1m/SANTOSUSDT-1m-2025-06.csv
futures/um/monthly/klines/santosusdt/1m/SANTOSUSDT-1m-2025-07.csv
futures/um/monthly/klines/santosusdt/1m/SANTOSUSDT-1m-2025-08.csv
futures/um/monthly/klines/santosusdt/1m/SANTOSUSDT-1m-2025-09.csv
futures/um/monthly/klines/santosusdt/1m/SANTOSUSDT-1m-2025-10.csv
futures/um/monthly/klines/santosusdt/1m/SANTOSUSDT-1m-2025-11.csv
futures/um/monthly/klines/santosusdt/1m/SANTOSUSDT-1m-2025-12.csv
futures/um/monthly/klines/santosusdt/1m/SANTOSUSDT-1m-2026-01.csv
futures/um/monthly/klines/santosusdt/1m/SANTOSUSDT-1m-2026-02.csv
futures/um/monthly/klines/santosusdt/1m/SANTOSUSDT-1m-2026-03.csv
futures/um/monthly/klines/santosusdt/1m/SANTOSUSDT-1m-2026-04.csv
futures/um/monthly/klines/santosusdt/1m/SANTOSUSDT-1m-2026-05.csv
futures/um/monthly/klines/santosusdt/1m/SANTOSUSDT-1m-2026-06.csv
futures/um/monthly/klines/santosusdt/1m/SANTOSUSDT-1m-2026-07.csv
futures/um/monthly/klines/santosusdt/1m/SANTOSUSDT-1m-2026-08.csv
futures/um/monthly/klines/sapienusdt/1m/SAPIENUSDT-1m-2025-08.csv
futures/um/monthly/klines/sapienusdt/1m/SAPIENUSDT-1m-2025-09.csv
futures/um/monthly/klines/sapienusdt/1m/SAPIENUSDT-1m-2025-10.csv
futures/um/monthly/klines/sapienusdt/1m/SAPIENUSDT-1m-2025-11.csv
futures/um/monthly/klines/sapienusdt/1m/SAPIENUSDT-1m-2025-12.csv
futures/um/monthly/klines/sapienusdt/1m/SAPIENUSDT-1m-2026-01.csv
futures/um/monthly/klines/sapienusdt/1m/SAPIENUSDT-1m-2026-02.csv
futures/um/monthly/klines/sapienusdt/1m/SAPIENUSDT-1m-2026-03.csv
futures/um/monthly/klines/sapienusdt/1m/SAPIENUSDT-1m-2026-04.csv
futures/um/monthly/klines/sapienusdt/1m/SAPIENUSDT-1m-2026-05.csv
futures/um/monthly/klines/sapienusdt/1m/SAPIENUSDT-1m-2026-06.csv
futures/um/monthly/klines/sapienusdt/1m/SAPIENUSDT-1m-2026-07.csv
futures/um/monthly/klines/sapienusdt/1m/SAPIENUSDT-1m-2026-08.csv
futures/um/monthly/klines/scrusdt/1m/SCRUSDT-1m-2024-10.csv
futures/um/monthly/klines/scrusdt/1m/SCRUSDT-1m-2024-11.csv
futures/um/monthly/klines/scrusdt/1m/SCRUSDT-1m-2024-12.csv
futures/um/monthly/klines/scrusdt/1m/SCRUSDT-1m-2025-01.csv
futures/um/monthly/klines/scrusdt/1m/SCRUSDT-1m-2025-02.csv
futures/um/monthly/klines/scrusdt/1m/SCRUSDT-1m-2025-03.csv
futures/um/monthly/klines/scrusdt/1m/SCRUSDT-1m-2025-04.csv
futures/um/monthly/klines/scrusdt/1m/SCRUSDT-1m-2025-05.csv
futures/um/monthly/klines/scrusdt/1m/SCRUSDT-1m-2025-06.csv
futures/um/monthly/klines/scrusdt/1m/SCRUSDT-1m-2025-07.csv
futures/um/monthly/klines/scrusdt/1m/SCRUSDT-1m-2025-08.csv
futures/um/monthly/klines/scrusdt/1m/SCRUSDT-1m-2025-09.csv
futures/um/monthly/klines/scrusdt/1m/SCRUSDT-1m-2025-10.csv
futures/um/monthly/klines/scrusdt/1m/SCRUSDT-1m-2025-11.csv
futures/um/monthly/klines/scrusdt/1m/SCRUSDT-1m-2025-12.csv
futures/um/monthly/klines/scrusdt/1m/SCRUSDT-1m-2026-01.csv
futures/um/monthly/klines/scrusdt/1m/SCRUSDT-1m-2026-02.csv
futures/um/monthly/klines/scrusdt/1m/SCRUSDT-1m-2026-03.csv
futures/um/monthly/klines/scrusdt/1m/SCRUSDT-1m-2026-04.csv
futures/um/monthly/klines/scrusdt/1m/SCRUSDT-1m-2026-05.csv
futures/um/monthly/klines/scrusdt/1m/SCRUSDT-1m-2026-06.csv
futures/um/monthly/klines/scrusdt/1m/SCRUSDT-1m-2026-07.csv
futures/um/monthly/klines/scrusdt/1m/SCRUSDT-1m-2026-08.csv
futures/um/monthly/klines/seiusdt/1m/SEIUSDT-1m-2023-08.csv
futures/um/monthly/klines/seiusdt/1m/SEIUSDT-1m-2023-09.csv
futures/um/monthly/klines/seiusdt/1m/SEIUSDT-1m-2023-10.csv
futures/um/monthly/klines/seiusdt/1m/SEIUSDT-1m-2023-11.csv
futures/um/monthly/klines/seiusdt/1m/SEIUSDT-1m-2023-12.csv
futures/um/monthly/klines/seiusdt/1m/SEIUSDT-1m-2024-01.csv
futures/um/monthly/klines/seiusdt/1m/SEIUSDT-1m-2024-02.csv
futures/um/monthly/klines/seiusdt/1m/SEIUSDT-1m-2024-03.csv
futures/um/monthly/klines/seiusdt/1m/SEIUSDT-1m-2024-04.csv
futures/um/monthly/klines/seiusdt/1m/SEIUSDT-1m-2024-05.csv
futures/um/monthly/klines/seiusdt/1m/SEIUSDT-1m-2024-06.csv
futures/um/monthly/klines/seiusdt/1m/SEIUSDT-1m-2024-07.csv
futures/um/monthly/klines/seiusdt/1m/SEIUSDT-1m-2024-08.csv
futures/um/monthly/klines/seiusdt/1m/SEIUSDT-1m-2024-09.csv
futures/um/monthly/klines/seiusdt/1m/SEIUSDT-1m-2024-10.csv
futures/um/monthly/klines/seiusdt/1m/SEIUSDT-1m-2024-11.csv
futures/um/monthly/klines/seiusdt/1m/SEIUSDT-1m-2024-12.csv
futures/um/monthly/klines/seiusdt/1m/SEIUSDT-1m-2025-01.csv
futures/um/monthly/klines/seiusdt/1m/SEIUSDT-1m-2025-02.csv
futures/um/monthly/klines/seiusdt/1m/SEIUSDT-1m-2025-03.csv
futures/um/monthly/klines/seiusdt/1m/SEIUSDT-1m-2025-04.csv
futures/um/monthly/klines/seiusdt/1m/SEIUSDT-1m-2025-05.csv
futures/um/monthly/klines/seiusdt/1m/SEIUSDT-1m-2025-06.csv
futures/um/monthly/klines/seiusdt/1m/SEIUSDT-1m-2025-07.csv
futures/um/monthly/klines/seiusdt/1m/SEIUSDT-1m-2025-08.csv
futures/um/monthly/klines/seiusdt/1m/SEIUSDT-1m-2025-09.csv
futures/um/monthly/klines/seiusdt/1m/SEIUSDT-1m-2025-10.csv
futures/um/monthly/klines/seiusdt/1m/SEIUSDT-1m-2025-11.csv
futures/um/monthly/klines/seiusdt/1m/SEIUSDT-1m-2025-12.csv
futures/um/monthly/klines/seiusdt/1m/SEIUSDT-1m-2026-01.csv
futures/um/monthly/klines/seiusdt/1m/SEIUSDT-1m-2026-02.csv
futures/um/monthly/klines/seiusdt/1m/SEIUSDT-1m-2026-03.csv
futures/um/monthly/klines/seiusdt/1m/SEIUSDT-1m-2026-04.csv
futures/um/monthly/klines/seiusdt/1m/SEIUSDT-1m-2026-05.csv
futures/um/monthly/klines/seiusdt/1m/SEIUSDT-1m-2026-06.csv
futures/um/monthly/klines/seiusdt/1m/SEIUSDT-1m-2026-07.csv
futures/um/monthly/klines/seiusdt/1m/SEIUSDT-1m-2026-08.csv
futures/um/monthly/klines/sentusdt/1m/SENTUSDT-1m-2025-11.csv
futures/um/monthly/klines/sentusdt/1m/SENTUSDT-1m-2025-12.csv
futures/um/monthly/klines/sentusdt/1m/SENTUSDT-1m-2026-01.csv
futures/um/monthly/klines/sentusdt/1m/SENTUSDT-1m-2026-02.csv
futures/um/monthly/klines/sentusdt/1m/SENTUSDT-1m-2026-03.csv
futures/um/monthly/klines/sentusdt/1m/SENTUSDT-1m-2026-04.csv
futures/um/monthly/klines/sentusdt/1m/SENTUSDT-1m-2026-05.csv
futures/um/monthly/klines/sentusdt/1m/SENTUSDT-1m-2026-06.csv
futures/um/monthly/klines/sentusdt/1m/SENTUSDT-1m-2026-07.csv
futures/um/monthly/klines/sentusdt/1m/SENTUSDT-1m-2026-08.csv
futures/um/monthly/klines/sfpusdt/1m/SFPUSDT-1m-2021-02.csv
futures/um/monthly/klines/sfpusdt/1m/SFPUSDT-1m-2021-03.csv
futures/um/monthly/klines/sfpusdt/1m/SFPUSDT-1m-2021-04.csv
futures/um/monthly/klines/sfpusdt/1m/SFPUSDT-1m-2021-05.csv
futures/um/monthly/klines/sfpusdt/1m/SFPUSDT-1m-2021-06.csv
futures/um/monthly/klines/sfpusdt/1m/SFPUSDT-1m-2021-07.csv
futures/um/monthly/klines/sfpusdt/1m/SFPUSDT-1m-2021-08.csv
futures/um/monthly/klines/sfpusdt/1m/SFPUSDT-1m-2021-09.csv
futures/um/monthly/klines/sfpusdt/1m/SFPUSDT-1m-2021-10.csv
futures/um/monthly/klines/sfpusdt/1m/SFPUSDT-1m-2021-11.csv
futures/um/monthly/klines/sfpusdt/1m/SFPUSDT-1m-2021-12.csv
futures/um/monthly/klines/sfpusdt/1m/SFPUSDT-1m-2022-01.csv
futures/um/monthly/klines/sfpusdt/1m/SFPUSDT-1m-2022-02.csv
futures/um/monthly/klines/sfpusdt/1m/SFPUSDT-1m-2022-03.csv
futures/um/monthly/klines/sfpusdt/1m/SFPUSDT-1m-2022-04.csv
futures/um/monthly/klines/sfpusdt/1m/SFPUSDT-1m-2022-05.csv
futures/um/monthly/klines/sfpusdt/1m/SFPUSDT-1m-2022-06.csv
futures/um/monthly/klines/sfpusdt/1m/SFPUSDT-1m-2022-07.csv
futures/um/monthly/klines/sfpusdt/1m/SFPUSDT-1m-2022-08.csv
futures/um/monthly/klines/sfpusdt/1m/SFPUSDT-1m-2022-09.csv
futures/um/monthly/klines/sfpusdt/1m/SFPUSDT-1m-2022-10.csv
futures/um/monthly/klines/sfpusdt/1m/SFPUSDT-1m-2022-11.csv
futures/um/monthly/klines/sfpusdt/1m/SFPUSDT-1m-2022-12.csv
futures/um/monthly/klines/sfpusdt/1m/SFPUSDT-1m-2023-01.csv
futures/um/monthly/klines/sfpusdt/1m/SFPUSDT-1m-2023-02.csv
futures/um/monthly/klines/sfpusdt/1m/SFPUSDT-1m-2023-03.csv
futures/um/monthly/klines/sfpusdt/1m/SFPUSDT-1m-2023-04.csv
futures/um/monthly/klines/sfpusdt/1m/SFPUSDT-1m-2023-05.csv
futures/um/monthly/klines/sfpusdt/1m/SFPUSDT-1m-2023-06.csv
futures/um/monthly/klines/sfpusdt/1m/SFPUSDT-1m-2023-07.csv
futures/um/monthly/klines/sfpusdt/1m/SFPUSDT-1m-2023-08.csv
futures/um/monthly/klines/sfpusdt/1m/SFPUSDT-1m-2023-09.csv
futures/um/monthly/klines/sfpusdt/1m/SFPUSDT-1m-2023-10.csv
futures/um/monthly/klines/sfpusdt/1m/SFPUSDT-1m-2023-11.csv
futures/um/monthly/klines/sfpusdt/1m/SFPUSDT-1m-2023-12.csv
futures/um/monthly/klines/sfpusdt/1m/SFPUSDT-1m-2024-01.csv
futures/um/monthly/klines/sfpusdt/1m/SFPUSDT-1m-2024-02.csv
futures/um/monthly/klines/sfpusdt/1m/SFPUSDT-1m-2024-03.csv
futures/um/monthly/klines/sfpusdt/1m/SFPUSDT-1m-2024-04.csv
futures/um/monthly/klines/sfpusdt/1m/SFPUSDT-1m-2024-05.csv
futures/um/monthly/klines/sfpusdt/1m/SFPUSDT-1m-2024-06.csv
futures/um/monthly/klines/sfpusdt/1m/SFPUSDT-1m-2024-07.csv
futures/um/monthly/klines/sfpusdt/1m/SFPUSDT-1m-2024-08.csv
futures/um/monthly/klines/sfpusdt/1m/SFPUSDT-1m-2024-09.csv
futures/um/monthly/klines/sfpusdt/1m/SFPUSDT-1m-2024-10.csv
futures/um/monthly/klines/sfpusdt/1m/SFPUSDT-1m-2024-11.csv
futures/um/monthly/klines/sfpusdt/1m/SFPUSDT-1m-2024-12.csv
futures/um/monthly/klines/sfpusdt/1m/SFPUSDT-1m-2025-01.csv
futures/um/monthly/klines/sfpusdt/1m/SFPUSDT-1m-2025-02.csv
futures/um/monthly/klines/sfpusdt/1m/SFPUSDT-1m-2025-03.csv
futures/um/monthly/klines/sfpusdt/1m/SFPUSDT-1m-2025-04.csv
futures/um/monthly/klines/sfpusdt/1m/SFPUSDT-1m-2025-05.csv
futures/um/monthly/klines/sfpusdt/1m/SFPUSDT-1m-2025-06.csv
futures/um/monthly/klines/sfpusdt/1m/SFPUSDT-1m-2025-07.csv
futures/um/monthly/klines/sfpusdt/1m/SFPUSDT-1m-2025-08.csv
futures/um/monthly/klines/sfpusdt/1m/SFPUSDT-1m-2025-09.csv
futures/um/monthly/klines/sfpusdt/1m/SFPUSDT-1m-2025-10.csv
futures/um/monthly/klines/sfpusdt/1m/SFPUSDT-1m-2025-11.csv
futures/um/monthly/klines/sfpusdt/1m/SFPUSDT-1m-2025-12.csv
futures/um/monthly/klines/sfpusdt/1m/SFPUSDT-1m-2026-01.csv
futures/um/monthly/klines/sfpusdt/1m/SFPUSDT-1m-2026-02.csv
futures/um/monthly/klines/sfpusdt/1m/SFPUSDT-1m-2026-03.csv
futures/um/monthly/klines/sfpusdt/1m/SFPUSDT-1m-2026-04.csv
futures/um/monthly/klines/sfpusdt/1m/SFPUSDT-1m-2026-05.csv
futures/um/monthly/klines/sfpusdt/1m/SFPUSDT-1m-2026-06.csv
futures/um/monthly/klines/sfpusdt/1m/SFPUSDT-1m-2026-07.csv
futures/um/monthly/klines/sfpusdt/1m/SFPUSDT-1m-2026-08.csv
futures/um/monthly/klines/shellusdt/1m/SHELLUSDT-1m-2025-02.csv
futures/um/monthly/klines/shellusdt/1m/SHELLUSDT-1m-2025-03.csv
futures/um/monthly/klines/shellusdt/1m/SHELLUSDT-1m-2025-04.csv
futures/um/monthly/klines/shellusdt/1m/SHELLUSDT-1m-2025-05.csv
futures/um/monthly/klines/shellusdt/1m/SHELLUSDT-1m-2025-06.csv
futures/um/monthly/klines/shellusdt/1m/SHELLUSDT-1m-2025-07.csv
futures/um/monthly/klines/shellusdt/1m/SHELLUSDT-1m-2025-08.csv
futures/um/monthly/klines/shellusdt/1m/SHELLUSDT-1m-2025-09.csv
futures/um/monthly/klines/shellusdt/1m/SHELLUSDT-1m-2025-10.csv
futures/um/monthly/klines/shellusdt/1m/SHELLUSDT-1m-2025-11.csv
futures/um/monthly/klines/shellusdt/1m/SHELLUSDT-1m-2025-12.csv
futures/um/monthly/klines/shellusdt/1m/SHELLUSDT-1m-2026-01.csv
futures/um/monthly/klines/shellusdt/1m/SHELLUSDT-1m-2026-02.csv
futures/um/monthly/klines/shellusdt/1m/SHELLUSDT-1m-2026-03.csv
futures/um/monthly/klines/shellusdt/1m/SHELLUSDT-1m-2026-04.csv
futures/um/monthly/klines/shellusdt/1m/SHELLUSDT-1m-2026-05.csv
futures/um/monthly/klines/shellusdt/1m/SHELLUSDT-1m-2026-06.csv
futures/um/monthly/klines/shellusdt/1m/SHELLUSDT-1m-2026-07.csv
futures/um/monthly/klines/shellusdt/1m/SHELLUSDT-1m-2026-08.csv
futures/um/monthly/klines/signusdt/1m/SIGNUSDT-1m-2025-04.csv
futures/um/monthly/klines/signusdt/1m/SIGNUSDT-1m-2025-05.csv
futures/um/monthly/klines/signusdt/1m/SIGNUSDT-1m-2025-06.csv
futures/um/monthly/klines/signusdt/1m/SIGNUSDT-1m-2025-07.csv
futures/um/monthly/klines/signusdt/1m/SIGNUSDT-1m-2025-08.csv
futures/um/monthly/klines/signusdt/1m/SIGNUSDT-1m-2025-09.csv
futures/um/monthly/klines/signusdt/1m/SIGNUSDT-1m-2025-10.csv
futures/um/monthly/klines/signusdt/1m/SIGNUSDT-1m-2025-11.csv
futures/um/monthly/klines/signusdt/1m/SIGNUSDT-1m-2025-12.csv
futures/um/monthly/klines/signusdt/1m/SIGNUSDT-1m-2026-01.csv
futures/um/monthly/klines/signusdt/1m/SIGNUSDT-1m-2026-02.csv
futures/um/monthly/klines/signusdt/1m/SIGNUSDT-1m-2026-03.csv
futures/um/monthly/klines/signusdt/1m/SIGNUSDT-1m-2026-04.csv
futures/um/monthly/klines/signusdt/1m/SIGNUSDT-1m-2026-05.csv
futures/um/monthly/klines/signusdt/1m/SIGNUSDT-1m-2026-06.csv
futures/um/monthly/klines/signusdt/1m/SIGNUSDT-1m-2026-07.csv
futures/um/monthly/klines/signusdt/1m/SIGNUSDT-1m-2026-08.csv
futures/um/monthly/klines/sirenusdt/1m/SIRENUSDT-1m-2025-03.csv
futures/um/monthly/klines/sirenusdt/1m/SIRENUSDT-1m-2025-04.csv
futures/um/monthly/klines/sirenusdt/1m/SIRENUSDT-1m-2025-05.csv
futures/um/monthly/klines/sirenusdt/1m/SIRENUSDT-1m-2025-06.csv
futures/um/monthly/klines/sirenusdt/1m/SIRENUSDT-1m-2025-07.csv
futures/um/monthly/klines/sirenusdt/1m/SIRENUSDT-1m-2025-08.csv
futures/um/monthly/klines/sirenusdt/1m/SIRENUSDT-1m-2025-09.csv
futures/um/monthly/klines/sirenusdt/1m/SIRENUSDT-1m-2025-10.csv
futures/um/monthly/klines/sirenusdt/1m/SIRENUSDT-1m-2025-11.csv
futures/um/monthly/klines/sirenusdt/1m/SIRENUSDT-1m-2025-12.csv
futures/um/monthly/klines/sirenusdt/1m/SIRENUSDT-1m-2026-01.csv
futures/um/monthly/klines/sirenusdt/1m/SIRENUSDT-1m-2026-02.csv
futures/um/monthly/klines/sirenusdt/1m/SIRENUSDT-1m-2026-03.csv
futures/um/monthly/klines/sirenusdt/1m/SIRENUSDT-1m-2026-04.csv
futures/um/monthly/klines/sirenusdt/1m/SIRENUSDT-1m-2026-05.csv
futures/um/monthly/klines/sirenusdt/1m/SIRENUSDT-1m-2026-06.csv
futures/um/monthly/klines/sirenusdt/1m/SIRENUSDT-1m-2026-07.csv
futures/um/monthly/klines/sirenusdt/1m/SIRENUSDT-1m-2026-08.csv
futures/um/monthly/klines/sklusdt/1m/SKLUSDT-1m-2020-12.csv
futures/um/monthly/klines/sklusdt/1m/SKLUSDT-1m-2021-01.csv
futures/um/monthly/klines/sklusdt/1m/SKLUSDT-1m-2021-02.csv
futures/um/monthly/klines/sklusdt/1m/SKLUSDT-1m-2021-03.csv
futures/um/monthly/klines/sklusdt/1m/SKLUSDT-1m-2021-04.csv
futures/um/monthly/klines/sklusdt/1m/SKLUSDT-1m-2021-05.csv
futures/um/monthly/klines/sklusdt/1m/SKLUSDT-1m-2021-06.csv
futures/um/monthly/klines/sklusdt/1m/SKLUSDT-1m-2021-07.csv
futures/um/monthly/klines/sklusdt/1m/SKLUSDT-1m-2021-08.csv
futures/um/monthly/klines/sklusdt/1m/SKLUSDT-1m-2021-09.csv
futures/um/monthly/klines/sklusdt/1m/SKLUSDT-1m-2021-10.csv
futures/um/monthly/klines/sklusdt/1m/SKLUSDT-1m-2021-11.csv
futures/um/monthly/klines/sklusdt/1m/SKLUSDT-1m-2021-12.csv
futures/um/monthly/klines/sklusdt/1m/SKLUSDT-1m-2022-01.csv
futures/um/monthly/klines/sklusdt/1m/SKLUSDT-1m-2022-02.csv
futures/um/monthly/klines/sklusdt/1m/SKLUSDT-1m-2022-03.csv
futures/um/monthly/klines/sklusdt/1m/SKLUSDT-1m-2022-04.csv
futures/um/monthly/klines/sklusdt/1m/SKLUSDT-1m-2022-05.csv
futures/um/monthly/klines/sklusdt/1m/SKLUSDT-1m-2022-06.csv
futures/um/monthly/klines/sklusdt/1m/SKLUSDT-1m-2022-07.csv
futures/um/monthly/klines/sklusdt/1m/SKLUSDT-1m-2022-08.csv
futures/um/monthly/klines/sklusdt/1m/SKLUSDT-1m-2022-09.csv
futures/um/monthly/klines/sklusdt/1m/SKLUSDT-1m-2022-10.csv
futures/um/monthly/klines/sklusdt/1m/SKLUSDT-1m-2022-11.csv
futures/um/monthly/klines/sklusdt/1m/SKLUSDT-1m-2022-12.csv
futures/um/monthly/klines/sklusdt/1m/SKLUSDT-1m-2023-01.csv
futures/um/monthly/klines/sklusdt/1m/SKLUSDT-1m-2023-02.csv
futures/um/monthly/klines/sklusdt/1m/SKLUSDT-1m-2023-03.csv
futures/um/monthly/klines/sklusdt/1m/SKLUSDT-1m-2023-04.csv
futures/um/monthly/klines/sklusdt/1m/SKLUSDT-1m-2023-05.csv
futures/um/monthly/klines/sklusdt/1m/SKLUSDT-1m-2023-06.csv
futures/um/monthly/klines/sklusdt/1m/SKLUSDT-1m-2023-07.csv
futures/um/monthly/klines/sklusdt/1m/SKLUSDT-1m-2023-08.csv
futures/um/monthly/klines/sklusdt/1m/SKLUSDT-1m-2023-09.csv
futures/um/monthly/klines/sklusdt/1m/SKLUSDT-1m-2023-10.csv
futures/um/monthly/klines/sklusdt/1m/SKLUSDT-1m-2023-11.csv
futures/um/monthly/klines/sklusdt/1m/SKLUSDT-1m-2023-12.csv
futures/um/monthly/klines/sklusdt/1m/SKLUSDT-1m-2024-01.csv
futures/um/monthly/klines/sklusdt/1m/SKLUSDT-1m-2024-02.csv
futures/um/monthly/klines/sklusdt/1m/SKLUSDT-1m-2024-03.csv
futures/um/monthly/klines/sklusdt/1m/SKLUSDT-1m-2024-04.csv
futures/um/monthly/klines/sklusdt/1m/SKLUSDT-1m-2024-05.csv
futures/um/monthly/klines/sklusdt/1m/SKLUSDT-1m-2024-06.csv
futures/um/monthly/klines/sklusdt/1m/SKLUSDT-1m-2024-07.csv
futures/um/monthly/klines/sklusdt/1m/SKLUSDT-1m-2024-08.csv
futures/um/monthly/klines/sklusdt/1m/SKLUSDT-1m-2024-09.csv
futures/um/monthly/klines/sklusdt/1m/SKLUSDT-1m-2024-10.csv
futures/um/monthly/klines/sklusdt/1m/SKLUSDT-1m-2024-11.csv
futures/um/monthly/klines/sklusdt/1m/SKLUSDT-1m-2024-12.csv
futures/um/monthly/klines/sklusdt/1m/SKLUSDT-1m-2025-01.csv
futures/um/monthly/klines/sklusdt/1m/SKLUSDT-1m-2025-02.csv
futures/um/monthly/klines/sklusdt/1m/SKLUSDT-1m-2025-03.csv
futures/um/monthly/klines/sklusdt/1m/SKLUSDT-1m-2025-04.csv
futures/um/monthly/klines/sklusdt/1m/SKLUSDT-1m-2025-05.csv
futures/um/monthly/klines/sklusdt/1m/SKLUSDT-1m-2025-06.csv
futures/um/monthly/klines/sklusdt/1m/SKLUSDT-1m-2025-07.csv
futures/um/monthly/klines/sklusdt/1m/SKLUSDT-1m-2025-08.csv
futures/um/monthly/klines/sklusdt/1m/SKLUSDT-1m-2025-09.csv
futures/um/monthly/klines/sklusdt/1m/SKLUSDT-1m-2025-10.csv
futures/um/monthly/klines/sklusdt/1m/SKLUSDT-1m-2025-11.csv
futures/um/monthly/klines/sklusdt/1m/SKLUSDT-1m-2025-12.csv
futures/um/monthly/klines/sklusdt/1m/SKLUSDT-1m-2026-01.csv
futures/um/monthly/klines/sklusdt/1m/SKLUSDT-1m-2026-02.csv
futures/um/monthly/klines/sklusdt/1m/SKLUSDT-1m-2026-03.csv
futures/um/monthly/klines/sklusdt/1m/SKLUSDT-1m-2026-04.csv
futures/um/monthly/klines/sklusdt/1m/SKLUSDT-1m-2026-05.csv
futures/um/monthly/klines/sklusdt/1m/SKLUSDT-1m-2026-06.csv
futures/um/monthly/klines/sklusdt/1m/SKLUSDT-1m-2026-07.csv
futures/um/monthly/klines/sklusdt/1m/SKLUSDT-1m-2026-08.csv
futures/um/monthly/klines/skrusdt/1m/SKRUSDT-1m-2026-01.csv
futures/um/monthly/klines/skrusdt/1m/SKRUSDT-1m-2026-02.csv
futures/um/monthly/klines/skrusdt/1m/SKRUSDT-1m-2026-03.csv
futures/um/monthly/klines/skrusdt/1m/SKRUSDT-1m-2026-04.csv
futures/um/monthly/klines/skrusdt/1m/SKRUSDT-1m-2026-05.csv
futures/um/monthly/klines/skrusdt/1m/SKRUSDT-1m-2026-06.csv
futures/um/monthly/klines/skrusdt/1m/SKRUSDT-1m-2026-07.csv
futures/um/monthly/klines/skrusdt/1m/SKRUSDT-1m-2026-08.csv
futures/um/monthly/klines/skyaiusdt/1m/SKYAIUSDT-1m-2025-05.csv
futures/um/monthly/klines/skyaiusdt/1m/SKYAIUSDT-1m-2025-06.csv
futures/um/monthly/klines/skyaiusdt/1m/SKYAIUSDT-1m-2025-07.csv
futures/um/monthly/klines/skyaiusdt/1m/SKYAIUSDT-1m-2025-08.csv
futures/um/monthly/klines/skyaiusdt/1m/SKYAIUSDT-1m-2025-09.csv
futures/um/monthly/klines/skyaiusdt/1m/SKYAIUSDT-1m-2025-10.csv
futures/um/monthly/klines/skyaiusdt/1m/SKYAIUSDT-1m-2025-11.csv
futures/um/monthly/klines/skyaiusdt/1m/SKYAIUSDT-1m-2025-12.csv
futures/um/monthly/klines/skyaiusdt/1m/SKYAIUSDT-1m-2026-01.csv
futures/um/monthly/klines/skyaiusdt/1m/SKYAIUSDT-1m-2026-02.csv
futures/um/monthly/klines/skyaiusdt/1m/SKYAIUSDT-1m-2026-03.csv
futures/um/monthly/klines/skyaiusdt/1m/SKYAIUSDT-1m-2026-04.csv
futures/um/monthly/klines/skyaiusdt/1m/SKYAIUSDT-1m-2026-05.csv
futures/um/monthly/klines/skyaiusdt/1m/SKYAIUSDT-1m-2026-06.csv
futures/um/monthly/klines/skyaiusdt/1m/SKYAIUSDT-1m-2026-07.csv
futures/um/monthly/klines/skyaiusdt/1m/SKYAIUSDT-1m-2026-08.csv
futures/um/monthly/klines/skyusdt/1m/SKYUSDT-1m-2025-09.csv
futures/um/monthly/klines/skyusdt/1m/SKYUSDT-1m-2025-10.csv
futures/um/monthly/klines/skyusdt/1m/SKYUSDT-1m-2025-11.csv
futures/um/monthly/klines/skyusdt/1m/SKYUSDT-1m-2025-12.csv
futures/um/monthly/klines/skyusdt/1m/SKYUSDT-1m-2026-01.csv
futures/um/monthly/klines/skyusdt/1m/SKYUSDT-1m-2026-02.csv
futures/um/monthly/klines/skyusdt/1m/SKYUSDT-1m-2026-03.csv
futures/um/monthly/klines/skyusdt/1m/SKYUSDT-1m-2026-04.csv
futures/um/monthly/klines/skyusdt/1m/SKYUSDT-1m-2026-05.csv
futures/um/monthly/klines/skyusdt/1m/SKYUSDT-1m-2026-06.csv
futures/um/monthly/klines/skyusdt/1m/SKYUSDT-1m-2026-07.csv
futures/um/monthly/klines/skyusdt/1m/SKYUSDT-1m-2026-08.csv
futures/um/monthly/klines/slpusdt/1m/SLPUSDT-1m-2023-10.csv
futures/um/monthly/klines/slpusdt/1m/SLPUSDT-1m-2023-11.csv
futures/um/monthly/klines/slpusdt/1m/SLPUSDT-1m-2023-12.csv
futures/um/monthly/klines/slpusdt/1m/SLPUSDT-1m-2024-01.csv
futures/um/monthly/klines/slpusdt/1m/SLPUSDT-1m-2024-02.csv
futures/um/monthly/klines/slpusdt/1m/SLPUSDT-1m-2024-03.csv
futures/um/monthly/klines/slpusdt/1m/SLPUSDT-1m-2024-04.csv
futures/um/monthly/klines/slpusdt/1m/SLPUSDT-1m-2024-05.csv
futures/um/monthly/klines/slpusdt/1m/SLPUSDT-1m-2024-06.csv
futures/um/monthly/klines/slpusdt/1m/SLPUSDT-1m-2024-07.csv
futures/um/monthly/klines/slpusdt/1m/SLPUSDT-1m-2024-08.csv
futures/um/monthly/klines/slpusdt/1m/SLPUSDT-1m-2024-09.csv
futures/um/monthly/klines/slpusdt/1m/SLPUSDT-1m-2024-10.csv
futures/um/monthly/klines/slpusdt/1m/SLPUSDT-1m-2024-11.csv
futures/um/monthly/klines/slpusdt/1m/SLPUSDT-1m-2024-12.csv
futures/um/monthly/klines/slpusdt/1m/SLPUSDT-1m-2025-01.csv
futures/um/monthly/klines/slpusdt/1m/SLPUSDT-1m-2025-02.csv
futures/um/monthly/klines/slpusdt/1m/SLPUSDT-1m-2025-03.csv
futures/um/monthly/klines/slpusdt/1m/SLPUSDT-1m-2025-04.csv
futures/um/monthly/klines/slpusdt/1m/SLPUSDT-1m-2025-05.csv
futures/um/monthly/klines/slpusdt/1m/SLPUSDT-1m-2025-06.csv
futures/um/monthly/klines/slpusdt/1m/SLPUSDT-1m-2025-07.csv
futures/um/monthly/klines/slpusdt/1m/SLPUSDT-1m-2025-08.csv
futures/um/monthly/klines/slpusdt/1m/SLPUSDT-1m-2025-09.csv
futures/um/monthly/klines/slpusdt/1m/SLPUSDT-1m-2025-10.csv
futures/um/monthly/klines/slpusdt/1m/SLPUSDT-1m-2025-11.csv
futures/um/monthly/klines/slpusdt/1m/SLPUSDT-1m-2025-12.csv
futures/um/monthly/klines/slpusdt/1m/SLPUSDT-1m-2026-01.csv
futures/um/monthly/klines/slpusdt/1m/SLPUSDT-1m-2026-02.csv
futures/um/monthly/klines/slpusdt/1m/SLPUSDT-1m-2026-03.csv
futures/um/monthly/klines/slpusdt/1m/SLPUSDT-1m-2026-04.csv
futures/um/monthly/klines/slpusdt/1m/SLPUSDT-1m-2026-05.csv
futures/um/monthly/klines/slpusdt/1m/SLPUSDT-1m-2026-06.csv
futures/um/monthly/klines/slpusdt/1m/SLPUSDT-1m-2026-07.csv
futures/um/monthly/klines/slpusdt/1m/SLPUSDT-1m-2026-08.csv
futures/um/monthly/klines/slxusdt/1m/SLXUSDT-1m-2026-06.csv
futures/um/monthly/klines/slxusdt/1m/SLXUSDT-1m-2026-07.csv
futures/um/monthly/klines/slxusdt/1m/SLXUSDT-1m-2026-08.csv
futures/um/monthly/klines/snxusdt/1m/SNXUSDT-1m-2020-08.csv
futures/um/monthly/klines/snxusdt/1m/SNXUSDT-1m-2020-09.csv
futures/um/monthly/klines/snxusdt/1m/SNXUSDT-1m-2020-10.csv
futures/um/monthly/klines/snxusdt/1m/SNXUSDT-1m-2020-11.csv
futures/um/monthly/klines/snxusdt/1m/SNXUSDT-1m-2020-12.csv
futures/um/monthly/klines/snxusdt/1m/SNXUSDT-1m-2021-01.csv
futures/um/monthly/klines/snxusdt/1m/SNXUSDT-1m-2021-02.csv
futures/um/monthly/klines/snxusdt/1m/SNXUSDT-1m-2021-03.csv
futures/um/monthly/klines/snxusdt/1m/SNXUSDT-1m-2021-04.csv
futures/um/monthly/klines/snxusdt/1m/SNXUSDT-1m-2021-05.csv
futures/um/monthly/klines/snxusdt/1m/SNXUSDT-1m-2021-06.csv
futures/um/monthly/klines/snxusdt/1m/SNXUSDT-1m-2021-07.csv
futures/um/monthly/klines/snxusdt/1m/SNXUSDT-1m-2021-08.csv
futures/um/monthly/klines/snxusdt/1m/SNXUSDT-1m-2021-09.csv
futures/um/monthly/klines/snxusdt/1m/SNXUSDT-1m-2021-10.csv
futures/um/monthly/klines/snxusdt/1m/SNXUSDT-1m-2021-11.csv
futures/um/monthly/klines/snxusdt/1m/SNXUSDT-1m-2021-12.csv
futures/um/monthly/klines/snxusdt/1m/SNXUSDT-1m-2022-01.csv
futures/um/monthly/klines/snxusdt/1m/SNXUSDT-1m-2022-02.csv
futures/um/monthly/klines/snxusdt/1m/SNXUSDT-1m-2022-03.csv
futures/um/monthly/klines/snxusdt/1m/SNXUSDT-1m-2022-04.csv
futures/um/monthly/klines/snxusdt/1m/SNXUSDT-1m-2022-05.csv
futures/um/monthly/klines/snxusdt/1m/SNXUSDT-1m-2022-06.csv
futures/um/monthly/klines/snxusdt/1m/SNXUSDT-1m-2022-07.csv
futures/um/monthly/klines/snxusdt/1m/SNXUSDT-1m-2022-08.csv
futures/um/monthly/klines/snxusdt/1m/SNXUSDT-1m-2022-09.csv
futures/um/monthly/klines/snxusdt/1m/SNXUSDT-1m-2022-10.csv
futures/um/monthly/klines/snxusdt/1m/SNXUSDT-1m-2022-11.csv
futures/um/monthly/klines/snxusdt/1m/SNXUSDT-1m-2022-12.csv
futures/um/monthly/klines/snxusdt/1m/SNXUSDT-1m-2023-01.csv
futures/um/monthly/klines/snxusdt/1m/SNXUSDT-1m-2023-02.csv
futures/um/monthly/klines/snxusdt/1m/SNXUSDT-1m-2023-03.csv
futures/um/monthly/klines/snxusdt/1m/SNXUSDT-1m-2023-04.csv
futures/um/monthly/klines/snxusdt/1m/SNXUSDT-1m-2023-05.csv
futures/um/monthly/klines/snxusdt/1m/SNXUSDT-1m-2023-06.csv
futures/um/monthly/klines/snxusdt/1m/SNXUSDT-1m-2023-07.csv
futures/um/monthly/klines/snxusdt/1m/SNXUSDT-1m-2023-08.csv
futures/um/monthly/klines/snxusdt/1m/SNXUSDT-1m-2023-09.csv
futures/um/monthly/klines/snxusdt/1m/SNXUSDT-1m-2023-10.csv
futures/um/monthly/klines/snxusdt/1m/SNXUSDT-1m-2023-11.csv
futures/um/monthly/klines/snxusdt/1m/SNXUSDT-1m-2023-12.csv
futures/um/monthly/klines/snxusdt/1m/SNXUSDT-1m-2024-01.csv
futures/um/monthly/klines/snxusdt/1m/SNXUSDT-1m-2024-02.csv
futures/um/monthly/klines/snxusdt/1m/SNXUSDT-1m-2024-03.csv
futures/um/monthly/klines/snxusdt/1m/SNXUSDT-1m-2024-04.csv
futures/um/monthly/klines/snxusdt/1m/SNXUSDT-1m-2024-05.csv
futures/um/monthly/klines/snxusdt/1m/SNXUSDT-1m-2024-06.csv
futures/um/monthly/klines/snxusdt/1m/SNXUSDT-1m-2024-07.csv
futures/um/monthly/klines/snxusdt/1m/SNXUSDT-1m-2024-08.csv
futures/um/monthly/klines/snxusdt/1m/SNXUSDT-1m-2024-09.csv
futures/um/monthly/klines/snxusdt/1m/SNXUSDT-1m-2024-10.csv
futures/um/monthly/klines/snxusdt/1m/SNXUSDT-1m-2024-11.csv
futures/um/monthly/klines/snxusdt/1m/SNXUSDT-1m-2024-12.csv
futures/um/monthly/klines/snxusdt/1m/SNXUSDT-1m-2025-01.csv
futures/um/monthly/klines/snxusdt/1m/SNXUSDT-1m-2025-02.csv
futures/um/monthly/klines/snxusdt/1m/SNXUSDT-1m-2025-03.csv
futures/um/monthly/klines/snxusdt/1m/SNXUSDT-1m-2025-04.csv
futures/um/monthly/klines/snxusdt/1m/SNXUSDT-1m-2025-05.csv
futures/um/monthly/klines/snxusdt/1m/SNXUSDT-1m-2025-06.csv
futures/um/monthly/klines/snxusdt/1m/SNXUSDT-1m-2025-07.csv
futures/um/monthly/klines/snxusdt/1m/SNXUSDT-1m-2025-08.csv
futures/um/monthly/klines/snxusdt/1m/SNXUSDT-1m-2025-09.csv
futures/um/monthly/klines/snxusdt/1m/SNXUSDT-1m-2025-10.csv
futures/um/monthly/klines/snxusdt/1m/SNXUSDT-1m-2025-11.csv
futures/um/monthly/klines/snxusdt/1m/SNXUSDT-1m-2025-12.csv
futures/um/monthly/klines/snxusdt/1m/SNXUSDT-1m-2026-01.csv
futures/um/monthly/klines/snxusdt/1m/SNXUSDT-1m-2026-02.csv
futures/um/monthly/klines/snxusdt/1m/SNXUSDT-1m-2026-03.csv
futures/um/monthly/klines/snxusdt/1m/SNXUSDT-1m-2026-04.csv
futures/um/monthly/klines/snxusdt/1m/SNXUSDT-1m-2026-05.csv
futures/um/monthly/klines/snxusdt/1m/SNXUSDT-1m-2026-06.csv
futures/um/monthly/klines/snxusdt/1m/SNXUSDT-1m-2026-07.csv
futures/um/monthly/klines/snxusdt/1m/SNXUSDT-1m-2026-08.csv
futures/um/monthly/klines/solusdt/1m/SOLUSDT-1m-2020-09.csv
futures/um/monthly/klines/solusdt/1m/SOLUSDT-1m-2020-10.csv
futures/um/monthly/klines/solusdt/1m/SOLUSDT-1m-2020-11.csv
futures/um/monthly/klines/solusdt/1m/SOLUSDT-1m-2020-12.csv
futures/um/monthly/klines/solusdt/1m/SOLUSDT-1m-2021-01.csv
futures/um/monthly/klines/solusdt/1m/SOLUSDT-1m-2021-02.csv
futures/um/monthly/klines/solusdt/1m/SOLUSDT-1m-2021-03.csv
futures/um/monthly/klines/solusdt/1m/SOLUSDT-1m-2021-04.csv
futures/um/monthly/klines/solusdt/1m/SOLUSDT-1m-2021-05.csv
futures/um/monthly/klines/solusdt/1m/SOLUSDT-1m-2021-06.csv
futures/um/monthly/klines/solusdt/1m/SOLUSDT-1m-2021-07.csv
futures/um/monthly/klines/solusdt/1m/SOLUSDT-1m-2021-08.csv
futures/um/monthly/klines/solusdt/1m/SOLUSDT-1m-2021-09.csv
futures/um/monthly/klines/solusdt/1m/SOLUSDT-1m-2021-10.csv
futures/um/monthly/klines/solusdt/1m/SOLUSDT-1m-2021-11.csv
futures/um/monthly/klines/solusdt/1m/SOLUSDT-1m-2021-12.csv
futures/um/monthly/klines/solusdt/1m/SOLUSDT-1m-2022-01.csv
futures/um/monthly/klines/solusdt/1m/SOLUSDT-1m-2022-02.csv
futures/um/monthly/klines/solusdt/1m/SOLUSDT-1m-2022-03.csv
futures/um/monthly/klines/solusdt/1m/SOLUSDT-1m-2022-04.csv
futures/um/monthly/klines/solusdt/1m/SOLUSDT-1m-2022-05.csv
futures/um/monthly/klines/solusdt/1m/SOLUSDT-1m-2022-06.csv
futures/um/monthly/klines/solusdt/1m/SOLUSDT-1m-2022-07.csv
futures/um/monthly/klines/solusdt/1m/SOLUSDT-1m-2022-08.csv
futures/um/monthly/klines/solusdt/1m/SOLUSDT-1m-2022-09.csv
futures/um/monthly/klines/solusdt/1m/SOLUSDT-1m-2022-10.csv
futures/um/monthly/klines/solusdt/1m/SOLUSDT-1m-2022-11.csv
futures/um/monthly/klines/solusdt/1m/SOLUSDT-1m-2022-12.csv
futures/um/monthly/klines/solusdt/1m/SOLUSDT-1m-2023-01.csv
futures/um/monthly/klines/solusdt/1m/SOLUSDT-1m-2023-02.csv
futures/um/monthly/klines/solusdt/1m/SOLUSDT-1m-2023-03.csv
futures/um/monthly/klines/solusdt/1m/SOLUSDT-1m-2023-04.csv
futures/um/monthly/klines/solusdt/1m/SOLUSDT-1m-2023-05.csv
futures/um/monthly/klines/solusdt/1m/SOLUSDT-1m-2023-06.csv
futures/um/monthly/klines/solusdt/1m/SOLUSDT-1m-2023-07.csv
futures/um/monthly/klines/solusdt/1m/SOLUSDT-1m-2023-08.csv
futures/um/monthly/klines/solusdt/1m/SOLUSDT-1m-2023-09.csv
futures/um/monthly/klines/solusdt/1m/SOLUSDT-1m-2023-10.csv
futures/um/monthly/klines/solusdt/1m/SOLUSDT-1m-2023-11.csv
futures/um/monthly/klines/solusdt/1m/SOLUSDT-1m-2023-12.csv
futures/um/monthly/klines/solusdt/1m/SOLUSDT-1m-2024-01.csv
futures/um/monthly/klines/solusdt/1m/SOLUSDT-1m-2024-02.csv
futures/um/monthly/klines/solusdt/1m/SOLUSDT-1m-2024-03.csv
futures/um/monthly/klines/solusdt/1m/SOLUSDT-1m-2024-04.csv
futures/um/monthly/klines/solusdt/1m/SOLUSDT-1m-2024-05.csv
futures/um/monthly/klines/solusdt/1m/SOLUSDT-1m-2024-06.csv
futures/um/monthly/klines/solusdt/1m/SOLUSDT-1m-2024-07.csv
futures/um/monthly/klines/solusdt/1m/SOLUSDT-1m-2024-08.csv
futures/um/monthly/klines/solusdt/1m/SOLUSDT-1m-2024-09.csv
futures/um/monthly/klines/solusdt/1m/SOLUSDT-1m-2024-10.csv
futures/um/monthly/klines/solusdt/1m/SOLUSDT-1m-2024-11.csv
futures/um/monthly/klines/solusdt/1m/SOLUSDT-1m-2024-12.csv
futures/um/monthly/klines/solusdt/1m/SOLUSDT-1m-2025-01.csv
futures/um/monthly/klines/solusdt/1m/SOLUSDT-1m-2025-02.csv
futures/um/monthly/klines/solusdt/1m/SOLUSDT-1m-2025-03.csv
futures/um/monthly/klines/solusdt/1m/SOLUSDT-1m-2025-04.csv
futures/um/monthly/klines/solusdt/1m/SOLUSDT-1m-2025-05.csv
futures/um/monthly/klines/solusdt/1m/SOLUSDT-1m-2025-06.csv
futures/um/monthly/klines/solusdt/1m/SOLUSDT-1m-2025-07.csv
futures/um/monthly/klines/solusdt/1m/SOLUSDT-1m-2025-08.csv
futures/um/monthly/klines/solusdt/1m/SOLUSDT-1m-2025-09.csv
futures/um/monthly/klines/solusdt/1m/SOLUSDT-1m-2025-10.csv
futures/um/monthly/klines/solusdt/1m/SOLUSDT-1m-2025-11.csv
futures/um/monthly/klines/solusdt/1m/SOLUSDT-1m-2025-12.csv
futures/um/monthly/klines/solusdt/1m/SOLUSDT-1m-2026-01.csv
futures/um/monthly/klines/solusdt/1m/SOLUSDT-1m-2026-02.csv
futures/um/monthly/klines/solusdt/1m/SOLUSDT-1m-2026-03.csv
futures/um/monthly/klines/solusdt/1m/SOLUSDT-1m-2026-04.csv
futures/um/monthly/klines/solusdt/1m/SOLUSDT-1m-2026-05.csv
futures/um/monthly/klines/solusdt/1m/SOLUSDT-1m-2026-06.csv
futures/um/monthly/klines/solusdt/1m/SOLUSDT-1m-2026-07.csv
futures/um/monthly/klines/solusdt/1m/SOLUSDT-1m-2026-08.csv
futures/um/monthly/klines/solvusdt/1m/SOLVUSDT-1m-2025-01.csv
futures/um/monthly/klines/solvusdt/1m/SOLVUSDT-1m-2025-02.csv
futures/um/monthly/klines/solvusdt/1m/SOLVUSDT-1m-2025-03.csv
futures/um/monthly/klines/solvusdt/1m/SOLVUSDT-1m-2025-04.csv
futures/um/monthly/klines/solvusdt/1m/SOLVUSDT-1m-2025-05.csv
futures/um/monthly/klines/solvusdt/1m/SOLVUSDT-1m-2025-06.csv
futures/um/monthly/klines/solvusdt/1m/SOLVUSDT-1m-2025-07.csv
futures/um/monthly/klines/solvusdt/1m/SOLVUSDT-1m-2025-08.csv
futures/um/monthly/klines/solvusdt/1m/SOLVUSDT-1m-2025-09.csv
futures/um/monthly/klines/solvusdt/1m/SOLVUSDT-1m-2025-10.csv
futures/um/monthly/klines/solvusdt/1m/SOLVUSDT-1m-2025-11.csv
futures/um/monthly/klines/solvusdt/1m/SOLVUSDT-1m-2025-12.csv
futures/um/monthly/klines/solvusdt/1m/SOLVUSDT-1m-2026-01.csv
futures/um/monthly/klines/solvusdt/1m/SOLVUSDT-1m-2026-02.csv
futures/um/monthly/klines/solvusdt/1m/SOLVUSDT-1m-2026-03.csv
futures/um/monthly/klines/solvusdt/1m/SOLVUSDT-1m-2026-04.csv
futures/um/monthly/klines/solvusdt/1m/SOLVUSDT-1m-2026-05.csv
futures/um/monthly/klines/solvusdt/1m/SOLVUSDT-1m-2026-06.csv
futures/um/monthly/klines/solvusdt/1m/SOLVUSDT-1m-2026-07.csv
futures/um/monthly/klines/solvusdt/1m/SOLVUSDT-1m-2026-08.csv
futures/um/monthly/klines/somiusdt/1m/SOMIUSDT-1m-2025-08.csv
futures/um/monthly/klines/somiusdt/1m/SOMIUSDT-1m-2025-09.csv
futures/um/monthly/klines/somiusdt/1m/SOMIUSDT-1m-2025-10.csv
futures/um/monthly/klines/somiusdt/1m/SOMIUSDT-1m-2025-11.csv
futures/um/monthly/klines/somiusdt/1m/SOMIUSDT-1m-2025-12.csv
futures/um/monthly/klines/somiusdt/1m/SOMIUSDT-1m-2026-01.csv
futures/um/monthly/klines/somiusdt/1m/SOMIUSDT-1m-2026-02.csv
futures/um/monthly/klines/somiusdt/1m/SOMIUSDT-1m-2026-03.csv
futures/um/monthly/klines/somiusdt/1m/SOMIUSDT-1m-2026-04.csv
futures/um/monthly/klines/somiusdt/1m/SOMIUSDT-1m-2026-05.csv
futures/um/monthly/klines/somiusdt/1m/SOMIUSDT-1m-2026-06.csv
futures/um/monthly/klines/somiusdt/1m/SOMIUSDT-1m-2026-07.csv
futures/um/monthly/klines/somiusdt/1m/SOMIUSDT-1m-2026-08.csv
futures/um/monthly/klines/sonicusdt/1m/SONICUSDT-1m-2025-01.csv
futures/um/monthly/klines/sonicusdt/1m/SONICUSDT-1m-2025-02.csv
futures/um/monthly/klines/sonicusdt/1m/SONICUSDT-1m-2025-03.csv
futures/um/monthly/klines/sonicusdt/1m/SONICUSDT-1m-2025-04.csv
futures/um/monthly/klines/sonicusdt/1m/SONICUSDT-1m-2025-05.csv
futures/um/monthly/klines/sonicusdt/1m/SONICUSDT-1m-2025-06.csv
futures/um/monthly/klines/sonicusdt/1m/SONICUSDT-1m-2025-07.csv
futures/um/monthly/klines/sonicusdt/1m/SONICUSDT-1m-2025-08.csv
futures/um/monthly/klines/sonicusdt/1m/SONICUSDT-1m-2025-09.csv
futures/um/monthly/klines/sonicusdt/1m/SONICUSDT-1m-2025-10.csv
futures/um/monthly/klines/sonicusdt/1m/SONICUSDT-1m-2025-11.csv
futures/um/monthly/klines/sonicusdt/1m/SONICUSDT-1m-2025-12.csv
futures/um/monthly/klines/sonicusdt/1m/SONICUSDT-1m-2026-01.csv
futures/um/monthly/klines/sonicusdt/1m/SONICUSDT-1m-2026-02.csv
futures/um/monthly/klines/sonicusdt/1m/SONICUSDT-1m-2026-03.csv
futures/um/monthly/klines/sonicusdt/1m/SONICUSDT-1m-2026-04.csv
futures/um/monthly/klines/sonicusdt/1m/SONICUSDT-1m-2026-05.csv
futures/um/monthly/klines/sonicusdt/1m/SONICUSDT-1m-2026-06.csv
futures/um/monthly/klines/sonicusdt/1m/SONICUSDT-1m-2026-07.csv
futures/um/monthly/klines/sonicusdt/1m/SONICUSDT-1m-2026-08.csv
futures/um/monthly/klines/soonusdt/1m/SOONUSDT-1m-2025-05.csv
futures/um/monthly/klines/soonusdt/1m/SOONUSDT-1m-2025-06.csv
futures/um/monthly/klines/soonusdt/1m/SOONUSDT-1m-2025-07.csv
futures/um/monthly/klines/soonusdt/1m/SOONUSDT-1m-2025-08.csv
futures/um/monthly/klines/soonusdt/1m/SOONUSDT-1m-2025-09.csv
futures/um/monthly/klines/soonusdt/1m/SOONUSDT-1m-2025-10.csv
futures/um/monthly/klines/soonusdt/1m/SOONUSDT-1m-2025-11.csv
futures/um/monthly/klines/soonusdt/1m/SOONUSDT-1m-2025-12.csv
futures/um/monthly/klines/soonusdt/1m/SOONUSDT-1m-2026-01.csv
futures/um/monthly/klines/soonusdt/1m/SOONUSDT-1m-2026-02.csv
futures/um/monthly/klines/soonusdt/1m/SOONUSDT-1m-2026-03.csv
futures/um/monthly/klines/soonusdt/1m/SOONUSDT-1m-2026-04.csv
futures/um/monthly/klines/soonusdt/1m/SOONUSDT-1m-2026-05.csv
futures/um/monthly/klines/soonusdt/1m/SOONUSDT-1m-2026-06.csv
futures/um/monthly/klines/soonusdt/1m/SOONUSDT-1m-2026-07.csv
futures/um/monthly/klines/soonusdt/1m/SOONUSDT-1m-2026-08.csv
futures/um/monthly/klines/sophusdt/1m/SOPHUSDT-1m-2025-05.csv
futures/um/monthly/klines/sophusdt/1m/SOPHUSDT-1m-2025-06.csv
futures/um/monthly/klines/sophusdt/1m/SOPHUSDT-1m-2025-07.csv
futures/um/monthly/klines/sophusdt/1m/SOPHUSDT-1m-2025-08.csv
futures/um/monthly/klines/sophusdt/1m/SOPHUSDT-1m-2025-09.csv
futures/um/monthly/klines/sophusdt/1m/SOPHUSDT-1m-2025-10.csv
futures/um/monthly/klines/sophusdt/1m/SOPHUSDT-1m-2025-11.csv
futures/um/monthly/klines/sophusdt/1m/SOPHUSDT-1m-2025-12.csv
futures/um/monthly/klines/sophusdt/1m/SOPHUSDT-1m-2026-01.csv
futures/um/monthly/klines/sophusdt/1m/SOPHUSDT-1m-2026-02.csv
futures/um/monthly/klines/sophusdt/1m/SOPHUSDT-1m-2026-03.csv
futures/um/monthly/klines/sophusdt/1m/SOPHUSDT-1m-2026-04.csv
futures/um/monthly/klines/sophusdt/1m/SOPHUSDT-1m-2026-05.csv
futures/um/monthly/klines/sophusdt/1m/SOPHUSDT-1m-2026-06.csv
futures/um/monthly/klines/sophusdt/1m/SOPHUSDT-1m-2026-07.csv
futures/um/monthly/klines/sophusdt/1m/SOPHUSDT-1m-2026-08.csv
futures/um/monthly/klines/spaceusdt/1m/SPACEUSDT-1m-2026-01.csv
futures/um/monthly/klines/spaceusdt/1m/SPACEUSDT-1m-2026-02.csv
futures/um/monthly/klines/spaceusdt/1m/SPACEUSDT-1m-2026-03.csv
futures/um/monthly/klines/spaceusdt/1m/SPACEUSDT-1m-2026-04.csv
futures/um/monthly/klines/spaceusdt/1m/SPACEUSDT-1m-2026-05.csv
futures/um/monthly/klines/spaceusdt/1m/SPACEUSDT-1m-2026-06.csv
futures/um/monthly/klines/spaceusdt/1m/SPACEUSDT-1m-2026-07.csv
futures/um/monthly/klines/spaceusdt/1m/SPACEUSDT-1m-2026-08.csv
futures/um/monthly/klines/spellusdt/1m/SPELLUSDT-1m-2022-09.csv
futures/um/monthly/klines/spellusdt/1m/SPELLUSDT-1m-2022-10.csv
futures/um/monthly/klines/spellusdt/1m/SPELLUSDT-1m-2022-11.csv
futures/um/monthly/klines/spellusdt/1m/SPELLUSDT-1m-2022-12.csv
futures/um/monthly/klines/spellusdt/1m/SPELLUSDT-1m-2023-01.csv
futures/um/monthly/klines/spellusdt/1m/SPELLUSDT-1m-2023-02.csv
futures/um/monthly/klines/spellusdt/1m/SPELLUSDT-1m-2023-03.csv
futures/um/monthly/klines/spellusdt/1m/SPELLUSDT-1m-2023-04.csv
futures/um/monthly/klines/spellusdt/1m/SPELLUSDT-1m-2023-05.csv
futures/um/monthly/klines/spellusdt/1m/SPELLUSDT-1m-2023-06.csv
futures/um/monthly/klines/spellusdt/1m/SPELLUSDT-1m-2023-07.csv
futures/um/monthly/klines/spellusdt/1m/SPELLUSDT-1m-2023-08.csv
futures/um/monthly/klines/spellusdt/1m/SPELLUSDT-1m-2023-09.csv
futures/um/monthly/klines/spellusdt/1m/SPELLUSDT-1m-2023-10.csv
futures/um/monthly/klines/spellusdt/1m/SPELLUSDT-1m-2023-11.csv
futures/um/monthly/klines/spellusdt/1m/SPELLUSDT-1m-2023-12.csv
futures/um/monthly/klines/spellusdt/1m/SPELLUSDT-1m-2024-01.csv
futures/um/monthly/klines/spellusdt/1m/SPELLUSDT-1m-2024-02.csv
futures/um/monthly/klines/spellusdt/1m/SPELLUSDT-1m-2024-03.csv
futures/um/monthly/klines/spellusdt/1m/SPELLUSDT-1m-2024-04.csv
futures/um/monthly/klines/spellusdt/1m/SPELLUSDT-1m-2024-05.csv
futures/um/monthly/klines/spellusdt/1m/SPELLUSDT-1m-2024-06.csv
futures/um/monthly/klines/spellusdt/1m/SPELLUSDT-1m-2024-07.csv
futures/um/monthly/klines/spellusdt/1m/SPELLUSDT-1m-2024-08.csv
futures/um/monthly/klines/spellusdt/1m/SPELLUSDT-1m-2024-09.csv
futures/um/monthly/klines/spellusdt/1m/SPELLUSDT-1m-2024-10.csv
futures/um/monthly/klines/spellusdt/1m/SPELLUSDT-1m-2024-11.csv
futures/um/monthly/klines/spellusdt/1m/SPELLUSDT-1m-2024-12.csv
futures/um/monthly/klines/spellusdt/1m/SPELLUSDT-1m-2025-01.csv
futures/um/monthly/klines/spellusdt/1m/SPELLUSDT-1m-2025-02.csv
futures/um/monthly/klines/spellusdt/1m/SPELLUSDT-1m-2025-03.csv
futures/um/monthly/klines/spellusdt/1m/SPELLUSDT-1m-2025-04.csv
futures/um/monthly/klines/spellusdt/1m/SPELLUSDT-1m-2025-05.csv
futures/um/monthly/klines/spellusdt/1m/SPELLUSDT-1m-2025-06.csv
futures/um/monthly/klines/spellusdt/1m/SPELLUSDT-1m-2025-07.csv
futures/um/monthly/klines/spellusdt/1m/SPELLUSDT-1m-2025-08.csv
futures/um/monthly/klines/spellusdt/1m/SPELLUSDT-1m-2025-09.csv
futures/um/monthly/klines/spellusdt/1m/SPELLUSDT-1m-2025-10.csv
futures/um/monthly/klines/spellusdt/1m/SPELLUSDT-1m-2025-11.csv
futures/um/monthly/klines/spellusdt/1m/SPELLUSDT-1m-2025-12.csv
futures/um/monthly/klines/spellusdt/1m/SPELLUSDT-1m-2026-01.csv
futures/um/monthly/klines/spellusdt/1m/SPELLUSDT-1m-2026-02.csv
futures/um/monthly/klines/spellusdt/1m/SPELLUSDT-1m-2026-03.csv
futures/um/monthly/klines/spellusdt/1m/SPELLUSDT-1m-2026-04.csv
futures/um/monthly/klines/spellusdt/1m/SPELLUSDT-1m-2026-05.csv
futures/um/monthly/klines/spellusdt/1m/SPELLUSDT-1m-2026-06.csv
futures/um/monthly/klines/spellusdt/1m/SPELLUSDT-1m-2026-07.csv
futures/um/monthly/klines/spellusdt/1m/SPELLUSDT-1m-2026-08.csv
futures/um/monthly/klines/spkusdt/1m/SPKUSDT-1m-2025-06.csv
futures/um/monthly/klines/spkusdt/1m/SPKUSDT-1m-2025-07.csv
futures/um/monthly/klines/spkusdt/1m/SPKUSDT-1m-2025-08.csv
futures/um/monthly/klines/spkusdt/1m/SPKUSDT-1m-2025-09.csv
futures/um/monthly/klines/spkusdt/1m/SPKUSDT-1m-2025-10.csv
futures/um/monthly/klines/spkusdt/1m/SPKUSDT-1m-2025-11.csv
futures/um/monthly/klines/spkusdt/1m/SPKUSDT-1m-2025-12.csv
futures/um/monthly/klines/spkusdt/1m/SPKUSDT-1m-2026-01.csv
futures/um/monthly/klines/spkusdt/1m/SPKUSDT-1m-2026-02.csv
futures/um/monthly/klines/spkusdt/1m/SPKUSDT-1m-2026-03.csv
futures/um/monthly/klines/spkusdt/1m/SPKUSDT-1m-2026-04.csv
futures/um/monthly/klines/spkusdt/1m/SPKUSDT-1m-2026-05.csv
futures/um/monthly/klines/spkusdt/1m/SPKUSDT-1m-2026-06.csv
futures/um/monthly/klines/spkusdt/1m/SPKUSDT-1m-2026-07.csv
futures/um/monthly/klines/spkusdt/1m/SPKUSDT-1m-2026-08.csv
futures/um/monthly/klines/sportfunusdt/1m/SPORTFUNUSDT-1m-2026-01.csv
futures/um/monthly/klines/sportfunusdt/1m/SPORTFUNUSDT-1m-2026-02.csv
futures/um/monthly/klines/sportfunusdt/1m/SPORTFUNUSDT-1m-2026-03.csv
futures/um/monthly/klines/sportfunusdt/1m/SPORTFUNUSDT-1m-2026-04.csv
futures/um/monthly/klines/sportfunusdt/1m/SPORTFUNUSDT-1m-2026-05.csv
futures/um/monthly/klines/sportfunusdt/1m/SPORTFUNUSDT-1m-2026-06.csv
futures/um/monthly/klines/sportfunusdt/1m/SPORTFUNUSDT-1m-2026-07.csv
futures/um/monthly/klines/sportfunusdt/1m/SPORTFUNUSDT-1m-2026-08.csv
futures/um/monthly/klines/spxusdt/1m/SPXUSDT-1m-2024-12.csv
futures/um/monthly/klines/spxusdt/1m/SPXUSDT-1m-2025-01.csv
futures/um/monthly/klines/spxusdt/1m/SPXUSDT-1m-2025-02.csv
futures/um/monthly/klines/spxusdt/1m/SPXUSDT-1m-2025-03.csv
futures/um/monthly/klines/spxusdt/1m/SPXUSDT-1m-2025-04.csv
futures/um/monthly/klines/spxusdt/1m/SPXUSDT-1m-2025-05.csv
futures/um/monthly/klines/spxusdt/1m/SPXUSDT-1m-2025-06.csv
futures/um/monthly/klines/spxusdt/1m/SPXUSDT-1m-2025-07.csv
futures/um/monthly/klines/spxusdt/1m/SPXUSDT-1m-2025-08.csv
futures/um/monthly/klines/spxusdt/1m/SPXUSDT-1m-2025-09.csv
futures/um/monthly/klines/spxusdt/1m/SPXUSDT-1m-2025-10.csv
futures/um/monthly/klines/spxusdt/1m/SPXUSDT-1m-2025-11.csv
futures/um/monthly/klines/spxusdt/1m/SPXUSDT-1m-2025-12.csv
futures/um/monthly/klines/spxusdt/1m/SPXUSDT-1m-2026-01.csv
futures/um/monthly/klines/spxusdt/1m/SPXUSDT-1m-2026-02.csv
futures/um/monthly/klines/spxusdt/1m/SPXUSDT-1m-2026-03.csv
futures/um/monthly/klines/spxusdt/1m/SPXUSDT-1m-2026-04.csv
futures/um/monthly/klines/spxusdt/1m/SPXUSDT-1m-2026-05.csv
futures/um/monthly/klines/spxusdt/1m/SPXUSDT-1m-2026-06.csv
futures/um/monthly/klines/spxusdt/1m/SPXUSDT-1m-2026-07.csv
futures/um/monthly/klines/spxusdt/1m/SPXUSDT-1m-2026-08.csv
futures/um/monthly/klines/sqdusdt/1m/SQDUSDT-1m-2025-06.csv
futures/um/monthly/klines/sqdusdt/1m/SQDUSDT-1m-2025-07.csv
futures/um/monthly/klines/sqdusdt/1m/SQDUSDT-1m-2025-08.csv
futures/um/monthly/klines/sqdusdt/1m/SQDUSDT-1m-2025-09.csv
futures/um/monthly/klines/sqdusdt/1m/SQDUSDT-1m-2025-10.csv
futures/um/monthly/klines/sqdusdt/1m/SQDUSDT-1m-2025-11.csv
futures/um/monthly/klines/sqdusdt/1m/SQDUSDT-1m-2025-12.csv
futures/um/monthly/klines/sqdusdt/1m/SQDUSDT-1m-2026-01.csv
futures/um/monthly/klines/sqdusdt/1m/SQDUSDT-1m-2026-02.csv
futures/um/monthly/klines/sqdusdt/1m/SQDUSDT-1m-2026-03.csv
futures/um/monthly/klines/sqdusdt/1m/SQDUSDT-1m-2026-04.csv
futures/um/monthly/klines/sqdusdt/1m/SQDUSDT-1m-2026-05.csv
futures/um/monthly/klines/sqdusdt/1m/SQDUSDT-1m-2026-06.csv
futures/um/monthly/klines/sqdusdt/1m/SQDUSDT-1m-2026-07.csv
futures/um/monthly/klines/sqdusdt/1m/SQDUSDT-1m-2026-08.csv
futures/um/monthly/klines/ssvusdt/1m/SSVUSDT-1m-2023-02.csv
futures/um/monthly/klines/ssvusdt/1m/SSVUSDT-1m-2023-03.csv
futures/um/monthly/klines/ssvusdt/1m/SSVUSDT-1m-2023-04.csv
futures/um/monthly/klines/ssvusdt/1m/SSVUSDT-1m-2023-05.csv
futures/um/monthly/klines/ssvusdt/1m/SSVUSDT-1m-2023-06.csv
futures/um/monthly/klines/ssvusdt/1m/SSVUSDT-1m-2023-07.csv
futures/um/monthly/klines/ssvusdt/1m/SSVUSDT-1m-2023-08.csv
futures/um/monthly/klines/ssvusdt/1m/SSVUSDT-1m-2023-09.csv
futures/um/monthly/klines/ssvusdt/1m/SSVUSDT-1m-2023-10.csv
futures/um/monthly/klines/ssvusdt/1m/SSVUSDT-1m-2023-11.csv
futures/um/monthly/klines/ssvusdt/1m/SSVUSDT-1m-2023-12.csv
futures/um/monthly/klines/ssvusdt/1m/SSVUSDT-1m-2024-01.csv
futures/um/monthly/klines/ssvusdt/1m/SSVUSDT-1m-2024-02.csv
futures/um/monthly/klines/ssvusdt/1m/SSVUSDT-1m-2024-03.csv
futures/um/monthly/klines/ssvusdt/1m/SSVUSDT-1m-2024-04.csv
futures/um/monthly/klines/ssvusdt/1m/SSVUSDT-1m-2024-05.csv
futures/um/monthly/klines/ssvusdt/1m/SSVUSDT-1m-2024-06.csv
futures/um/monthly/klines/ssvusdt/1m/SSVUSDT-1m-2024-07.csv
futures/um/monthly/klines/ssvusdt/1m/SSVUSDT-1m-2024-08.csv
futures/um/monthly/klines/ssvusdt/1m/SSVUSDT-1m-2024-09.csv
futures/um/monthly/klines/ssvusdt/1m/SSVUSDT-1m-2024-10.csv
futures/um/monthly/klines/ssvusdt/1m/SSVUSDT-1m-2024-11.csv
futures/um/monthly/klines/ssvusdt/1m/SSVUSDT-1m-2024-12.csv
futures/um/monthly/klines/ssvusdt/1m/SSVUSDT-1m-2025-01.csv
futures/um/monthly/klines/ssvusdt/1m/SSVUSDT-1m-2025-02.csv
futures/um/monthly/klines/ssvusdt/1m/SSVUSDT-1m-2025-03.csv
futures/um/monthly/klines/ssvusdt/1m/SSVUSDT-1m-2025-04.csv
futures/um/monthly/klines/ssvusdt/1m/SSVUSDT-1m-2025-05.csv
futures/um/monthly/klines/ssvusdt/1m/SSVUSDT-1m-2025-06.csv
futures/um/monthly/klines/ssvusdt/1m/SSVUSDT-1m-2025-07.csv
futures/um/monthly/klines/ssvusdt/1m/SSVUSDT-1m-2025-08.csv
futures/um/monthly/klines/ssvusdt/1m/SSVUSDT-1m-2025-09.csv
futures/um/monthly/klines/ssvusdt/1m/SSVUSDT-1m-2025-10.csv
futures/um/monthly/klines/ssvusdt/1m/SSVUSDT-1m-2025-11.csv
futures/um/monthly/klines/ssvusdt/1m/SSVUSDT-1m-2025-12.csv
futures/um/monthly/klines/ssvusdt/1m/SSVUSDT-1m-2026-01.csv
futures/um/monthly/klines/ssvusdt/1m/SSVUSDT-1m-2026-02.csv
futures/um/monthly/klines/ssvusdt/1m/SSVUSDT-1m-2026-03.csv
futures/um/monthly/klines/ssvusdt/1m/SSVUSDT-1m-2026-04.csv
futures/um/monthly/klines/ssvusdt/1m/SSVUSDT-1m-2026-05.csv
futures/um/monthly/klines/ssvusdt/1m/SSVUSDT-1m-2026-06.csv
futures/um/monthly/klines/ssvusdt/1m/SSVUSDT-1m-2026-07.csv
futures/um/monthly/klines/ssvusdt/1m/SSVUSDT-1m-2026-08.csv
futures/um/monthly/klines/stableusdt/1m/STABLEUSDT-1m-2025-11.csv
futures/um/monthly/klines/stableusdt/1m/STABLEUSDT-1m-2025-12.csv
futures/um/monthly/klines/stableusdt/1m/STABLEUSDT-1m-2026-01.csv
futures/um/monthly/klines/stableusdt/1m/STABLEUSDT-1m-2026-02.csv
futures/um/monthly/klines/stableusdt/1m/STABLEUSDT-1m-2026-03.csv
futures/um/monthly/klines/stableusdt/1m/STABLEUSDT-1m-2026-04.csv
futures/um/monthly/klines/stableusdt/1m/STABLEUSDT-1m-2026-05.csv
futures/um/monthly/klines/stableusdt/1m/STABLEUSDT-1m-2026-06.csv
futures/um/monthly/klines/stableusdt/1m/STABLEUSDT-1m-2026-07.csv
futures/um/monthly/klines/stableusdt/1m/STABLEUSDT-1m-2026-08.csv
futures/um/monthly/klines/starusdt/1m/STARUSDT-1m-2026-05.csv
futures/um/monthly/klines/starusdt/1m/STARUSDT-1m-2026-06.csv
futures/um/monthly/klines/starusdt/1m/STARUSDT-1m-2026-07.csv
futures/um/monthly/klines/starusdt/1m/STARUSDT-1m-2026-08.csv
futures/um/monthly/klines/stblusdt/1m/STBLUSDT-1m-2025-09.csv
futures/um/monthly/klines/stblusdt/1m/STBLUSDT-1m-2025-10.csv
futures/um/monthly/klines/stblusdt/1m/STBLUSDT-1m-2025-11.csv
futures/um/monthly/klines/stblusdt/1m/STBLUSDT-1m-2025-12.csv
futures/um/monthly/klines/stblusdt/1m/STBLUSDT-1m-2026-01.csv
futures/um/monthly/klines/stblusdt/1m/STBLUSDT-1m-2026-02.csv
futures/um/monthly/klines/stblusdt/1m/STBLUSDT-1m-2026-03.csv
futures/um/monthly/klines/stblusdt/1m/STBLUSDT-1m-2026-04.csv
futures/um/monthly/klines/stblusdt/1m/STBLUSDT-1m-2026-05.csv
futures/um/monthly/klines/stblusdt/1m/STBLUSDT-1m-2026-06.csv
futures/um/monthly/klines/stblusdt/1m/STBLUSDT-1m-2026-07.csv
futures/um/monthly/klines/stblusdt/1m/STBLUSDT-1m-2026-08.csv
futures/um/monthly/klines/steemusdt/1m/STEEMUSDT-1m-2023-11.csv
futures/um/monthly/klines/steemusdt/1m/STEEMUSDT-1m-2023-12.csv
futures/um/monthly/klines/steemusdt/1m/STEEMUSDT-1m-2024-01.csv
futures/um/monthly/klines/steemusdt/1m/STEEMUSDT-1m-2024-02.csv
futures/um/monthly/klines/steemusdt/1m/STEEMUSDT-1m-2024-03.csv
futures/um/monthly/klines/steemusdt/1m/STEEMUSDT-1m-2024-04.csv
futures/um/monthly/klines/steemusdt/1m/STEEMUSDT-1m-2024-05.csv
futures/um/monthly/klines/steemusdt/1m/STEEMUSDT-1m-2024-06.csv
futures/um/monthly/klines/steemusdt/1m/STEEMUSDT-1m-2024-07.csv
futures/um/monthly/klines/steemusdt/1m/STEEMUSDT-1m-2024-08.csv
futures/um/monthly/klines/steemusdt/1m/STEEMUSDT-1m-2024-09.csv
futures/um/monthly/klines/steemusdt/1m/STEEMUSDT-1m-2024-10.csv
futures/um/monthly/klines/steemusdt/1m/STEEMUSDT-1m-2024-11.csv
futures/um/monthly/klines/steemusdt/1m/STEEMUSDT-1m-2024-12.csv
futures/um/monthly/klines/steemusdt/1m/STEEMUSDT-1m-2025-01.csv
futures/um/monthly/klines/steemusdt/1m/STEEMUSDT-1m-2025-02.csv
futures/um/monthly/klines/steemusdt/1m/STEEMUSDT-1m-2025-03.csv
futures/um/monthly/klines/steemusdt/1m/STEEMUSDT-1m-2025-04.csv
futures/um/monthly/klines/steemusdt/1m/STEEMUSDT-1m-2025-05.csv
futures/um/monthly/klines/steemusdt/1m/STEEMUSDT-1m-2025-06.csv
futures/um/monthly/klines/steemusdt/1m/STEEMUSDT-1m-2025-07.csv
futures/um/monthly/klines/steemusdt/1m/STEEMUSDT-1m-2025-08.csv
futures/um/monthly/klines/steemusdt/1m/STEEMUSDT-1m-2025-09.csv
futures/um/monthly/klines/steemusdt/1m/STEEMUSDT-1m-2025-10.csv
futures/um/monthly/klines/steemusdt/1m/STEEMUSDT-1m-2025-11.csv
futures/um/monthly/klines/steemusdt/1m/STEEMUSDT-1m-2025-12.csv
futures/um/monthly/klines/steemusdt/1m/STEEMUSDT-1m-2026-01.csv
futures/um/monthly/klines/steemusdt/1m/STEEMUSDT-1m-2026-02.csv
futures/um/monthly/klines/steemusdt/1m/STEEMUSDT-1m-2026-03.csv
futures/um/monthly/klines/steemusdt/1m/STEEMUSDT-1m-2026-04.csv
futures/um/monthly/klines/steemusdt/1m/STEEMUSDT-1m-2026-05.csv
futures/um/monthly/klines/steemusdt/1m/STEEMUSDT-1m-2026-06.csv
futures/um/monthly/klines/steemusdt/1m/STEEMUSDT-1m-2026-07.csv
futures/um/monthly/klines/steemusdt/1m/STEEMUSDT-1m-2026-08.csv
futures/um/monthly/klines/stgusdt/1m/STGUSDT-1m-2022-08.csv
futures/um/monthly/klines/stgusdt/1m/STGUSDT-1m-2022-09.csv
futures/um/monthly/klines/stgusdt/1m/STGUSDT-1m-2022-10.csv
futures/um/monthly/klines/stgusdt/1m/STGUSDT-1m-2022-11.csv
futures/um/monthly/klines/stgusdt/1m/STGUSDT-1m-2022-12.csv
futures/um/monthly/klines/stgusdt/1m/STGUSDT-1m-2023-01.csv
futures/um/monthly/klines/stgusdt/1m/STGUSDT-1m-2023-02.csv
futures/um/monthly/klines/stgusdt/1m/STGUSDT-1m-2023-03.csv
futures/um/monthly/klines/stgusdt/1m/STGUSDT-1m-2023-04.csv
futures/um/monthly/klines/stgusdt/1m/STGUSDT-1m-2023-05.csv
futures/um/monthly/klines/stgusdt/1m/STGUSDT-1m-2023-06.csv
futures/um/monthly/klines/stgusdt/1m/STGUSDT-1m-2023-07.csv
futures/um/monthly/klines/stgusdt/1m/STGUSDT-1m-2023-08.csv
futures/um/monthly/klines/stgusdt/1m/STGUSDT-1m-2023-09.csv
futures/um/monthly/klines/stgusdt/1m/STGUSDT-1m-2023-10.csv
futures/um/monthly/klines/stgusdt/1m/STGUSDT-1m-2023-11.csv
futures/um/monthly/klines/stgusdt/1m/STGUSDT-1m-2023-12.csv
futures/um/monthly/klines/stgusdt/1m/STGUSDT-1m-2024-01.csv
futures/um/monthly/klines/stgusdt/1m/STGUSDT-1m-2024-02.csv
futures/um/monthly/klines/stgusdt/1m/STGUSDT-1m-2024-03.csv
futures/um/monthly/klines/stgusdt/1m/STGUSDT-1m-2024-04.csv
futures/um/monthly/klines/stgusdt/1m/STGUSDT-1m-2024-05.csv
futures/um/monthly/klines/stgusdt/1m/STGUSDT-1m-2024-06.csv
futures/um/monthly/klines/stgusdt/1m/STGUSDT-1m-2024-07.csv
futures/um/monthly/klines/stgusdt/1m/STGUSDT-1m-2024-08.csv
futures/um/monthly/klines/stgusdt/1m/STGUSDT-1m-2024-09.csv
futures/um/monthly/klines/stgusdt/1m/STGUSDT-1m-2024-10.csv
futures/um/monthly/klines/stgusdt/1m/STGUSDT-1m-2024-11.csv
futures/um/monthly/klines/stgusdt/1m/STGUSDT-1m-2024-12.csv
futures/um/monthly/klines/stgusdt/1m/STGUSDT-1m-2025-01.csv
futures/um/monthly/klines/stgusdt/1m/STGUSDT-1m-2025-02.csv
futures/um/monthly/klines/stgusdt/1m/STGUSDT-1m-2025-03.csv
futures/um/monthly/klines/stgusdt/1m/STGUSDT-1m-2025-04.csv
futures/um/monthly/klines/stgusdt/1m/STGUSDT-1m-2025-05.csv
futures/um/monthly/klines/stgusdt/1m/STGUSDT-1m-2025-06.csv
futures/um/monthly/klines/stgusdt/1m/STGUSDT-1m-2025-07.csv
futures/um/monthly/klines/stgusdt/1m/STGUSDT-1m-2025-08.csv
futures/um/monthly/klines/stgusdt/1m/STGUSDT-1m-2025-09.csv
futures/um/monthly/klines/stgusdt/1m/STGUSDT-1m-2025-10.csv
futures/um/monthly/klines/stgusdt/1m/STGUSDT-1m-2025-11.csv
futures/um/monthly/klines/stgusdt/1m/STGUSDT-1m-2025-12.csv
futures/um/monthly/klines/stgusdt/1m/STGUSDT-1m-2026-01.csv
futures/um/monthly/klines/stgusdt/1m/STGUSDT-1m-2026-02.csv
futures/um/monthly/klines/stgusdt/1m/STGUSDT-1m-2026-03.csv
futures/um/monthly/klines/stgusdt/1m/STGUSDT-1m-2026-04.csv
futures/um/monthly/klines/stgusdt/1m/STGUSDT-1m-2026-05.csv
futures/um/monthly/klines/stgusdt/1m/STGUSDT-1m-2026-06.csv
futures/um/monthly/klines/stgusdt/1m/STGUSDT-1m-2026-07.csv
futures/um/monthly/klines/stgusdt/1m/STGUSDT-1m-2026-08.csv
futures/um/monthly/klines/stousdt/1m/STOUSDT-1m-2025-04.csv
futures/um/monthly/klines/stousdt/1m/STOUSDT-1m-2025-05.csv
futures/um/monthly/klines/stousdt/1m/STOUSDT-1m-2025-06.csv
futures/um/monthly/klines/stousdt/1m/STOUSDT-1m-2025-07.csv
futures/um/monthly/klines/stousdt/1m/STOUSDT-1m-2025-08.csv
futures/um/monthly/klines/stousdt/1m/STOUSDT-1m-2025-09.csv
futures/um/monthly/klines/stousdt/1m/STOUSDT-1m-2025-10.csv
futures/um/monthly/klines/stousdt/1m/STOUSDT-1m-2025-11.csv
futures/um/monthly/klines/stousdt/1m/STOUSDT-1m-2025-12.csv
futures/um/monthly/klines/stousdt/1m/STOUSDT-1m-2026-01.csv
futures/um/monthly/klines/stousdt/1m/STOUSDT-1m-2026-02.csv
futures/um/monthly/klines/stousdt/1m/STOUSDT-1m-2026-03.csv
futures/um/monthly/klines/stousdt/1m/STOUSDT-1m-2026-04.csv
futures/um/monthly/klines/stousdt/1m/STOUSDT-1m-2026-05.csv
futures/um/monthly/klines/stousdt/1m/STOUSDT-1m-2026-06.csv
futures/um/monthly/klines/stousdt/1m/STOUSDT-1m-2026-07.csv
futures/um/monthly/klines/stousdt/1m/STOUSDT-1m-2026-08.csv
futures/um/monthly/klines/strkusdt/1m/STRKUSDT-1m-2024-02.csv
futures/um/monthly/klines/strkusdt/1m/STRKUSDT-1m-2024-03.csv
futures/um/monthly/klines/strkusdt/1m/STRKUSDT-1m-2024-04.csv
futures/um/monthly/klines/strkusdt/1m/STRKUSDT-1m-2024-05.csv
futures/um/monthly/klines/strkusdt/1m/STRKUSDT-1m-2024-06.csv
futures/um/monthly/klines/strkusdt/1m/STRKUSDT-1m-2024-07.csv
futures/um/monthly/klines/strkusdt/1m/STRKUSDT-1m-2024-08.csv
futures/um/monthly/klines/strkusdt/1m/STRKUSDT-1m-2024-09.csv
futures/um/monthly/klines/strkusdt/1m/STRKUSDT-1m-2024-10.csv
futures/um/monthly/klines/strkusdt/1m/STRKUSDT-1m-2024-11.csv
futures/um/monthly/klines/strkusdt/1m/STRKUSDT-1m-2024-12.csv
futures/um/monthly/klines/strkusdt/1m/STRKUSDT-1m-2025-01.csv
futures/um/monthly/klines/strkusdt/1m/STRKUSDT-1m-2025-02.csv
futures/um/monthly/klines/strkusdt/1m/STRKUSDT-1m-2025-03.csv
futures/um/monthly/klines/strkusdt/1m/STRKUSDT-1m-2025-04.csv
futures/um/monthly/klines/strkusdt/1m/STRKUSDT-1m-2025-05.csv
futures/um/monthly/klines/strkusdt/1m/STRKUSDT-1m-2025-06.csv
futures/um/monthly/klines/strkusdt/1m/STRKUSDT-1m-2025-07.csv
futures/um/monthly/klines/strkusdt/1m/STRKUSDT-1m-2025-08.csv
futures/um/monthly/klines/strkusdt/1m/STRKUSDT-1m-2025-09.csv
futures/um/monthly/klines/strkusdt/1m/STRKUSDT-1m-2025-10.csv
futures/um/monthly/klines/strkusdt/1m/STRKUSDT-1m-2025-11.csv
futures/um/monthly/klines/strkusdt/1m/STRKUSDT-1m-2025-12.csv
futures/um/monthly/klines/strkusdt/1m/STRKUSDT-1m-2026-01.csv
futures/um/monthly/klines/strkusdt/1m/STRKUSDT-1m-2026-02.csv
futures/um/monthly/klines/strkusdt/1m/STRKUSDT-1m-2026-03.csv
futures/um/monthly/klines/strkusdt/1m/STRKUSDT-1m-2026-04.csv
futures/um/monthly/klines/strkusdt/1m/STRKUSDT-1m-2026-05.csv
futures/um/monthly/klines/strkusdt/1m/STRKUSDT-1m-2026-06.csv
futures/um/monthly/klines/strkusdt/1m/STRKUSDT-1m-2026-07.csv
futures/um/monthly/klines/strkusdt/1m/STRKUSDT-1m-2026-08.csv
futures/um/monthly/klines/stxusdt/1m/STXUSDT-1m-2023-02.csv
futures/um/monthly/klines/stxusdt/1m/STXUSDT-1m-2023-03.csv
futures/um/monthly/klines/stxusdt/1m/STXUSDT-1m-2023-04.csv
futures/um/monthly/klines/stxusdt/1m/STXUSDT-1m-2023-05.csv
futures/um/monthly/klines/stxusdt/1m/STXUSDT-1m-2023-06.csv
futures/um/monthly/klines/stxusdt/1m/STXUSDT-1m-2023-07.csv
futures/um/monthly/klines/stxusdt/1m/STXUSDT-1m-2023-08.csv
futures/um/monthly/klines/stxusdt/1m/STXUSDT-1m-2023-09.csv
futures/um/monthly/klines/stxusdt/1m/STXUSDT-1m-2023-10.csv
futures/um/monthly/klines/stxusdt/1m/STXUSDT-1m-2023-11.csv
futures/um/monthly/klines/stxusdt/1m/STXUSDT-1m-2023-12.csv
futures/um/monthly/klines/stxusdt/1m/STXUSDT-1m-2024-01.csv
futures/um/monthly/klines/stxusdt/1m/STXUSDT-1m-2024-02.csv
futures/um/monthly/klines/stxusdt/1m/STXUSDT-1m-2024-03.csv
futures/um/monthly/klines/stxusdt/1m/STXUSDT-1m-2024-04.csv
futures/um/monthly/klines/stxusdt/1m/STXUSDT-1m-2024-05.csv
futures/um/monthly/klines/stxusdt/1m/STXUSDT-1m-2024-06.csv
futures/um/monthly/klines/stxusdt/1m/STXUSDT-1m-2024-07.csv
futures/um/monthly/klines/stxusdt/1m/STXUSDT-1m-2024-08.csv
futures/um/monthly/klines/stxusdt/1m/STXUSDT-1m-2024-09.csv
futures/um/monthly/klines/stxusdt/1m/STXUSDT-1m-2024-10.csv
futures/um/monthly/klines/stxusdt/1m/STXUSDT-1m-2024-11.csv
futures/um/monthly/klines/stxusdt/1m/STXUSDT-1m-2024-12.csv
futures/um/monthly/klines/stxusdt/1m/STXUSDT-1m-2025-01.csv
futures/um/monthly/klines/stxusdt/1m/STXUSDT-1m-2025-02.csv
futures/um/monthly/klines/stxusdt/1m/STXUSDT-1m-2025-03.csv
futures/um/monthly/klines/stxusdt/1m/STXUSDT-1m-2025-04.csv
futures/um/monthly/klines/stxusdt/1m/STXUSDT-1m-2025-05.csv
futures/um/monthly/klines/stxusdt/1m/STXUSDT-1m-2025-06.csv
futures/um/monthly/klines/stxusdt/1m/STXUSDT-1m-2025-07.csv
futures/um/monthly/klines/stxusdt/1m/STXUSDT-1m-2025-08.csv
futures/um/monthly/klines/stxusdt/1m/STXUSDT-1m-2025-09.csv
futures/um/monthly/klines/stxusdt/1m/STXUSDT-1m-2025-10.csv
futures/um/monthly/klines/stxusdt/1m/STXUSDT-1m-2025-11.csv
futures/um/monthly/klines/stxusdt/1m/STXUSDT-1m-2025-12.csv
futures/um/monthly/klines/stxusdt/1m/STXUSDT-1m-2026-01.csv
futures/um/monthly/klines/stxusdt/1m/STXUSDT-1m-2026-02.csv
futures/um/monthly/klines/stxusdt/1m/STXUSDT-1m-2026-03.csv
futures/um/monthly/klines/stxusdt/1m/STXUSDT-1m-2026-04.csv
futures/um/monthly/klines/stxusdt/1m/STXUSDT-1m-2026-05.csv
futures/um/monthly/klines/stxusdt/1m/STXUSDT-1m-2026-06.csv
futures/um/monthly/klines/stxusdt/1m/STXUSDT-1m-2026-07.csv
futures/um/monthly/klines/stxusdt/1m/STXUSDT-1m-2026-08.csv
futures/um/monthly/klines/suiusdt/1m/SUIUSDT-1m-2023-05.csv
futures/um/monthly/klines/suiusdt/1m/SUIUSDT-1m-2023-06.csv
futures/um/monthly/klines/suiusdt/1m/SUIUSDT-1m-2023-07.csv
futures/um/monthly/klines/suiusdt/1m/SUIUSDT-1m-2023-08.csv
futures/um/monthly/klines/suiusdt/1m/SUIUSDT-1m-2023-09.csv
futures/um/monthly/klines/suiusdt/1m/SUIUSDT-1m-2023-10.csv
futures/um/monthly/klines/suiusdt/1m/SUIUSDT-1m-2023-11.csv
futures/um/monthly/klines/suiusdt/1m/SUIUSDT-1m-2023-12.csv
futures/um/monthly/klines/suiusdt/1m/SUIUSDT-1m-2024-01.csv
futures/um/monthly/klines/suiusdt/1m/SUIUSDT-1m-2024-02.csv
futures/um/monthly/klines/suiusdt/1m/SUIUSDT-1m-2024-03.csv
futures/um/monthly/klines/suiusdt/1m/SUIUSDT-1m-2024-04.csv
futures/um/monthly/klines/suiusdt/1m/SUIUSDT-1m-2024-05.csv
futures/um/monthly/klines/suiusdt/1m/SUIUSDT-1m-2024-06.csv
futures/um/monthly/klines/suiusdt/1m/SUIUSDT-1m-2024-07.csv
futures/um/monthly/klines/suiusdt/1m/SUIUSDT-1m-2024-08.csv
futures/um/monthly/klines/suiusdt/1m/SUIUSDT-1m-2024-09.csv
futures/um/monthly/klines/suiusdt/1m/SUIUSDT-1m-2024-10.csv
futures/um/monthly/klines/suiusdt/1m/SUIUSDT-1m-2024-11.csv
futures/um/monthly/klines/suiusdt/1m/SUIUSDT-1m-2024-12.csv
futures/um/monthly/klines/suiusdt/1m/SUIUSDT-1m-2025-01.csv
futures/um/monthly/klines/suiusdt/1m/SUIUSDT-1m-2025-02.csv
futures/um/monthly/klines/suiusdt/1m/SUIUSDT-1m-2025-03.csv
futures/um/monthly/klines/suiusdt/1m/SUIUSDT-1m-2025-04.csv
futures/um/monthly/klines/suiusdt/1m/SUIUSDT-1m-2025-05.csv
futures/um/monthly/klines/suiusdt/1m/SUIUSDT-1m-2025-06.csv
futures/um/monthly/klines/suiusdt/1m/SUIUSDT-1m-2025-07.csv
futures/um/monthly/klines/suiusdt/1m/SUIUSDT-1m-2025-08.csv
futures/um/monthly/klines/suiusdt/1m/SUIUSDT-1m-2025-09.csv
futures/um/monthly/klines/suiusdt/1m/SUIUSDT-1m-2025-10.csv
futures/um/monthly/klines/suiusdt/1m/SUIUSDT-1m-2025-11.csv
futures/um/monthly/klines/suiusdt/1m/SUIUSDT-1m-2025-12.csv
futures/um/monthly/klines/suiusdt/1m/SUIUSDT-1m-2026-01.csv
futures/um/monthly/klines/suiusdt/1m/SUIUSDT-1m-2026-02.csv
futures/um/monthly/klines/suiusdt/1m/SUIUSDT-1m-2026-03.csv
futures/um/monthly/klines/suiusdt/1m/SUIUSDT-1m-2026-04.csv
futures/um/monthly/klines/suiusdt/1m/SUIUSDT-1m-2026-05.csv
futures/um/monthly/klines/suiusdt/1m/SUIUSDT-1m-2026-06.csv
futures/um/monthly/klines/suiusdt/1m/SUIUSDT-1m-2026-07.csv
futures/um/monthly/klines/suiusdt/1m/SUIUSDT-1m-2026-08.csv
futures/um/monthly/klines/sunusdt/1m/SUNUSDT-1m-2024-08.csv
futures/um/monthly/klines/sunusdt/1m/SUNUSDT-1m-2024-09.csv
futures/um/monthly/klines/sunusdt/1m/SUNUSDT-1m-2024-10.csv
futures/um/monthly/klines/sunusdt/1m/SUNUSDT-1m-2024-11.csv
futures/um/monthly/klines/sunusdt/1m/SUNUSDT-1m-2024-12.csv
futures/um/monthly/klines/sunusdt/1m/SUNUSDT-1m-2025-01.csv
futures/um/monthly/klines/sunusdt/1m/SUNUSDT-1m-2025-02.csv
futures/um/monthly/klines/sunusdt/1m/SUNUSDT-1m-2025-03.csv
futures/um/monthly/klines/sunusdt/1m/SUNUSDT-1m-2025-04.csv
futures/um/monthly/klines/sunusdt/1m/SUNUSDT-1m-2025-05.csv
futures/um/monthly/klines/sunusdt/1m/SUNUSDT-1m-2025-06.csv
futures/um/monthly/klines/sunusdt/1m/SUNUSDT-1m-2025-07.csv
futures/um/monthly/klines/sunusdt/1m/SUNUSDT-1m-2025-08.csv
futures/um/monthly/klines/sunusdt/1m/SUNUSDT-1m-2025-09.csv
futures/um/monthly/klines/sunusdt/1m/SUNUSDT-1m-2025-10.csv
futures/um/monthly/klines/sunusdt/1m/SUNUSDT-1m-2025-11.csv
futures/um/monthly/klines/sunusdt/1m/SUNUSDT-1m-2025-12.csv
futures/um/monthly/klines/sunusdt/1m/SUNUSDT-1m-2026-01.csv
futures/um/monthly/klines/sunusdt/1m/SUNUSDT-1m-2026-02.csv
futures/um/monthly/klines/sunusdt/1m/SUNUSDT-1m-2026-03.csv
futures/um/monthly/klines/sunusdt/1m/SUNUSDT-1m-2026-04.csv
futures/um/monthly/klines/sunusdt/1m/SUNUSDT-1m-2026-05.csv
futures/um/monthly/klines/sunusdt/1m/SUNUSDT-1m-2026-06.csv
futures/um/monthly/klines/sunusdt/1m/SUNUSDT-1m-2026-07.csv
futures/um/monthly/klines/sunusdt/1m/SUNUSDT-1m-2026-08.csv
futures/um/monthly/klines/superusdt/1m/SUPERUSDT-1m-2023-11.csv
futures/um/monthly/klines/superusdt/1m/SUPERUSDT-1m-2023-12.csv
futures/um/monthly/klines/superusdt/1m/SUPERUSDT-1m-2024-01.csv
futures/um/monthly/klines/superusdt/1m/SUPERUSDT-1m-2024-02.csv
futures/um/monthly/klines/superusdt/1m/SUPERUSDT-1m-2024-03.csv
futures/um/monthly/klines/superusdt/1m/SUPERUSDT-1m-2024-04.csv
futures/um/monthly/klines/superusdt/1m/SUPERUSDT-1m-2024-05.csv
futures/um/monthly/klines/superusdt/1m/SUPERUSDT-1m-2024-06.csv
futures/um/monthly/klines/superusdt/1m/SUPERUSDT-1m-2024-07.csv
futures/um/monthly/klines/superusdt/1m/SUPERUSDT-1m-2024-08.csv
futures/um/monthly/klines/superusdt/1m/SUPERUSDT-1m-2024-09.csv
futures/um/monthly/klines/superusdt/1m/SUPERUSDT-1m-2024-10.csv
futures/um/monthly/klines/superusdt/1m/SUPERUSDT-1m-2024-11.csv
futures/um/monthly/klines/superusdt/1m/SUPERUSDT-1m-2024-12.csv
futures/um/monthly/klines/superusdt/1m/SUPERUSDT-1m-2025-01.csv
futures/um/monthly/klines/superusdt/1m/SUPERUSDT-1m-2025-02.csv
futures/um/monthly/klines/superusdt/1m/SUPERUSDT-1m-2025-03.csv
futures/um/monthly/klines/superusdt/1m/SUPERUSDT-1m-2025-04.csv
futures/um/monthly/klines/superusdt/1m/SUPERUSDT-1m-2025-05.csv
futures/um/monthly/klines/superusdt/1m/SUPERUSDT-1m-2025-06.csv
futures/um/monthly/klines/superusdt/1m/SUPERUSDT-1m-2025-07.csv
futures/um/monthly/klines/superusdt/1m/SUPERUSDT-1m-2025-08.csv
futures/um/monthly/klines/superusdt/1m/SUPERUSDT-1m-2025-09.csv
futures/um/monthly/klines/superusdt/1m/SUPERUSDT-1m-2025-10.csv
futures/um/monthly/klines/superusdt/1m/SUPERUSDT-1m-2025-11.csv
futures/um/monthly/klines/superusdt/1m/SUPERUSDT-1m-2025-12.csv
futures/um/monthly/klines/superusdt/1m/SUPERUSDT-1m-2026-01.csv
futures/um/monthly/klines/superusdt/1m/SUPERUSDT-1m-2026-02.csv
futures/um/monthly/klines/superusdt/1m/SUPERUSDT-1m-2026-03.csv
futures/um/monthly/klines/superusdt/1m/SUPERUSDT-1m-2026-04.csv
futures/um/monthly/klines/superusdt/1m/SUPERUSDT-1m-2026-05.csv
futures/um/monthly/klines/superusdt/1m/SUPERUSDT-1m-2026-06.csv
futures/um/monthly/klines/superusdt/1m/SUPERUSDT-1m-2026-07.csv
futures/um/monthly/klines/superusdt/1m/SUPERUSDT-1m-2026-08.csv
futures/um/monthly/klines/susdt/1m/SUSDT-1m-2025-01.csv
futures/um/monthly/klines/susdt/1m/SUSDT-1m-2025-02.csv
futures/um/monthly/klines/susdt/1m/SUSDT-1m-2025-03.csv
futures/um/monthly/klines/susdt/1m/SUSDT-1m-2025-04.csv
futures/um/monthly/klines/susdt/1m/SUSDT-1m-2025-05.csv
futures/um/monthly/klines/susdt/1m/SUSDT-1m-2025-06.csv
futures/um/monthly/klines/susdt/1m/SUSDT-1m-2025-07.csv
futures/um/monthly/klines/susdt/1m/SUSDT-1m-2025-08.csv
futures/um/monthly/klines/susdt/1m/SUSDT-1m-2025-09.csv
futures/um/monthly/klines/susdt/1m/SUSDT-1m-2025-10.csv
futures/um/monthly/klines/susdt/1m/SUSDT-1m-2025-11.csv
futures/um/monthly/klines/susdt/1m/SUSDT-1m-2025-12.csv
futures/um/monthly/klines/susdt/1m/SUSDT-1m-2026-01.csv
futures/um/monthly/klines/susdt/1m/SUSDT-1m-2026-02.csv
futures/um/monthly/klines/susdt/1m/SUSDT-1m-2026-03.csv
futures/um/monthly/klines/susdt/1m/SUSDT-1m-2026-04.csv
futures/um/monthly/klines/susdt/1m/SUSDT-1m-2026-05.csv
futures/um/monthly/klines/susdt/1m/SUSDT-1m-2026-06.csv
futures/um/monthly/klines/susdt/1m/SUSDT-1m-2026-07.csv
futures/um/monthly/klines/susdt/1m/SUSDT-1m-2026-08.csv
futures/um/monthly/klines/sushiusdt/1m/SUSHIUSDT-1m-2020-09.csv
futures/um/monthly/klines/sushiusdt/1m/SUSHIUSDT-1m-2020-10.csv
futures/um/monthly/klines/sushiusdt/1m/SUSHIUSDT-1m-2020-11.csv
futures/um/monthly/klines/sushiusdt/1m/SUSHIUSDT-1m-2020-12.csv
futures/um/monthly/klines/sushiusdt/1m/SUSHIUSDT-1m-2021-01.csv
futures/um/monthly/klines/sushiusdt/1m/SUSHIUSDT-1m-2021-02.csv
futures/um/monthly/klines/sushiusdt/1m/SUSHIUSDT-1m-2021-03.csv
futures/um/monthly/klines/sushiusdt/1m/SUSHIUSDT-1m-2021-04.csv
futures/um/monthly/klines/sushiusdt/1m/SUSHIUSDT-1m-2021-05.csv
futures/um/monthly/klines/sushiusdt/1m/SUSHIUSDT-1m-2021-06.csv
futures/um/monthly/klines/sushiusdt/1m/SUSHIUSDT-1m-2021-07.csv
futures/um/monthly/klines/sushiusdt/1m/SUSHIUSDT-1m-2021-08.csv
futures/um/monthly/klines/sushiusdt/1m/SUSHIUSDT-1m-2021-09.csv
futures/um/monthly/klines/sushiusdt/1m/SUSHIUSDT-1m-2021-10.csv
futures/um/monthly/klines/sushiusdt/1m/SUSHIUSDT-1m-2021-11.csv
futures/um/monthly/klines/sushiusdt/1m/SUSHIUSDT-1m-2021-12.csv
futures/um/monthly/klines/sushiusdt/1m/SUSHIUSDT-1m-2022-01.csv
futures/um/monthly/klines/sushiusdt/1m/SUSHIUSDT-1m-2022-02.csv
futures/um/monthly/klines/sushiusdt/1m/SUSHIUSDT-1m-2022-03.csv
futures/um/monthly/klines/sushiusdt/1m/SUSHIUSDT-1m-2022-04.csv
futures/um/monthly/klines/sushiusdt/1m/SUSHIUSDT-1m-2022-05.csv
futures/um/monthly/klines/sushiusdt/1m/SUSHIUSDT-1m-2022-06.csv
futures/um/monthly/klines/sushiusdt/1m/SUSHIUSDT-1m-2022-07.csv
futures/um/monthly/klines/sushiusdt/1m/SUSHIUSDT-1m-2022-08.csv
futures/um/monthly/klines/sushiusdt/1m/SUSHIUSDT-1m-2022-09.csv
futures/um/monthly/klines/sushiusdt/1m/SUSHIUSDT-1m-2022-10.csv
futures/um/monthly/klines/sushiusdt/1m/SUSHIUSDT-1m-2022-11.csv
futures/um/monthly/klines/sushiusdt/1m/SUSHIUSDT-1m-2022-12.csv
futures/um/monthly/klines/sushiusdt/1m/SUSHIUSDT-1m-2023-01.csv
futures/um/monthly/klines/sushiusdt/1m/SUSHIUSDT-1m-2023-02.csv
futures/um/monthly/klines/sushiusdt/1m/SUSHIUSDT-1m-2023-03.csv
futures/um/monthly/klines/sushiusdt/1m/SUSHIUSDT-1m-2023-04.csv
futures/um/monthly/klines/sushiusdt/1m/SUSHIUSDT-1m-2023-05.csv
futures/um/monthly/klines/sushiusdt/1m/SUSHIUSDT-1m-2023-06.csv
futures/um/monthly/klines/sushiusdt/1m/SUSHIUSDT-1m-2023-07.csv
futures/um/monthly/klines/sushiusdt/1m/SUSHIUSDT-1m-2023-08.csv
futures/um/monthly/klines/sushiusdt/1m/SUSHIUSDT-1m-2023-09.csv
futures/um/monthly/klines/sushiusdt/1m/SUSHIUSDT-1m-2023-10.csv
futures/um/monthly/klines/sushiusdt/1m/SUSHIUSDT-1m-2023-11.csv
futures/um/monthly/klines/sushiusdt/1m/SUSHIUSDT-1m-2023-12.csv
futures/um/monthly/klines/sushiusdt/1m/SUSHIUSDT-1m-2024-01.csv
futures/um/monthly/klines/sushiusdt/1m/SUSHIUSDT-1m-2024-02.csv
futures/um/monthly/klines/sushiusdt/1m/SUSHIUSDT-1m-2024-03.csv
futures/um/monthly/klines/sushiusdt/1m/SUSHIUSDT-1m-2024-04.csv
futures/um/monthly/klines/sushiusdt/1m/SUSHIUSDT-1m-2024-05.csv
futures/um/monthly/klines/sushiusdt/1m/SUSHIUSDT-1m-2024-06.csv
futures/um/monthly/klines/sushiusdt/1m/SUSHIUSDT-1m-2024-07.csv
futures/um/monthly/klines/sushiusdt/1m/SUSHIUSDT-1m-2024-08.csv
futures/um/monthly/klines/sushiusdt/1m/SUSHIUSDT-1m-2024-09.csv
futures/um/monthly/klines/sushiusdt/1m/SUSHIUSDT-1m-2024-10.csv
futures/um/monthly/klines/sushiusdt/1m/SUSHIUSDT-1m-2024-11.csv
futures/um/monthly/klines/sushiusdt/1m/SUSHIUSDT-1m-2024-12.csv
futures/um/monthly/klines/sushiusdt/1m/SUSHIUSDT-1m-2025-01.csv
futures/um/monthly/klines/sushiusdt/1m/SUSHIUSDT-1m-2025-02.csv
futures/um/monthly/klines/sushiusdt/1m/SUSHIUSDT-1m-2025-03.csv
futures/um/monthly/klines/sushiusdt/1m/SUSHIUSDT-1m-2025-04.csv
futures/um/monthly/klines/sushiusdt/1m/SUSHIUSDT-1m-2025-05.csv
futures/um/monthly/klines/sushiusdt/1m/SUSHIUSDT-1m-2025-06.csv
futures/um/monthly/klines/sushiusdt/1m/SUSHIUSDT-1m-2025-07.csv
futures/um/monthly/klines/sushiusdt/1m/SUSHIUSDT-1m-2025-08.csv
futures/um/monthly/klines/sushiusdt/1m/SUSHIUSDT-1m-2025-09.csv
futures/um/monthly/klines/sushiusdt/1m/SUSHIUSDT-1m-2025-10.csv
futures/um/monthly/klines/sushiusdt/1m/SUSHIUSDT-1m-2025-11.csv
futures/um/monthly/klines/sushiusdt/1m/SUSHIUSDT-1m-2025-12.csv
futures/um/monthly/klines/sushiusdt/1m/SUSHIUSDT-1m-2026-01.csv
futures/um/monthly/klines/sushiusdt/1m/SUSHIUSDT-1m-2026-02.csv
futures/um/monthly/klines/sushiusdt/1m/SUSHIUSDT-1m-2026-03.csv
futures/um/monthly/klines/sushiusdt/1m/SUSHIUSDT-1m-2026-04.csv
futures/um/monthly/klines/sushiusdt/1m/SUSHIUSDT-1m-2026-05.csv
futures/um/monthly/klines/sushiusdt/1m/SUSHIUSDT-1m-2026-06.csv
futures/um/monthly/klines/sushiusdt/1m/SUSHIUSDT-1m-2026-07.csv
futures/um/monthly/klines/sushiusdt/1m/SUSHIUSDT-1m-2026-08.csv
futures/um/monthly/klines/swarmsusdt/1m/SWARMSUSDT-1m-2025-01.csv
futures/um/monthly/klines/swarmsusdt/1m/SWARMSUSDT-1m-2025-02.csv
futures/um/monthly/klines/swarmsusdt/1m/SWARMSUSDT-1m-2025-03.csv
futures/um/monthly/klines/swarmsusdt/1m/SWARMSUSDT-1m-2025-04.csv
futures/um/monthly/klines/swarmsusdt/1m/SWARMSUSDT-1m-2025-05.csv
futures/um/monthly/klines/swarmsusdt/1m/SWARMSUSDT-1m-2025-06.csv
futures/um/monthly/klines/swarmsusdt/1m/SWARMSUSDT-1m-2025-07.csv
futures/um/monthly/klines/swarmsusdt/1m/SWARMSUSDT-1m-2025-08.csv
futures/um/monthly/klines/swarmsusdt/1m/SWARMSUSDT-1m-2025-09.csv
futures/um/monthly/klines/swarmsusdt/1m/SWARMSUSDT-1m-2025-10.csv
futures/um/monthly/klines/swarmsusdt/1m/SWARMSUSDT-1m-2025-11.csv
futures/um/monthly/klines/swarmsusdt/1m/SWARMSUSDT-1m-2025-12.csv
futures/um/monthly/klines/swarmsusdt/1m/SWARMSUSDT-1m-2026-01.csv
futures/um/monthly/klines/swarmsusdt/1m/SWARMSUSDT-1m-2026-02.csv
futures/um/monthly/klines/swarmsusdt/1m/SWARMSUSDT-1m-2026-03.csv
futures/um/monthly/klines/swarmsusdt/1m/SWARMSUSDT-1m-2026-04.csv
futures/um/monthly/klines/swarmsusdt/1m/SWARMSUSDT-1m-2026-05.csv
futures/um/monthly/klines/swarmsusdt/1m/SWARMSUSDT-1m-2026-06.csv
futures/um/monthly/klines/swarmsusdt/1m/SWARMSUSDT-1m-2026-07.csv
futures/um/monthly/klines/swarmsusdt/1m/SWARMSUSDT-1m-2026-08.csv
futures/um/monthly/klines/sxtusdt/1m/SXTUSDT-1m-2025-05.csv
futures/um/monthly/klines/sxtusdt/1m/SXTUSDT-1m-2025-06.csv
futures/um/monthly/klines/sxtusdt/1m/SXTUSDT-1m-2025-07.csv
futures/um/monthly/klines/sxtusdt/1m/SXTUSDT-1m-2025-08.csv
futures/um/monthly/klines/sxtusdt/1m/SXTUSDT-1m-2025-09.csv
futures/um/monthly/klines/sxtusdt/1m/SXTUSDT-1m-2025-10.csv
futures/um/monthly/klines/sxtusdt/1m/SXTUSDT-1m-2025-11.csv
futures/um/monthly/klines/sxtusdt/1m/SXTUSDT-1m-2025-12.csv
futures/um/monthly/klines/sxtusdt/1m/SXTUSDT-1m-2026-01.csv
futures/um/monthly/klines/sxtusdt/1m/SXTUSDT-1m-2026-02.csv
futures/um/monthly/klines/sxtusdt/1m/SXTUSDT-1m-2026-03.csv
futures/um/monthly/klines/sxtusdt/1m/SXTUSDT-1m-2026-04.csv
futures/um/monthly/klines/sxtusdt/1m/SXTUSDT-1m-2026-05.csv
futures/um/monthly/klines/sxtusdt/1m/SXTUSDT-1m-2026-06.csv
futures/um/monthly/klines/sxtusdt/1m/SXTUSDT-1m-2026-07.csv
futures/um/monthly/klines/sxtusdt/1m/SXTUSDT-1m-2026-08.csv
futures/um/monthly/klines/synusdt/1m/SYNUSDT-1m-2024-08.csv
futures/um/monthly/klines/synusdt/1m/SYNUSDT-1m-2024-09.csv
futures/um/monthly/klines/synusdt/1m/SYNUSDT-1m-2024-10.csv
futures/um/monthly/klines/synusdt/1m/SYNUSDT-1m-2024-11.csv
futures/um/monthly/klines/synusdt/1m/SYNUSDT-1m-2024-12.csv
futures/um/monthly/klines/synusdt/1m/SYNUSDT-1m-2025-01.csv
futures/um/monthly/klines/synusdt/1m/SYNUSDT-1m-2025-02.csv
futures/um/monthly/klines/synusdt/1m/SYNUSDT-1m-2025-03.csv
futures/um/monthly/klines/synusdt/1m/SYNUSDT-1m-2025-04.csv
futures/um/monthly/klines/synusdt/1m/SYNUSDT-1m-2025-05.csv
futures/um/monthly/klines/synusdt/1m/SYNUSDT-1m-2025-06.csv
futures/um/monthly/klines/synusdt/1m/SYNUSDT-1m-2025-07.csv
futures/um/monthly/klines/synusdt/1m/SYNUSDT-1m-2025-08.csv
futures/um/monthly/klines/synusdt/1m/SYNUSDT-1m-2025-09.csv
futures/um/monthly/klines/synusdt/1m/SYNUSDT-1m-2025-10.csv
futures/um/monthly/klines/synusdt/1m/SYNUSDT-1m-2025-11.csv
futures/um/monthly/klines/synusdt/1m/SYNUSDT-1m-2025-12.csv
futures/um/monthly/klines/synusdt/1m/SYNUSDT-1m-2026-01.csv
futures/um/monthly/klines/synusdt/1m/SYNUSDT-1m-2026-02.csv
futures/um/monthly/klines/synusdt/1m/SYNUSDT-1m-2026-03.csv
futures/um/monthly/klines/synusdt/1m/SYNUSDT-1m-2026-04.csv
futures/um/monthly/klines/synusdt/1m/SYNUSDT-1m-2026-05.csv
futures/um/monthly/klines/synusdt/1m/SYNUSDT-1m-2026-06.csv
futures/um/monthly/klines/synusdt/1m/SYNUSDT-1m-2026-07.csv
futures/um/monthly/klines/synusdt/1m/SYNUSDT-1m-2026-08.csv
futures/um/monthly/klines/syrupusdt/1m/SYRUPUSDT-1m-2025-05.csv
futures/um/monthly/klines/syrupusdt/1m/SYRUPUSDT-1m-2025-06.csv
futures/um/monthly/klines/syrupusdt/1m/SYRUPUSDT-1m-2025-07.csv
futures/um/monthly/klines/syrupusdt/1m/SYRUPUSDT-1m-2025-08.csv
futures/um/monthly/klines/syrupusdt/1m/SYRUPUSDT-1m-2025-09.csv
futures/um/monthly/klines/syrupusdt/1m/SYRUPUSDT-1m-2025-10.csv
futures/um/monthly/klines/syrupusdt/1m/SYRUPUSDT-1m-2025-11.csv
futures/um/monthly/klines/syrupusdt/1m/SYRUPUSDT-1m-2025-12.csv
futures/um/monthly/klines/syrupusdt/1m/SYRUPUSDT-1m-2026-01.csv
futures/um/monthly/klines/syrupusdt/1m/SYRUPUSDT-1m-2026-02.csv
futures/um/monthly/klines/syrupusdt/1m/SYRUPUSDT-1m-2026-03.csv
futures/um/monthly/klines/syrupusdt/1m/SYRUPUSDT-1m-2026-04.csv
futures/um/monthly/klines/syrupusdt/1m/SYRUPUSDT-1m-2026-05.csv
futures/um/monthly/klines/syrupusdt/1m/SYRUPUSDT-1m-2026-06.csv
futures/um/monthly/klines/syrupusdt/1m/SYRUPUSDT-1m-2026-07.csv
futures/um/monthly/klines/syrupusdt/1m/SYRUPUSDT-1m-2026-08.csv
futures/um/monthly/klines/tacusdt/1m/TACUSDT-1m-2025-07.csv
futures/um/monthly/klines/tacusdt/1m/TACUSDT-1m-2025-08.csv
futures/um/monthly/klines/tacusdt/1m/TACUSDT-1m-2025-09.csv
futures/um/monthly/klines/tacusdt/1m/TACUSDT-1m-2025-10.csv
futures/um/monthly/klines/tacusdt/1m/TACUSDT-1m-2025-11.csv
futures/um/monthly/klines/tacusdt/1m/TACUSDT-1m-2025-12.csv
futures/um/monthly/klines/tacusdt/1m/TACUSDT-1m-2026-01.csv
futures/um/monthly/klines/tacusdt/1m/TACUSDT-1m-2026-02.csv
futures/um/monthly/klines/tacusdt/1m/TACUSDT-1m-2026-03.csv
futures/um/monthly/klines/tacusdt/1m/TACUSDT-1m-2026-04.csv
futures/um/monthly/klines/tacusdt/1m/TACUSDT-1m-2026-05.csv
futures/um/monthly/klines/tacusdt/1m/TACUSDT-1m-2026-06.csv
futures/um/monthly/klines/tacusdt/1m/TACUSDT-1m-2026-07.csv
futures/um/monthly/klines/tacusdt/1m/TACUSDT-1m-2026-08.csv
futures/um/monthly/klines/tagusdt/1m/TAGUSDT-1m-2025-07.csv
futures/um/monthly/klines/tagusdt/1m/TAGUSDT-1m-2025-08.csv
futures/um/monthly/klines/tagusdt/1m/TAGUSDT-1m-2025-09.csv
futures/um/monthly/klines/tagusdt/1m/TAGUSDT-1m-2025-10.csv
futures/um/monthly/klines/tagusdt/1m/TAGUSDT-1m-2025-11.csv
futures/um/monthly/klines/tagusdt/1m/TAGUSDT-1m-2025-12.csv
futures/um/monthly/klines/tagusdt/1m/TAGUSDT-1m-2026-01.csv
futures/um/monthly/klines/tagusdt/1m/TAGUSDT-1m-2026-02.csv
futures/um/monthly/klines/tagusdt/1m/TAGUSDT-1m-2026-03.csv
futures/um/monthly/klines/tagusdt/1m/TAGUSDT-1m-2026-04.csv
futures/um/monthly/klines/tagusdt/1m/TAGUSDT-1m-2026-05.csv
futures/um/monthly/klines/tagusdt/1m/TAGUSDT-1m-2026-06.csv
futures/um/monthly/klines/tagusdt/1m/TAGUSDT-1m-2026-07.csv
futures/um/monthly/klines/tagusdt/1m/TAGUSDT-1m-2026-08.csv
futures/um/monthly/klines/taikousdt/1m/TAIKOUSDT-1m-2025-06.csv
futures/um/monthly/klines/taikousdt/1m/TAIKOUSDT-1m-2025-07.csv
futures/um/monthly/klines/taikousdt/1m/TAIKOUSDT-1m-2025-08.csv
futures/um/monthly/klines/taikousdt/1m/TAIKOUSDT-1m-2025-09.csv
futures/um/monthly/klines/taikousdt/1m/TAIKOUSDT-1m-2025-10.csv
futures/um/monthly/klines/taikousdt/1m/TAIKOUSDT-1m-2025-11.csv
futures/um/monthly/klines/taikousdt/1m/TAIKOUSDT-1m-2025-12.csv
futures/um/monthly/klines/taikousdt/1m/TAIKOUSDT-1m-2026-01.csv
futures/um/monthly/klines/taikousdt/1m/TAIKOUSDT-1m-2026-02.csv
futures/um/monthly/klines/taikousdt/1m/TAIKOUSDT-1m-2026-03.csv
futures/um/monthly/klines/taikousdt/1m/TAIKOUSDT-1m-2026-04.csv
futures/um/monthly/klines/taikousdt/1m/TAIKOUSDT-1m-2026-05.csv
futures/um/monthly/klines/taikousdt/1m/TAIKOUSDT-1m-2026-06.csv
futures/um/monthly/klines/taikousdt/1m/TAIKOUSDT-1m-2026-07.csv
futures/um/monthly/klines/taikousdt/1m/TAIKOUSDT-1m-2026-08.csv
futures/um/monthly/klines/takeusdt/1m/TAKEUSDT-1m-2025-09.csv
futures/um/monthly/klines/takeusdt/1m/TAKEUSDT-1m-2025-10.csv
futures/um/monthly/klines/takeusdt/1m/TAKEUSDT-1m-2025-11.csv
futures/um/monthly/klines/takeusdt/1m/TAKEUSDT-1m-2025-12.csv
futures/um/monthly/klines/takeusdt/1m/TAKEUSDT-1m-2026-01.csv
futures/um/monthly/klines/takeusdt/1m/TAKEUSDT-1m-2026-02.csv
futures/um/monthly/klines/takeusdt/1m/TAKEUSDT-1m-2026-03.csv
futures/um/monthly/klines/takeusdt/1m/TAKEUSDT-1m-2026-04.csv
futures/um/monthly/klines/takeusdt/1m/TAKEUSDT-1m-2026-05.csv
futures/um/monthly/klines/takeusdt/1m/TAKEUSDT-1m-2026-06.csv
futures/um/monthly/klines/takeusdt/1m/TAKEUSDT-1m-2026-07.csv
futures/um/monthly/klines/takeusdt/1m/TAKEUSDT-1m-2026-08.csv
futures/um/monthly/klines/taousdt/1m/TAOUSDT-1m-2024-04.csv
futures/um/monthly/klines/taousdt/1m/TAOUSDT-1m-2024-05.csv
futures/um/monthly/klines/taousdt/1m/TAOUSDT-1m-2024-06.csv
futures/um/monthly/klines/taousdt/1m/TAOUSDT-1m-2024-07.csv
futures/um/monthly/klines/taousdt/1m/TAOUSDT-1m-2024-08.csv
futures/um/monthly/klines/taousdt/1m/TAOUSDT-1m-2024-09.csv
futures/um/monthly/klines/taousdt/1m/TAOUSDT-1m-2024-10.csv
futures/um/monthly/klines/taousdt/1m/TAOUSDT-1m-2024-11.csv
futures/um/monthly/klines/taousdt/1m/TAOUSDT-1m-2024-12.csv
futures/um/monthly/klines/taousdt/1m/TAOUSDT-1m-2025-01.csv
futures/um/monthly/klines/taousdt/1m/TAOUSDT-1m-2025-02.csv
futures/um/monthly/klines/taousdt/1m/TAOUSDT-1m-2025-03.csv
futures/um/monthly/klines/taousdt/1m/TAOUSDT-1m-2025-04.csv
futures/um/monthly/klines/taousdt/1m/TAOUSDT-1m-2025-05.csv
futures/um/monthly/klines/taousdt/1m/TAOUSDT-1m-2025-06.csv
futures/um/monthly/klines/taousdt/1m/TAOUSDT-1m-2025-07.csv
futures/um/monthly/klines/taousdt/1m/TAOUSDT-1m-2025-08.csv
futures/um/monthly/klines/taousdt/1m/TAOUSDT-1m-2025-09.csv
futures/um/monthly/klines/taousdt/1m/TAOUSDT-1m-2025-10.csv
futures/um/monthly/klines/taousdt/1m/TAOUSDT-1m-2025-11.csv
futures/um/monthly/klines/taousdt/1m/TAOUSDT-1m-2025-12.csv
futures/um/monthly/klines/taousdt/1m/TAOUSDT-1m-2026-01.csv
futures/um/monthly/klines/taousdt/1m/TAOUSDT-1m-2026-02.csv
futures/um/monthly/klines/taousdt/1m/TAOUSDT-1m-2026-03.csv
futures/um/monthly/klines/taousdt/1m/TAOUSDT-1m-2026-04.csv
futures/um/monthly/klines/taousdt/1m/TAOUSDT-1m-2026-05.csv
futures/um/monthly/klines/taousdt/1m/TAOUSDT-1m-2026-06.csv
futures/um/monthly/klines/taousdt/1m/TAOUSDT-1m-2026-07.csv
futures/um/monthly/klines/taousdt/1m/TAOUSDT-1m-2026-08.csv
futures/um/monthly/klines/tausdt/1m/TAUSDT-1m-2025-07.csv
futures/um/monthly/klines/tausdt/1m/TAUSDT-1m-2025-08.csv
futures/um/monthly/klines/tausdt/1m/TAUSDT-1m-2025-09.csv
futures/um/monthly/klines/tausdt/1m/TAUSDT-1m-2025-10.csv
futures/um/monthly/klines/tausdt/1m/TAUSDT-1m-2025-11.csv
futures/um/monthly/klines/tausdt/1m/TAUSDT-1m-2025-12.csv
futures/um/monthly/klines/tausdt/1m/TAUSDT-1m-2026-01.csv
futures/um/monthly/klines/tausdt/1m/TAUSDT-1m-2026-02.csv
futures/um/monthly/klines/tausdt/1m/TAUSDT-1m-2026-03.csv
futures/um/monthly/klines/tausdt/1m/TAUSDT-1m-2026-04.csv
futures/um/monthly/klines/tausdt/1m/TAUSDT-1m-2026-05.csv
futures/um/monthly/klines/tausdt/1m/TAUSDT-1m-2026-06.csv
futures/um/monthly/klines/tausdt/1m/TAUSDT-1m-2026-07.csv
futures/um/monthly/klines/tausdt/1m/TAUSDT-1m-2026-08.csv
futures/um/monthly/klines/thetausdt/1m/THETAUSDT-1m-2020-05.csv
futures/um/monthly/klines/thetausdt/1m/THETAUSDT-1m-2020-06.csv
futures/um/monthly/klines/thetausdt/1m/THETAUSDT-1m-2020-07.csv
futures/um/monthly/klines/thetausdt/1m/THETAUSDT-1m-2020-08.csv
futures/um/monthly/klines/thetausdt/1m/THETAUSDT-1m-2020-09.csv
futures/um/monthly/klines/thetausdt/1m/THETAUSDT-1m-2020-10.csv
futures/um/monthly/klines/thetausdt/1m/THETAUSDT-1m-2020-11.csv
futures/um/monthly/klines/thetausdt/1m/THETAUSDT-1m-2020-12.csv
futures/um/monthly/klines/thetausdt/1m/THETAUSDT-1m-2021-01.csv
futures/um/monthly/klines/thetausdt/1m/THETAUSDT-1m-2021-02.csv
futures/um/monthly/klines/thetausdt/1m/THETAUSDT-1m-2021-03.csv
futures/um/monthly/klines/thetausdt/1m/THETAUSDT-1m-2021-04.csv
futures/um/monthly/klines/thetausdt/1m/THETAUSDT-1m-2021-05.csv
futures/um/monthly/klines/thetausdt/1m/THETAUSDT-1m-2021-06.csv
futures/um/monthly/klines/thetausdt/1m/THETAUSDT-1m-2021-07.csv
futures/um/monthly/klines/thetausdt/1m/THETAUSDT-1m-2021-08.csv
futures/um/monthly/klines/thetausdt/1m/THETAUSDT-1m-2021-09.csv
futures/um/monthly/klines/thetausdt/1m/THETAUSDT-1m-2021-10.csv
futures/um/monthly/klines/thetausdt/1m/THETAUSDT-1m-2021-11.csv
futures/um/monthly/klines/thetausdt/1m/THETAUSDT-1m-2021-12.csv
futures/um/monthly/klines/thetausdt/1m/THETAUSDT-1m-2022-01.csv
futures/um/monthly/klines/thetausdt/1m/THETAUSDT-1m-2022-02.csv
futures/um/monthly/klines/thetausdt/1m/THETAUSDT-1m-2022-03.csv
futures/um/monthly/klines/thetausdt/1m/THETAUSDT-1m-2022-04.csv
futures/um/monthly/klines/thetausdt/1m/THETAUSDT-1m-2022-05.csv
futures/um/monthly/klines/thetausdt/1m/THETAUSDT-1m-2022-06.csv
futures/um/monthly/klines/thetausdt/1m/THETAUSDT-1m-2022-07.csv
futures/um/monthly/klines/thetausdt/1m/THETAUSDT-1m-2022-08.csv
futures/um/monthly/klines/thetausdt/1m/THETAUSDT-1m-2022-09.csv
futures/um/monthly/klines/thetausdt/1m/THETAUSDT-1m-2022-10.csv
futures/um/monthly/klines/thetausdt/1m/THETAUSDT-1m-2022-11.csv
futures/um/monthly/klines/thetausdt/1m/THETAUSDT-1m-2022-12.csv
futures/um/monthly/klines/thetausdt/1m/THETAUSDT-1m-2023-01.csv
futures/um/monthly/klines/thetausdt/1m/THETAUSDT-1m-2023-02.csv
futures/um/monthly/klines/thetausdt/1m/THETAUSDT-1m-2023-03.csv
futures/um/monthly/klines/thetausdt/1m/THETAUSDT-1m-2023-04.csv
futures/um/monthly/klines/thetausdt/1m/THETAUSDT-1m-2023-05.csv
futures/um/monthly/klines/thetausdt/1m/THETAUSDT-1m-2023-06.csv
futures/um/monthly/klines/thetausdt/1m/THETAUSDT-1m-2023-07.csv
futures/um/monthly/klines/thetausdt/1m/THETAUSDT-1m-2023-08.csv
futures/um/monthly/klines/thetausdt/1m/THETAUSDT-1m-2023-09.csv
futures/um/monthly/klines/thetausdt/1m/THETAUSDT-1m-2023-10.csv
futures/um/monthly/klines/thetausdt/1m/THETAUSDT-1m-2023-11.csv
futures/um/monthly/klines/thetausdt/1m/THETAUSDT-1m-2023-12.csv
futures/um/monthly/klines/thetausdt/1m/THETAUSDT-1m-2024-01.csv
futures/um/monthly/klines/thetausdt/1m/THETAUSDT-1m-2024-02.csv
futures/um/monthly/klines/thetausdt/1m/THETAUSDT-1m-2024-03.csv
futures/um/monthly/klines/thetausdt/1m/THETAUSDT-1m-2024-04.csv
futures/um/monthly/klines/thetausdt/1m/THETAUSDT-1m-2024-05.csv
futures/um/monthly/klines/thetausdt/1m/THETAUSDT-1m-2024-06.csv
futures/um/monthly/klines/thetausdt/1m/THETAUSDT-1m-2024-07.csv
futures/um/monthly/klines/thetausdt/1m/THETAUSDT-1m-2024-08.csv
futures/um/monthly/klines/thetausdt/1m/THETAUSDT-1m-2024-09.csv
futures/um/monthly/klines/thetausdt/1m/THETAUSDT-1m-2024-10.csv
futures/um/monthly/klines/thetausdt/1m/THETAUSDT-1m-2024-11.csv
futures/um/monthly/klines/thetausdt/1m/THETAUSDT-1m-2024-12.csv
futures/um/monthly/klines/thetausdt/1m/THETAUSDT-1m-2025-01.csv
futures/um/monthly/klines/thetausdt/1m/THETAUSDT-1m-2025-02.csv
futures/um/monthly/klines/thetausdt/1m/THETAUSDT-1m-2025-03.csv
futures/um/monthly/klines/thetausdt/1m/THETAUSDT-1m-2025-04.csv
futures/um/monthly/klines/thetausdt/1m/THETAUSDT-1m-2025-05.csv
futures/um/monthly/klines/thetausdt/1m/THETAUSDT-1m-2025-06.csv
futures/um/monthly/klines/thetausdt/1m/THETAUSDT-1m-2025-07.csv
futures/um/monthly/klines/thetausdt/1m/THETAUSDT-1m-2025-08.csv
futures/um/monthly/klines/thetausdt/1m/THETAUSDT-1m-2025-09.csv
futures/um/monthly/klines/thetausdt/1m/THETAUSDT-1m-2025-10.csv
futures/um/monthly/klines/thetausdt/1m/THETAUSDT-1m-2025-11.csv
futures/um/monthly/klines/thetausdt/1m/THETAUSDT-1m-2025-12.csv
futures/um/monthly/klines/thetausdt/1m/THETAUSDT-1m-2026-01.csv
futures/um/monthly/klines/thetausdt/1m/THETAUSDT-1m-2026-02.csv
futures/um/monthly/klines/thetausdt/1m/THETAUSDT-1m-2026-03.csv
futures/um/monthly/klines/thetausdt/1m/THETAUSDT-1m-2026-04.csv
futures/um/monthly/klines/thetausdt/1m/THETAUSDT-1m-2026-05.csv
futures/um/monthly/klines/thetausdt/1m/THETAUSDT-1m-2026-06.csv
futures/um/monthly/klines/thetausdt/1m/THETAUSDT-1m-2026-07.csv
futures/um/monthly/klines/thetausdt/1m/THETAUSDT-1m-2026-08.csv
futures/um/monthly/klines/theusdt/1m/THEUSDT-1m-2024-11.csv
futures/um/monthly/klines/theusdt/1m/THEUSDT-1m-2024-12.csv
futures/um/monthly/klines/theusdt/1m/THEUSDT-1m-2025-01.csv
futures/um/monthly/klines/theusdt/1m/THEUSDT-1m-2025-02.csv
futures/um/monthly/klines/theusdt/1m/THEUSDT-1m-2025-03.csv
futures/um/monthly/klines/theusdt/1m/THEUSDT-1m-2025-04.csv
futures/um/monthly/klines/theusdt/1m/THEUSDT-1m-2025-05.csv
futures/um/monthly/klines/theusdt/1m/THEUSDT-1m-2025-06.csv
futures/um/monthly/klines/theusdt/1m/THEUSDT-1m-2025-07.csv
futures/um/monthly/klines/theusdt/1m/THEUSDT-1m-2025-08.csv
futures/um/monthly/klines/theusdt/1m/THEUSDT-1m-2025-09.csv
futures/um/monthly/klines/theusdt/1m/THEUSDT-1m-2025-10.csv
futures/um/monthly/klines/theusdt/1m/THEUSDT-1m-2025-11.csv
futures/um/monthly/klines/theusdt/1m/THEUSDT-1m-2025-12.csv
futures/um/monthly/klines/theusdt/1m/THEUSDT-1m-2026-01.csv
futures/um/monthly/klines/theusdt/1m/THEUSDT-1m-2026-02.csv
futures/um/monthly/klines/theusdt/1m/THEUSDT-1m-2026-03.csv
futures/um/monthly/klines/theusdt/1m/THEUSDT-1m-2026-04.csv
futures/um/monthly/klines/theusdt/1m/THEUSDT-1m-2026-05.csv
futures/um/monthly/klines/theusdt/1m/THEUSDT-1m-2026-06.csv
futures/um/monthly/klines/theusdt/1m/THEUSDT-1m-2026-07.csv
futures/um/monthly/klines/theusdt/1m/THEUSDT-1m-2026-08.csv
futures/um/monthly/klines/tiausdt/1m/TIAUSDT-1m-2023-10.csv
futures/um/monthly/klines/tiausdt/1m/TIAUSDT-1m-2023-11.csv
futures/um/monthly/klines/tiausdt/1m/TIAUSDT-1m-2023-12.csv
futures/um/monthly/klines/tiausdt/1m/TIAUSDT-1m-2024-01.csv
futures/um/monthly/klines/tiausdt/1m/TIAUSDT-1m-2024-02.csv
futures/um/monthly/klines/tiausdt/1m/TIAUSDT-1m-2024-03.csv
futures/um/monthly/klines/tiausdt/1m/TIAUSDT-1m-2024-04.csv
futures/um/monthly/klines/tiausdt/1m/TIAUSDT-1m-2024-05.csv
futures/um/monthly/klines/tiausdt/1m/TIAUSDT-1m-2024-06.csv
futures/um/monthly/klines/tiausdt/1m/TIAUSDT-1m-2024-07.csv
futures/um/monthly/klines/tiausdt/1m/TIAUSDT-1m-2024-08.csv
futures/um/monthly/klines/tiausdt/1m/TIAUSDT-1m-2024-09.csv
futures/um/monthly/klines/tiausdt/1m/TIAUSDT-1m-2024-10.csv
futures/um/monthly/klines/tiausdt/1m/TIAUSDT-1m-2024-11.csv
futures/um/monthly/klines/tiausdt/1m/TIAUSDT-1m-2024-12.csv
futures/um/monthly/klines/tiausdt/1m/TIAUSDT-1m-2025-01.csv
futures/um/monthly/klines/tiausdt/1m/TIAUSDT-1m-2025-02.csv
futures/um/monthly/klines/tiausdt/1m/TIAUSDT-1m-2025-03.csv
futures/um/monthly/klines/tiausdt/1m/TIAUSDT-1m-2025-04.csv
futures/um/monthly/klines/tiausdt/1m/TIAUSDT-1m-2025-05.csv
futures/um/monthly/klines/tiausdt/1m/TIAUSDT-1m-2025-06.csv
futures/um/monthly/klines/tiausdt/1m/TIAUSDT-1m-2025-07.csv
futures/um/monthly/klines/tiausdt/1m/TIAUSDT-1m-2025-08.csv
futures/um/monthly/klines/tiausdt/1m/TIAUSDT-1m-2025-09.csv
futures/um/monthly/klines/tiausdt/1m/TIAUSDT-1m-2025-10.csv
futures/um/monthly/klines/tiausdt/1m/TIAUSDT-1m-2025-11.csv
futures/um/monthly/klines/tiausdt/1m/TIAUSDT-1m-2025-12.csv
futures/um/monthly/klines/tiausdt/1m/TIAUSDT-1m-2026-01.csv
futures/um/monthly/klines/tiausdt/1m/TIAUSDT-1m-2026-02.csv
futures/um/monthly/klines/tiausdt/1m/TIAUSDT-1m-2026-03.csv
futures/um/monthly/klines/tiausdt/1m/TIAUSDT-1m-2026-04.csv
futures/um/monthly/klines/tiausdt/1m/TIAUSDT-1m-2026-05.csv
futures/um/monthly/klines/tiausdt/1m/TIAUSDT-1m-2026-06.csv
futures/um/monthly/klines/tiausdt/1m/TIAUSDT-1m-2026-07.csv
futures/um/monthly/klines/tiausdt/1m/TIAUSDT-1m-2026-08.csv
futures/um/monthly/klines/tlmusdt/1m/TLMUSDT-1m-2021-07.csv
futures/um/monthly/klines/tlmusdt/1m/TLMUSDT-1m-2021-08.csv
futures/um/monthly/klines/tlmusdt/1m/TLMUSDT-1m-2021-09.csv
futures/um/monthly/klines/tlmusdt/1m/TLMUSDT-1m-2021-10.csv
futures/um/monthly/klines/tlmusdt/1m/TLMUSDT-1m-2021-11.csv
futures/um/monthly/klines/tlmusdt/1m/TLMUSDT-1m-2021-12.csv
futures/um/monthly/klines/tlmusdt/1m/TLMUSDT-1m-2022-01.csv
futures/um/monthly/klines/tlmusdt/1m/TLMUSDT-1m-2022-02.csv
futures/um/monthly/klines/tlmusdt/1m/TLMUSDT-1m-2022-03.csv
futures/um/monthly/klines/tlmusdt/1m/TLMUSDT-1m-2022-04.csv
futures/um/monthly/klines/tlmusdt/1m/TLMUSDT-1m-2022-05.csv
futures/um/monthly/klines/tlmusdt/1m/TLMUSDT-1m-2022-06.csv
futures/um/monthly/klines/tlmusdt/1m/TLMUSDT-1m-2022-07.csv
futures/um/monthly/klines/tlmusdt/1m/TLMUSDT-1m-2022-08.csv
futures/um/monthly/klines/tlmusdt/1m/TLMUSDT-1m-2022-09.csv
futures/um/monthly/klines/tlmusdt/1m/TLMUSDT-1m-2022-10.csv
futures/um/monthly/klines/tlmusdt/1m/TLMUSDT-1m-2022-11.csv
futures/um/monthly/klines/tlmusdt/1m/TLMUSDT-1m-2022-12.csv
futures/um/monthly/klines/tlmusdt/1m/TLMUSDT-1m-2023-01.csv
futures/um/monthly/klines/tlmusdt/1m/TLMUSDT-1m-2023-02.csv
futures/um/monthly/klines/tlmusdt/1m/TLMUSDT-1m-2023-03.csv
futures/um/monthly/klines/tlmusdt/1m/TLMUSDT-1m-2023-04.csv
futures/um/monthly/klines/tlmusdt/1m/TLMUSDT-1m-2023-05.csv
futures/um/monthly/klines/tlmusdt/1m/TLMUSDT-1m-2023-06.csv
futures/um/monthly/klines/tlmusdt/1m/TLMUSDT-1m-2023-07.csv
futures/um/monthly/klines/tlmusdt/1m/TLMUSDT-1m-2023-08.csv
futures/um/monthly/klines/tlmusdt/1m/TLMUSDT-1m-2023-09.csv
futures/um/monthly/klines/tlmusdt/1m/TLMUSDT-1m-2023-10.csv
futures/um/monthly/klines/tlmusdt/1m/TLMUSDT-1m-2023-11.csv
futures/um/monthly/klines/tlmusdt/1m/TLMUSDT-1m-2023-12.csv
futures/um/monthly/klines/tlmusdt/1m/TLMUSDT-1m-2024-01.csv
futures/um/monthly/klines/tlmusdt/1m/TLMUSDT-1m-2024-02.csv
futures/um/monthly/klines/tlmusdt/1m/TLMUSDT-1m-2024-03.csv
futures/um/monthly/klines/tlmusdt/1m/TLMUSDT-1m-2024-04.csv
futures/um/monthly/klines/tlmusdt/1m/TLMUSDT-1m-2024-05.csv
futures/um/monthly/klines/tlmusdt/1m/TLMUSDT-1m-2024-06.csv
futures/um/monthly/klines/tlmusdt/1m/TLMUSDT-1m-2024-07.csv
futures/um/monthly/klines/tlmusdt/1m/TLMUSDT-1m-2024-08.csv
futures/um/monthly/klines/tlmusdt/1m/TLMUSDT-1m-2024-09.csv
futures/um/monthly/klines/tlmusdt/1m/TLMUSDT-1m-2024-10.csv
futures/um/monthly/klines/tlmusdt/1m/TLMUSDT-1m-2024-11.csv
futures/um/monthly/klines/tlmusdt/1m/TLMUSDT-1m-2024-12.csv
futures/um/monthly/klines/tlmusdt/1m/TLMUSDT-1m-2025-01.csv
futures/um/monthly/klines/tlmusdt/1m/TLMUSDT-1m-2025-02.csv
futures/um/monthly/klines/tlmusdt/1m/TLMUSDT-1m-2025-03.csv
futures/um/monthly/klines/tlmusdt/1m/TLMUSDT-1m-2025-04.csv
futures/um/monthly/klines/tlmusdt/1m/TLMUSDT-1m-2025-05.csv
futures/um/monthly/klines/tlmusdt/1m/TLMUSDT-1m-2025-06.csv
futures/um/monthly/klines/tlmusdt/1m/TLMUSDT-1m-2025-07.csv
futures/um/monthly/klines/tlmusdt/1m/TLMUSDT-1m-2025-08.csv
futures/um/monthly/klines/tlmusdt/1m/TLMUSDT-1m-2025-09.csv
futures/um/monthly/klines/tlmusdt/1m/TLMUSDT-1m-2025-10.csv
futures/um/monthly/klines/tlmusdt/1m/TLMUSDT-1m-2025-11.csv
futures/um/monthly/klines/tlmusdt/1m/TLMUSDT-1m-2025-12.csv
futures/um/monthly/klines/tlmusdt/1m/TLMUSDT-1m-2026-01.csv
futures/um/monthly/klines/tlmusdt/1m/TLMUSDT-1m-2026-02.csv
futures/um/monthly/klines/tlmusdt/1m/TLMUSDT-1m-2026-03.csv
futures/um/monthly/klines/tlmusdt/1m/TLMUSDT-1m-2026-04.csv
futures/um/monthly/klines/tlmusdt/1m/TLMUSDT-1m-2026-05.csv
futures/um/monthly/klines/tlmusdt/1m/TLMUSDT-1m-2026-06.csv
futures/um/monthly/klines/tlmusdt/1m/TLMUSDT-1m-2026-07.csv
futures/um/monthly/klines/tlmusdt/1m/TLMUSDT-1m-2026-08.csv
futures/um/monthly/klines/tnsrusdt/1m/TNSRUSDT-1m-2024-04.csv
futures/um/monthly/klines/tnsrusdt/1m/TNSRUSDT-1m-2024-05.csv
futures/um/monthly/klines/tnsrusdt/1m/TNSRUSDT-1m-2024-06.csv
futures/um/monthly/klines/tnsrusdt/1m/TNSRUSDT-1m-2024-07.csv
futures/um/monthly/klines/tnsrusdt/1m/TNSRUSDT-1m-2024-08.csv
futures/um/monthly/klines/tnsrusdt/1m/TNSRUSDT-1m-2024-09.csv
futures/um/monthly/klines/tnsrusdt/1m/TNSRUSDT-1m-2024-10.csv
futures/um/monthly/klines/tnsrusdt/1m/TNSRUSDT-1m-2024-11.csv
futures/um/monthly/klines/tnsrusdt/1m/TNSRUSDT-1m-2024-12.csv
futures/um/monthly/klines/tnsrusdt/1m/TNSRUSDT-1m-2025-01.csv
futures/um/monthly/klines/tnsrusdt/1m/TNSRUSDT-1m-2025-02.csv
futures/um/monthly/klines/tnsrusdt/1m/TNSRUSDT-1m-2025-03.csv
futures/um/monthly/klines/tnsrusdt/1m/TNSRUSDT-1m-2025-04.csv
futures/um/monthly/klines/tnsrusdt/1m/TNSRUSDT-1m-2025-05.csv
futures/um/monthly/klines/tnsrusdt/1m/TNSRUSDT-1m-2025-06.csv
futures/um/monthly/klines/tnsrusdt/1m/TNSRUSDT-1m-2025-07.csv
futures/um/monthly/klines/tnsrusdt/1m/TNSRUSDT-1m-2025-08.csv
futures/um/monthly/klines/tnsrusdt/1m/TNSRUSDT-1m-2025-09.csv
futures/um/monthly/klines/tnsrusdt/1m/TNSRUSDT-1m-2025-10.csv
futures/um/monthly/klines/tnsrusdt/1m/TNSRUSDT-1m-2025-11.csv
futures/um/monthly/klines/tnsrusdt/1m/TNSRUSDT-1m-2025-12.csv
futures/um/monthly/klines/tnsrusdt/1m/TNSRUSDT-1m-2026-01.csv
futures/um/monthly/klines/tnsrusdt/1m/TNSRUSDT-1m-2026-02.csv
futures/um/monthly/klines/tnsrusdt/1m/TNSRUSDT-1m-2026-03.csv
futures/um/monthly/klines/tnsrusdt/1m/TNSRUSDT-1m-2026-04.csv
futures/um/monthly/klines/tnsrusdt/1m/TNSRUSDT-1m-2026-05.csv
futures/um/monthly/klines/tnsrusdt/1m/TNSRUSDT-1m-2026-06.csv
futures/um/monthly/klines/tnsrusdt/1m/TNSRUSDT-1m-2026-07.csv
futures/um/monthly/klines/tnsrusdt/1m/TNSRUSDT-1m-2026-08.csv
futures/um/monthly/klines/toshiusdt/1m/TOSHIUSDT-1m-2025-09.csv
futures/um/monthly/klines/toshiusdt/1m/TOSHIUSDT-1m-2025-10.csv
futures/um/monthly/klines/toshiusdt/1m/TOSHIUSDT-1m-2025-11.csv
futures/um/monthly/klines/toshiusdt/1m/TOSHIUSDT-1m-2025-12.csv
futures/um/monthly/klines/toshiusdt/1m/TOSHIUSDT-1m-2026-01.csv
futures/um/monthly/klines/toshiusdt/1m/TOSHIUSDT-1m-2026-02.csv
futures/um/monthly/klines/toshiusdt/1m/TOSHIUSDT-1m-2026-03.csv
futures/um/monthly/klines/toshiusdt/1m/TOSHIUSDT-1m-2026-04.csv
futures/um/monthly/klines/toshiusdt/1m/TOSHIUSDT-1m-2026-05.csv
futures/um/monthly/klines/toshiusdt/1m/TOSHIUSDT-1m-2026-06.csv
futures/um/monthly/klines/toshiusdt/1m/TOSHIUSDT-1m-2026-07.csv
futures/um/monthly/klines/toshiusdt/1m/TOSHIUSDT-1m-2026-08.csv
futures/um/monthly/klines/townsusdt/1m/TOWNSUSDT-1m-2025-08.csv
futures/um/monthly/klines/townsusdt/1m/TOWNSUSDT-1m-2025-09.csv
futures/um/monthly/klines/townsusdt/1m/TOWNSUSDT-1m-2025-10.csv
futures/um/monthly/klines/townsusdt/1m/TOWNSUSDT-1m-2025-11.csv
futures/um/monthly/klines/townsusdt/1m/TOWNSUSDT-1m-2025-12.csv
futures/um/monthly/klines/townsusdt/1m/TOWNSUSDT-1m-2026-01.csv
futures/um/monthly/klines/townsusdt/1m/TOWNSUSDT-1m-2026-02.csv
futures/um/monthly/klines/townsusdt/1m/TOWNSUSDT-1m-2026-03.csv
futures/um/monthly/klines/townsusdt/1m/TOWNSUSDT-1m-2026-04.csv
futures/um/monthly/klines/townsusdt/1m/TOWNSUSDT-1m-2026-05.csv
futures/um/monthly/klines/townsusdt/1m/TOWNSUSDT-1m-2026-06.csv
futures/um/monthly/klines/townsusdt/1m/TOWNSUSDT-1m-2026-07.csv
futures/um/monthly/klines/townsusdt/1m/TOWNSUSDT-1m-2026-08.csv
futures/um/monthly/klines/tradoorusdt/1m/TRADOORUSDT-1m-2025-09.csv
futures/um/monthly/klines/tradoorusdt/1m/TRADOORUSDT-1m-2025-10.csv
futures/um/monthly/klines/tradoorusdt/1m/TRADOORUSDT-1m-2025-11.csv
futures/um/monthly/klines/tradoorusdt/1m/TRADOORUSDT-1m-2025-12.csv
futures/um/monthly/klines/tradoorusdt/1m/TRADOORUSDT-1m-2026-01.csv
futures/um/monthly/klines/tradoorusdt/1m/TRADOORUSDT-1m-2026-02.csv
futures/um/monthly/klines/tradoorusdt/1m/TRADOORUSDT-1m-2026-03.csv
futures/um/monthly/klines/tradoorusdt/1m/TRADOORUSDT-1m-2026-04.csv
futures/um/monthly/klines/tradoorusdt/1m/TRADOORUSDT-1m-2026-05.csv
futures/um/monthly/klines/tradoorusdt/1m/TRADOORUSDT-1m-2026-06.csv
futures/um/monthly/klines/tradoorusdt/1m/TRADOORUSDT-1m-2026-07.csv
futures/um/monthly/klines/tradoorusdt/1m/TRADOORUSDT-1m-2026-08.csv
futures/um/monthly/klines/trbusdt/1m/TRBUSDT-1m-2020-09.csv
futures/um/monthly/klines/trbusdt/1m/TRBUSDT-1m-2020-10.csv
futures/um/monthly/klines/trbusdt/1m/TRBUSDT-1m-2020-11.csv
futures/um/monthly/klines/trbusdt/1m/TRBUSDT-1m-2020-12.csv
futures/um/monthly/klines/trbusdt/1m/TRBUSDT-1m-2021-01.csv
futures/um/monthly/klines/trbusdt/1m/TRBUSDT-1m-2021-02.csv
futures/um/monthly/klines/trbusdt/1m/TRBUSDT-1m-2021-03.csv
futures/um/monthly/klines/trbusdt/1m/TRBUSDT-1m-2021-04.csv
futures/um/monthly/klines/trbusdt/1m/TRBUSDT-1m-2021-05.csv
futures/um/monthly/klines/trbusdt/1m/TRBUSDT-1m-2021-06.csv
futures/um/monthly/klines/trbusdt/1m/TRBUSDT-1m-2021-07.csv
futures/um/monthly/klines/trbusdt/1m/TRBUSDT-1m-2021-08.csv
futures/um/monthly/klines/trbusdt/1m/TRBUSDT-1m-2021-09.csv
futures/um/monthly/klines/trbusdt/1m/TRBUSDT-1m-2021-10.csv
futures/um/monthly/klines/trbusdt/1m/TRBUSDT-1m-2021-11.csv
futures/um/monthly/klines/trbusdt/1m/TRBUSDT-1m-2021-12.csv
futures/um/monthly/klines/trbusdt/1m/TRBUSDT-1m-2022-01.csv
futures/um/monthly/klines/trbusdt/1m/TRBUSDT-1m-2022-02.csv
futures/um/monthly/klines/trbusdt/1m/TRBUSDT-1m-2022-03.csv
futures/um/monthly/klines/trbusdt/1m/TRBUSDT-1m-2022-04.csv
futures/um/monthly/klines/trbusdt/1m/TRBUSDT-1m-2022-05.csv
futures/um/monthly/klines/trbusdt/1m/TRBUSDT-1m-2022-06.csv
futures/um/monthly/klines/trbusdt/1m/TRBUSDT-1m-2022-07.csv
futures/um/monthly/klines/trbusdt/1m/TRBUSDT-1m-2022-08.csv
futures/um/monthly/klines/trbusdt/1m/TRBUSDT-1m-2022-09.csv
futures/um/monthly/klines/trbusdt/1m/TRBUSDT-1m-2022-10.csv
futures/um/monthly/klines/trbusdt/1m/TRBUSDT-1m-2022-11.csv
futures/um/monthly/klines/trbusdt/1m/TRBUSDT-1m-2022-12.csv
futures/um/monthly/klines/trbusdt/1m/TRBUSDT-1m-2023-01.csv
futures/um/monthly/klines/trbusdt/1m/TRBUSDT-1m-2023-02.csv
futures/um/monthly/klines/trbusdt/1m/TRBUSDT-1m-2023-03.csv
futures/um/monthly/klines/trbusdt/1m/TRBUSDT-1m-2023-04.csv
futures/um/monthly/klines/trbusdt/1m/TRBUSDT-1m-2023-05.csv
futures/um/monthly/klines/trbusdt/1m/TRBUSDT-1m-2023-06.csv
futures/um/monthly/klines/trbusdt/1m/TRBUSDT-1m-2023-07.csv
futures/um/monthly/klines/trbusdt/1m/TRBUSDT-1m-2023-08.csv
futures/um/monthly/klines/trbusdt/1m/TRBUSDT-1m-2023-09.csv
futures/um/monthly/klines/trbusdt/1m/TRBUSDT-1m-2023-10.csv
futures/um/monthly/klines/trbusdt/1m/TRBUSDT-1m-2023-11.csv
futures/um/monthly/klines/trbusdt/1m/TRBUSDT-1m-2023-12.csv
futures/um/monthly/klines/trbusdt/1m/TRBUSDT-1m-2024-01.csv
futures/um/monthly/klines/trbusdt/1m/TRBUSDT-1m-2024-02.csv
futures/um/monthly/klines/trbusdt/1m/TRBUSDT-1m-2024-03.csv
futures/um/monthly/klines/trbusdt/1m/TRBUSDT-1m-2024-04.csv
futures/um/monthly/klines/trbusdt/1m/TRBUSDT-1m-2024-05.csv
futures/um/monthly/klines/trbusdt/1m/TRBUSDT-1m-2024-06.csv
futures/um/monthly/klines/trbusdt/1m/TRBUSDT-1m-2024-07.csv
futures/um/monthly/klines/trbusdt/1m/TRBUSDT-1m-2024-08.csv
futures/um/monthly/klines/trbusdt/1m/TRBUSDT-1m-2024-09.csv
futures/um/monthly/klines/trbusdt/1m/TRBUSDT-1m-2024-10.csv
futures/um/monthly/klines/trbusdt/1m/TRBUSDT-1m-2024-11.csv
futures/um/monthly/klines/trbusdt/1m/TRBUSDT-1m-2024-12.csv
futures/um/monthly/klines/trbusdt/1m/TRBUSDT-1m-2025-01.csv
futures/um/monthly/klines/trbusdt/1m/TRBUSDT-1m-2025-02.csv
futures/um/monthly/klines/trbusdt/1m/TRBUSDT-1m-2025-03.csv
futures/um/monthly/klines/trbusdt/1m/TRBUSDT-1m-2025-04.csv
futures/um/monthly/klines/trbusdt/1m/TRBUSDT-1m-2025-05.csv
futures/um/monthly/klines/trbusdt/1m/TRBUSDT-1m-2025-06.csv
futures/um/monthly/klines/trbusdt/1m/TRBUSDT-1m-2025-07.csv
futures/um/monthly/klines/trbusdt/1m/TRBUSDT-1m-2025-08.csv
futures/um/monthly/klines/trbusdt/1m/TRBUSDT-1m-2025-09.csv
futures/um/monthly/klines/trbusdt/1m/TRBUSDT-1m-2025-10.csv
futures/um/monthly/klines/trbusdt/1m/TRBUSDT-1m-2025-11.csv
futures/um/monthly/klines/trbusdt/1m/TRBUSDT-1m-2025-12.csv
futures/um/monthly/klines/trbusdt/1m/TRBUSDT-1m-2026-01.csv
futures/um/monthly/klines/trbusdt/1m/TRBUSDT-1m-2026-02.csv
futures/um/monthly/klines/trbusdt/1m/TRBUSDT-1m-2026-03.csv
futures/um/monthly/klines/trbusdt/1m/TRBUSDT-1m-2026-04.csv
futures/um/monthly/klines/trbusdt/1m/TRBUSDT-1m-2026-05.csv
futures/um/monthly/klines/trbusdt/1m/TRBUSDT-1m-2026-06.csv
futures/um/monthly/klines/trbusdt/1m/TRBUSDT-1m-2026-07.csv
futures/um/monthly/klines/trbusdt/1m/TRBUSDT-1m-2026-08.csv
futures/um/monthly/klines/treeusdt/1m/TREEUSDT-1m-2025-07.csv
futures/um/monthly/klines/treeusdt/1m/TREEUSDT-1m-2025-08.csv
futures/um/monthly/klines/treeusdt/1m/TREEUSDT-1m-2025-09.csv
futures/um/monthly/klines/treeusdt/1m/TREEUSDT-1m-2025-10.csv
futures/um/monthly/klines/treeusdt/1m/TREEUSDT-1m-2025-11.csv
futures/um/monthly/klines/treeusdt/1m/TREEUSDT-1m-2025-12.csv
futures/um/monthly/klines/treeusdt/1m/TREEUSDT-1m-2026-01.csv
futures/um/monthly/klines/treeusdt/1m/TREEUSDT-1m-2026-02.csv
futures/um/monthly/klines/treeusdt/1m/TREEUSDT-1m-2026-03.csv
futures/um/monthly/klines/treeusdt/1m/TREEUSDT-1m-2026-04.csv
futures/um/monthly/klines/treeusdt/1m/TREEUSDT-1m-2026-05.csv
futures/um/monthly/klines/treeusdt/1m/TREEUSDT-1m-2026-06.csv
futures/um/monthly/klines/treeusdt/1m/TREEUSDT-1m-2026-07.csv
futures/um/monthly/klines/treeusdt/1m/TREEUSDT-1m-2026-08.csv
futures/um/monthly/klines/triausdt/1m/TRIAUSDT-1m-2026-02.csv
futures/um/monthly/klines/triausdt/1m/TRIAUSDT-1m-2026-03.csv
futures/um/monthly/klines/triausdt/1m/TRIAUSDT-1m-2026-04.csv
futures/um/monthly/klines/triausdt/1m/TRIAUSDT-1m-2026-05.csv
futures/um/monthly/klines/triausdt/1m/TRIAUSDT-1m-2026-06.csv
futures/um/monthly/klines/triausdt/1m/TRIAUSDT-1m-2026-07.csv
futures/um/monthly/klines/triausdt/1m/TRIAUSDT-1m-2026-08.csv
futures/um/monthly/klines/trumpusdt/1m/TRUMPUSDT-1m-2025-01.csv
futures/um/monthly/klines/trumpusdt/1m/TRUMPUSDT-1m-2025-02.csv
futures/um/monthly/klines/trumpusdt/1m/TRUMPUSDT-1m-2025-03.csv
futures/um/monthly/klines/trumpusdt/1m/TRUMPUSDT-1m-2025-04.csv
futures/um/monthly/klines/trumpusdt/1m/TRUMPUSDT-1m-2025-05.csv
futures/um/monthly/klines/trumpusdt/1m/TRUMPUSDT-1m-2025-06.csv
futures/um/monthly/klines/trumpusdt/1m/TRUMPUSDT-1m-2025-07.csv
futures/um/monthly/klines/trumpusdt/1m/TRUMPUSDT-1m-2025-08.csv
futures/um/monthly/klines/trumpusdt/1m/TRUMPUSDT-1m-2025-09.csv
futures/um/monthly/klines/trumpusdt/1m/TRUMPUSDT-1m-2025-10.csv
futures/um/monthly/klines/trumpusdt/1m/TRUMPUSDT-1m-2025-11.csv
futures/um/monthly/klines/trumpusdt/1m/TRUMPUSDT-1m-2025-12.csv
futures/um/monthly/klines/trumpusdt/1m/TRUMPUSDT-1m-2026-01.csv
futures/um/monthly/klines/trumpusdt/1m/TRUMPUSDT-1m-2026-02.csv
futures/um/monthly/klines/trumpusdt/1m/TRUMPUSDT-1m-2026-03.csv
futures/um/monthly/klines/trumpusdt/1m/TRUMPUSDT-1m-2026-04.csv
futures/um/monthly/klines/trumpusdt/1m/TRUMPUSDT-1m-2026-05.csv
futures/um/monthly/klines/trumpusdt/1m/TRUMPUSDT-1m-2026-06.csv
futures/um/monthly/klines/trumpusdt/1m/TRUMPUSDT-1m-2026-07.csv
futures/um/monthly/klines/trumpusdt/1m/TRUMPUSDT-1m-2026-08.csv
futures/um/monthly/klines/trustusdt/1m/TRUSTUSDT-1m-2025-11.csv
futures/um/monthly/klines/trustusdt/1m/TRUSTUSDT-1m-2025-12.csv
futures/um/monthly/klines/trustusdt/1m/TRUSTUSDT-1m-2026-01.csv
futures/um/monthly/klines/trustusdt/1m/TRUSTUSDT-1m-2026-02.csv
futures/um/monthly/klines/trustusdt/1m/TRUSTUSDT-1m-2026-03.csv
futures/um/monthly/klines/trustusdt/1m/TRUSTUSDT-1m-2026-04.csv
futures/um/monthly/klines/trustusdt/1m/TRUSTUSDT-1m-2026-05.csv
futures/um/monthly/klines/trustusdt/1m/TRUSTUSDT-1m-2026-06.csv
futures/um/monthly/klines/trustusdt/1m/TRUSTUSDT-1m-2026-07.csv
futures/um/monthly/klines/trustusdt/1m/TRUSTUSDT-1m-2026-08.csv
futures/um/monthly/klines/truthusdt/1m/TRUTHUSDT-1m-2025-10.csv
futures/um/monthly/klines/truthusdt/1m/TRUTHUSDT-1m-2025-11.csv
futures/um/monthly/klines/truthusdt/1m/TRUTHUSDT-1m-2025-12.csv
futures/um/monthly/klines/truthusdt/1m/TRUTHUSDT-1m-2026-01.csv
futures/um/monthly/klines/truthusdt/1m/TRUTHUSDT-1m-2026-02.csv
futures/um/monthly/klines/truthusdt/1m/TRUTHUSDT-1m-2026-03.csv
futures/um/monthly/klines/truthusdt/1m/TRUTHUSDT-1m-2026-04.csv
futures/um/monthly/klines/truthusdt/1m/TRUTHUSDT-1m-2026-05.csv
futures/um/monthly/klines/truthusdt/1m/TRUTHUSDT-1m-2026-06.csv
futures/um/monthly/klines/truthusdt/1m/TRUTHUSDT-1m-2026-07.csv
futures/um/monthly/klines/truthusdt/1m/TRUTHUSDT-1m-2026-08.csv
futures/um/monthly/klines/trxusdt/1m/TRXUSDT-1m-2020-01.csv
futures/um/monthly/klines/trxusdt/1m/TRXUSDT-1m-2020-02.csv
futures/um/monthly/klines/trxusdt/1m/TRXUSDT-1m-2020-03.csv
futures/um/monthly/klines/trxusdt/1m/TRXUSDT-1m-2020-04.csv
futures/um/monthly/klines/trxusdt/1m/TRXUSDT-1m-2020-05.csv
futures/um/monthly/klines/trxusdt/1m/TRXUSDT-1m-2020-06.csv
futures/um/monthly/klines/trxusdt/1m/TRXUSDT-1m-2020-07.csv
futures/um/monthly/klines/trxusdt/1m/TRXUSDT-1m-2020-08.csv
futures/um/monthly/klines/trxusdt/1m/TRXUSDT-1m-2020-09.csv
futures/um/monthly/klines/trxusdt/1m/TRXUSDT-1m-2020-10.csv
futures/um/monthly/klines/trxusdt/1m/TRXUSDT-1m-2020-11.csv
futures/um/monthly/klines/trxusdt/1m/TRXUSDT-1m-2020-12.csv
futures/um/monthly/klines/trxusdt/1m/TRXUSDT-1m-2021-01.csv
futures/um/monthly/klines/trxusdt/1m/TRXUSDT-1m-2021-02.csv
futures/um/monthly/klines/trxusdt/1m/TRXUSDT-1m-2021-03.csv
futures/um/monthly/klines/trxusdt/1m/TRXUSDT-1m-2021-04.csv
futures/um/monthly/klines/trxusdt/1m/TRXUSDT-1m-2021-05.csv
futures/um/monthly/klines/trxusdt/1m/TRXUSDT-1m-2021-06.csv
futures/um/monthly/klines/trxusdt/1m/TRXUSDT-1m-2021-07.csv
futures/um/monthly/klines/trxusdt/1m/TRXUSDT-1m-2021-08.csv
futures/um/monthly/klines/trxusdt/1m/TRXUSDT-1m-2021-09.csv
futures/um/monthly/klines/trxusdt/1m/TRXUSDT-1m-2021-10.csv
futures/um/monthly/klines/trxusdt/1m/TRXUSDT-1m-2021-11.csv
futures/um/monthly/klines/trxusdt/1m/TRXUSDT-1m-2021-12.csv
futures/um/monthly/klines/trxusdt/1m/TRXUSDT-1m-2022-01.csv
futures/um/monthly/klines/trxusdt/1m/TRXUSDT-1m-2022-02.csv
futures/um/monthly/klines/trxusdt/1m/TRXUSDT-1m-2022-03.csv
futures/um/monthly/klines/trxusdt/1m/TRXUSDT-1m-2022-04.csv
futures/um/monthly/klines/trxusdt/1m/TRXUSDT-1m-2022-05.csv
futures/um/monthly/klines/trxusdt/1m/TRXUSDT-1m-2022-06.csv
futures/um/monthly/klines/trxusdt/1m/TRXUSDT-1m-2022-07.csv
futures/um/monthly/klines/trxusdt/1m/TRXUSDT-1m-2022-08.csv
futures/um/monthly/klines/trxusdt/1m/TRXUSDT-1m-2022-09.csv
futures/um/monthly/klines/trxusdt/1m/TRXUSDT-1m-2022-10.csv
futures/um/monthly/klines/trxusdt/1m/TRXUSDT-1m-2022-11.csv
futures/um/monthly/klines/trxusdt/1m/TRXUSDT-1m-2022-12.csv
futures/um/monthly/klines/trxusdt/1m/TRXUSDT-1m-2023-01.csv
futures/um/monthly/klines/trxusdt/1m/TRXUSDT-1m-2023-02.csv
futures/um/monthly/klines/trxusdt/1m/TRXUSDT-1m-2023-03.csv
futures/um/monthly/klines/trxusdt/1m/TRXUSDT-1m-2023-04.csv
futures/um/monthly/klines/trxusdt/1m/TRXUSDT-1m-2023-05.csv
futures/um/monthly/klines/trxusdt/1m/TRXUSDT-1m-2023-06.csv
futures/um/monthly/klines/trxusdt/1m/TRXUSDT-1m-2023-07.csv
futures/um/monthly/klines/trxusdt/1m/TRXUSDT-1m-2023-08.csv
futures/um/monthly/klines/trxusdt/1m/TRXUSDT-1m-2023-09.csv
futures/um/monthly/klines/trxusdt/1m/TRXUSDT-1m-2023-10.csv
futures/um/monthly/klines/trxusdt/1m/TRXUSDT-1m-2023-11.csv
futures/um/monthly/klines/trxusdt/1m/TRXUSDT-1m-2023-12.csv
futures/um/monthly/klines/trxusdt/1m/TRXUSDT-1m-2024-01.csv
futures/um/monthly/klines/trxusdt/1m/TRXUSDT-1m-2024-02.csv
futures/um/monthly/klines/trxusdt/1m/TRXUSDT-1m-2024-03.csv
futures/um/monthly/klines/trxusdt/1m/TRXUSDT-1m-2024-04.csv
futures/um/monthly/klines/trxusdt/1m/TRXUSDT-1m-2024-05.csv
futures/um/monthly/klines/trxusdt/1m/TRXUSDT-1m-2024-06.csv
futures/um/monthly/klines/trxusdt/1m/TRXUSDT-1m-2024-07.csv
futures/um/monthly/klines/trxusdt/1m/TRXUSDT-1m-2024-08.csv
futures/um/monthly/klines/trxusdt/1m/TRXUSDT-1m-2024-09.csv
futures/um/monthly/klines/trxusdt/1m/TRXUSDT-1m-2024-10.csv
futures/um/monthly/klines/trxusdt/1m/TRXUSDT-1m-2024-11.csv
futures/um/monthly/klines/trxusdt/1m/TRXUSDT-1m-2024-12.csv
futures/um/monthly/klines/trxusdt/1m/TRXUSDT-1m-2025-01.csv
futures/um/monthly/klines/trxusdt/1m/TRXUSDT-1m-2025-02.csv
futures/um/monthly/klines/trxusdt/1m/TRXUSDT-1m-2025-03.csv
futures/um/monthly/klines/trxusdt/1m/TRXUSDT-1m-2025-04.csv
futures/um/monthly/klines/trxusdt/1m/TRXUSDT-1m-2025-05.csv
futures/um/monthly/klines/trxusdt/1m/TRXUSDT-1m-2025-06.csv
futures/um/monthly/klines/trxusdt/1m/TRXUSDT-1m-2025-07.csv
futures/um/monthly/klines/trxusdt/1m/TRXUSDT-1m-2025-08.csv
futures/um/monthly/klines/trxusdt/1m/TRXUSDT-1m-2025-09.csv
futures/um/monthly/klines/trxusdt/1m/TRXUSDT-1m-2025-10.csv
futures/um/monthly/klines/trxusdt/1m/TRXUSDT-1m-2025-11.csv
futures/um/monthly/klines/trxusdt/1m/TRXUSDT-1m-2025-12.csv
futures/um/monthly/klines/trxusdt/1m/TRXUSDT-1m-2026-01.csv
futures/um/monthly/klines/trxusdt/1m/TRXUSDT-1m-2026-02.csv
futures/um/monthly/klines/trxusdt/1m/TRXUSDT-1m-2026-03.csv
futures/um/monthly/klines/trxusdt/1m/TRXUSDT-1m-2026-04.csv
futures/um/monthly/klines/trxusdt/1m/TRXUSDT-1m-2026-05.csv
futures/um/monthly/klines/trxusdt/1m/TRXUSDT-1m-2026-06.csv
futures/um/monthly/klines/trxusdt/1m/TRXUSDT-1m-2026-07.csv
futures/um/monthly/klines/trxusdt/1m/TRXUSDT-1m-2026-08.csv
futures/um/monthly/klines/tstusdt/1m/TSTUSDT-1m-2025-02.csv
futures/um/monthly/klines/tstusdt/1m/TSTUSDT-1m-2025-03.csv
futures/um/monthly/klines/tstusdt/1m/TSTUSDT-1m-2025-04.csv
futures/um/monthly/klines/tstusdt/1m/TSTUSDT-1m-2025-05.csv
futures/um/monthly/klines/tstusdt/1m/TSTUSDT-1m-2025-06.csv
futures/um/monthly/klines/tstusdt/1m/TSTUSDT-1m-2025-07.csv
futures/um/monthly/klines/tstusdt/1m/TSTUSDT-1m-2025-08.csv
futures/um/monthly/klines/tstusdt/1m/TSTUSDT-1m-2025-09.csv
futures/um/monthly/klines/tstusdt/1m/TSTUSDT-1m-2025-10.csv
futures/um/monthly/klines/tstusdt/1m/TSTUSDT-1m-2025-11.csv
futures/um/monthly/klines/tstusdt/1m/TSTUSDT-1m-2025-12.csv
futures/um/monthly/klines/tstusdt/1m/TSTUSDT-1m-2026-01.csv
futures/um/monthly/klines/tstusdt/1m/TSTUSDT-1m-2026-02.csv
futures/um/monthly/klines/tstusdt/1m/TSTUSDT-1m-2026-03.csv
futures/um/monthly/klines/tstusdt/1m/TSTUSDT-1m-2026-04.csv
futures/um/monthly/klines/tstusdt/1m/TSTUSDT-1m-2026-05.csv
futures/um/monthly/klines/tstusdt/1m/TSTUSDT-1m-2026-06.csv
futures/um/monthly/klines/tstusdt/1m/TSTUSDT-1m-2026-07.csv
futures/um/monthly/klines/tstusdt/1m/TSTUSDT-1m-2026-08.csv
futures/um/monthly/klines/turbousdt/1m/TURBOUSDT-1m-2024-05.csv
futures/um/monthly/klines/turbousdt/1m/TURBOUSDT-1m-2024-06.csv
futures/um/monthly/klines/turbousdt/1m/TURBOUSDT-1m-2024-07.csv
futures/um/monthly/klines/turbousdt/1m/TURBOUSDT-1m-2024-08.csv
futures/um/monthly/klines/turbousdt/1m/TURBOUSDT-1m-2024-09.csv
futures/um/monthly/klines/turbousdt/1m/TURBOUSDT-1m-2024-10.csv
futures/um/monthly/klines/turbousdt/1m/TURBOUSDT-1m-2024-11.csv
futures/um/monthly/klines/turbousdt/1m/TURBOUSDT-1m-2024-12.csv
futures/um/monthly/klines/turbousdt/1m/TURBOUSDT-1m-2025-01.csv
futures/um/monthly/klines/turbousdt/1m/TURBOUSDT-1m-2025-02.csv
futures/um/monthly/klines/turbousdt/1m/TURBOUSDT-1m-2025-03.csv
futures/um/monthly/klines/turbousdt/1m/TURBOUSDT-1m-2025-04.csv
futures/um/monthly/klines/turbousdt/1m/TURBOUSDT-1m-2025-05.csv
futures/um/monthly/klines/turbousdt/1m/TURBOUSDT-1m-2025-06.csv
futures/um/monthly/klines/turbousdt/1m/TURBOUSDT-1m-2025-07.csv
futures/um/monthly/klines/turbousdt/1m/TURBOUSDT-1m-2025-08.csv
futures/um/monthly/klines/turbousdt/1m/TURBOUSDT-1m-2025-09.csv
futures/um/monthly/klines/turbousdt/1m/TURBOUSDT-1m-2025-10.csv
futures/um/monthly/klines/turbousdt/1m/TURBOUSDT-1m-2025-11.csv
futures/um/monthly/klines/turbousdt/1m/TURBOUSDT-1m-2025-12.csv
futures/um/monthly/klines/turbousdt/1m/TURBOUSDT-1m-2026-01.csv
futures/um/monthly/klines/turbousdt/1m/TURBOUSDT-1m-2026-02.csv
futures/um/monthly/klines/turbousdt/1m/TURBOUSDT-1m-2026-03.csv
futures/um/monthly/klines/turbousdt/1m/TURBOUSDT-1m-2026-04.csv
futures/um/monthly/klines/turbousdt/1m/TURBOUSDT-1m-2026-05.csv
futures/um/monthly/klines/turbousdt/1m/TURBOUSDT-1m-2026-06.csv
futures/um/monthly/klines/turbousdt/1m/TURBOUSDT-1m-2026-07.csv
futures/um/monthly/klines/turbousdt/1m/TURBOUSDT-1m-2026-08.csv
futures/um/monthly/klines/turtleusdt/1m/TURTLEUSDT-1m-2025-10.csv
futures/um/monthly/klines/turtleusdt/1m/TURTLEUSDT-1m-2025-11.csv
futures/um/monthly/klines/turtleusdt/1m/TURTLEUSDT-1m-2025-12.csv
futures/um/monthly/klines/turtleusdt/1m/TURTLEUSDT-1m-2026-01.csv
futures/um/monthly/klines/turtleusdt/1m/TURTLEUSDT-1m-2026-02.csv
futures/um/monthly/klines/turtleusdt/1m/TURTLEUSDT-1m-2026-03.csv
futures/um/monthly/klines/turtleusdt/1m/TURTLEUSDT-1m-2026-04.csv
futures/um/monthly/klines/turtleusdt/1m/TURTLEUSDT-1m-2026-05.csv
futures/um/monthly/klines/turtleusdt/1m/TURTLEUSDT-1m-2026-06.csv
futures/um/monthly/klines/turtleusdt/1m/TURTLEUSDT-1m-2026-07.csv
futures/um/monthly/klines/turtleusdt/1m/TURTLEUSDT-1m-2026-08.csv
futures/um/monthly/klines/tusdt/1m/TUSDT-1m-2023-02.csv
futures/um/monthly/klines/tusdt/1m/TUSDT-1m-2023-03.csv
futures/um/monthly/klines/tusdt/1m/TUSDT-1m-2023-04.csv
futures/um/monthly/klines/tusdt/1m/TUSDT-1m-2023-05.csv
futures/um/monthly/klines/tusdt/1m/TUSDT-1m-2023-06.csv
futures/um/monthly/klines/tusdt/1m/TUSDT-1m-2023-07.csv
futures/um/monthly/klines/tusdt/1m/TUSDT-1m-2023-08.csv
futures/um/monthly/klines/tusdt/1m/TUSDT-1m-2023-09.csv
futures/um/monthly/klines/tusdt/1m/TUSDT-1m-2023-10.csv
futures/um/monthly/klines/tusdt/1m/TUSDT-1m-2023-11.csv
futures/um/monthly/klines/tusdt/1m/TUSDT-1m-2023-12.csv
futures/um/monthly/klines/tusdt/1m/TUSDT-1m-2024-01.csv
futures/um/monthly/klines/tusdt/1m/TUSDT-1m-2024-02.csv
futures/um/monthly/klines/tusdt/1m/TUSDT-1m-2024-03.csv
futures/um/monthly/klines/tusdt/1m/TUSDT-1m-2024-04.csv
futures/um/monthly/klines/tusdt/1m/TUSDT-1m-2024-05.csv
futures/um/monthly/klines/tusdt/1m/TUSDT-1m-2024-06.csv
futures/um/monthly/klines/tusdt/1m/TUSDT-1m-2024-07.csv
futures/um/monthly/klines/tusdt/1m/TUSDT-1m-2024-08.csv
futures/um/monthly/klines/tusdt/1m/TUSDT-1m-2024-09.csv
futures/um/monthly/klines/tusdt/1m/TUSDT-1m-2024-10.csv
futures/um/monthly/klines/tusdt/1m/TUSDT-1m-2024-11.csv
futures/um/monthly/klines/tusdt/1m/TUSDT-1m-2024-12.csv
futures/um/monthly/klines/tusdt/1m/TUSDT-1m-2025-01.csv
futures/um/monthly/klines/tusdt/1m/TUSDT-1m-2025-02.csv
futures/um/monthly/klines/tusdt/1m/TUSDT-1m-2025-03.csv
futures/um/monthly/klines/tusdt/1m/TUSDT-1m-2025-04.csv
futures/um/monthly/klines/tusdt/1m/TUSDT-1m-2025-05.csv
futures/um/monthly/klines/tusdt/1m/TUSDT-1m-2025-06.csv
futures/um/monthly/klines/tusdt/1m/TUSDT-1m-2025-07.csv
futures/um/monthly/klines/tusdt/1m/TUSDT-1m-2025-08.csv
futures/um/monthly/klines/tusdt/1m/TUSDT-1m-2025-09.csv
futures/um/monthly/klines/tusdt/1m/TUSDT-1m-2025-10.csv
futures/um/monthly/klines/tusdt/1m/TUSDT-1m-2025-11.csv
futures/um/monthly/klines/tusdt/1m/TUSDT-1m-2025-12.csv
futures/um/monthly/klines/tusdt/1m/TUSDT-1m-2026-01.csv
futures/um/monthly/klines/tusdt/1m/TUSDT-1m-2026-02.csv
futures/um/monthly/klines/tusdt/1m/TUSDT-1m-2026-03.csv
futures/um/monthly/klines/tusdt/1m/TUSDT-1m-2026-04.csv
futures/um/monthly/klines/tusdt/1m/TUSDT-1m-2026-05.csv
futures/um/monthly/klines/tusdt/1m/TUSDT-1m-2026-06.csv
futures/um/monthly/klines/tusdt/1m/TUSDT-1m-2026-07.csv
futures/um/monthly/klines/tusdt/1m/TUSDT-1m-2026-08.csv
futures/um/monthly/klines/tutusdt/1m/TUTUSDT-1m-2025-03.csv
futures/um/monthly/klines/tutusdt/1m/TUTUSDT-1m-2025-04.csv
futures/um/monthly/klines/tutusdt/1m/TUTUSDT-1m-2025-05.csv
futures/um/monthly/klines/tutusdt/1m/TUTUSDT-1m-2025-06.csv
futures/um/monthly/klines/tutusdt/1m/TUTUSDT-1m-2025-07.csv
futures/um/monthly/klines/tutusdt/1m/TUTUSDT-1m-2025-08.csv
futures/um/monthly/klines/tutusdt/1m/TUTUSDT-1m-2025-09.csv
futures/um/monthly/klines/tutusdt/1m/TUTUSDT-1m-2025-10.csv
futures/um/monthly/klines/tutusdt/1m/TUTUSDT-1m-2025-11.csv
futures/um/monthly/klines/tutusdt/1m/TUTUSDT-1m-2025-12.csv
futures/um/monthly/klines/tutusdt/1m/TUTUSDT-1m-2026-01.csv
futures/um/monthly/klines/tutusdt/1m/TUTUSDT-1m-2026-02.csv
futures/um/monthly/klines/tutusdt/1m/TUTUSDT-1m-2026-03.csv
futures/um/monthly/klines/tutusdt/1m/TUTUSDT-1m-2026-04.csv
futures/um/monthly/klines/tutusdt/1m/TUTUSDT-1m-2026-05.csv
futures/um/monthly/klines/tutusdt/1m/TUTUSDT-1m-2026-06.csv
futures/um/monthly/klines/tutusdt/1m/TUTUSDT-1m-2026-07.csv
futures/um/monthly/klines/tutusdt/1m/TUTUSDT-1m-2026-08.csv
futures/um/monthly/klines/twtusdt/1m/TWTUSDT-1m-2023-11.csv
futures/um/monthly/klines/twtusdt/1m/TWTUSDT-1m-2023-12.csv
futures/um/monthly/klines/twtusdt/1m/TWTUSDT-1m-2024-01.csv
futures/um/monthly/klines/twtusdt/1m/TWTUSDT-1m-2024-02.csv
futures/um/monthly/klines/twtusdt/1m/TWTUSDT-1m-2024-03.csv
futures/um/monthly/klines/twtusdt/1m/TWTUSDT-1m-2024-04.csv
futures/um/monthly/klines/twtusdt/1m/TWTUSDT-1m-2024-05.csv
futures/um/monthly/klines/twtusdt/1m/TWTUSDT-1m-2024-06.csv
futures/um/monthly/klines/twtusdt/1m/TWTUSDT-1m-2024-07.csv
futures/um/monthly/klines/twtusdt/1m/TWTUSDT-1m-2024-08.csv
futures/um/monthly/klines/twtusdt/1m/TWTUSDT-1m-2024-09.csv
futures/um/monthly/klines/twtusdt/1m/TWTUSDT-1m-2024-10.csv
futures/um/monthly/klines/twtusdt/1m/TWTUSDT-1m-2024-11.csv
futures/um/monthly/klines/twtusdt/1m/TWTUSDT-1m-2024-12.csv
futures/um/monthly/klines/twtusdt/1m/TWTUSDT-1m-2025-01.csv
futures/um/monthly/klines/twtusdt/1m/TWTUSDT-1m-2025-02.csv
futures/um/monthly/klines/twtusdt/1m/TWTUSDT-1m-2025-03.csv
futures/um/monthly/klines/twtusdt/1m/TWTUSDT-1m-2025-04.csv
futures/um/monthly/klines/twtusdt/1m/TWTUSDT-1m-2025-05.csv
futures/um/monthly/klines/twtusdt/1m/TWTUSDT-1m-2025-06.csv
futures/um/monthly/klines/twtusdt/1m/TWTUSDT-1m-2025-07.csv
futures/um/monthly/klines/twtusdt/1m/TWTUSDT-1m-2025-08.csv
futures/um/monthly/klines/twtusdt/1m/TWTUSDT-1m-2025-09.csv
futures/um/monthly/klines/twtusdt/1m/TWTUSDT-1m-2025-10.csv
futures/um/monthly/klines/twtusdt/1m/TWTUSDT-1m-2025-11.csv
futures/um/monthly/klines/twtusdt/1m/TWTUSDT-1m-2025-12.csv
futures/um/monthly/klines/twtusdt/1m/TWTUSDT-1m-2026-01.csv
futures/um/monthly/klines/twtusdt/1m/TWTUSDT-1m-2026-02.csv
futures/um/monthly/klines/twtusdt/1m/TWTUSDT-1m-2026-03.csv
futures/um/monthly/klines/twtusdt/1m/TWTUSDT-1m-2026-04.csv
futures/um/monthly/klines/twtusdt/1m/TWTUSDT-1m-2026-05.csv
futures/um/monthly/klines/twtusdt/1m/TWTUSDT-1m-2026-06.csv
futures/um/monthly/klines/twtusdt/1m/TWTUSDT-1m-2026-07.csv
futures/um/monthly/klines/twtusdt/1m/TWTUSDT-1m-2026-08.csv
futures/um/monthly/klines/uaiusdt/1m/UAIUSDT-1m-2025-11.csv
futures/um/monthly/klines/uaiusdt/1m/UAIUSDT-1m-2025-12.csv
futures/um/monthly/klines/uaiusdt/1m/UAIUSDT-1m-2026-01.csv
futures/um/monthly/klines/uaiusdt/1m/UAIUSDT-1m-2026-02.csv
futures/um/monthly/klines/uaiusdt/1m/UAIUSDT-1m-2026-03.csv
futures/um/monthly/klines/uaiusdt/1m/UAIUSDT-1m-2026-04.csv
futures/um/monthly/klines/uaiusdt/1m/UAIUSDT-1m-2026-05.csv
futures/um/monthly/klines/uaiusdt/1m/UAIUSDT-1m-2026-06.csv
futures/um/monthly/klines/uaiusdt/1m/UAIUSDT-1m-2026-07.csv
futures/um/monthly/klines/uaiusdt/1m/UAIUSDT-1m-2026-08.csv
futures/um/monthly/klines/ubusdt/1m/UBUSDT-1m-2025-09.csv
futures/um/monthly/klines/ubusdt/1m/UBUSDT-1m-2025-10.csv
futures/um/monthly/klines/ubusdt/1m/UBUSDT-1m-2025-11.csv
futures/um/monthly/klines/ubusdt/1m/UBUSDT-1m-2025-12.csv
futures/um/monthly/klines/ubusdt/1m/UBUSDT-1m-2026-01.csv
futures/um/monthly/klines/ubusdt/1m/UBUSDT-1m-2026-02.csv
futures/um/monthly/klines/ubusdt/1m/UBUSDT-1m-2026-03.csv
futures/um/monthly/klines/ubusdt/1m/UBUSDT-1m-2026-04.csv
futures/um/monthly/klines/ubusdt/1m/UBUSDT-1m-2026-05.csv
futures/um/monthly/klines/ubusdt/1m/UBUSDT-1m-2026-06.csv
futures/um/monthly/klines/ubusdt/1m/UBUSDT-1m-2026-07.csv
futures/um/monthly/klines/ubusdt/1m/UBUSDT-1m-2026-08.csv
futures/um/monthly/klines/umausdt/1m/UMAUSDT-1m-2023-05.csv
futures/um/monthly/klines/umausdt/1m/UMAUSDT-1m-2023-06.csv
futures/um/monthly/klines/umausdt/1m/UMAUSDT-1m-2023-07.csv
futures/um/monthly/klines/umausdt/1m/UMAUSDT-1m-2023-08.csv
futures/um/monthly/klines/umausdt/1m/UMAUSDT-1m-2023-09.csv
futures/um/monthly/klines/umausdt/1m/UMAUSDT-1m-2023-10.csv
futures/um/monthly/klines/umausdt/1m/UMAUSDT-1m-2023-11.csv
futures/um/monthly/klines/umausdt/1m/UMAUSDT-1m-2023-12.csv
futures/um/monthly/klines/umausdt/1m/UMAUSDT-1m-2024-01.csv
futures/um/monthly/klines/umausdt/1m/UMAUSDT-1m-2024-02.csv
futures/um/monthly/klines/umausdt/1m/UMAUSDT-1m-2024-03.csv
futures/um/monthly/klines/umausdt/1m/UMAUSDT-1m-2024-04.csv
futures/um/monthly/klines/umausdt/1m/UMAUSDT-1m-2024-05.csv
futures/um/monthly/klines/umausdt/1m/UMAUSDT-1m-2024-06.csv
futures/um/monthly/klines/umausdt/1m/UMAUSDT-1m-2024-07.csv
futures/um/monthly/klines/umausdt/1m/UMAUSDT-1m-2024-08.csv
futures/um/monthly/klines/umausdt/1m/UMAUSDT-1m-2024-09.csv
futures/um/monthly/klines/umausdt/1m/UMAUSDT-1m-2024-10.csv
futures/um/monthly/klines/umausdt/1m/UMAUSDT-1m-2024-11.csv
futures/um/monthly/klines/umausdt/1m/UMAUSDT-1m-2024-12.csv
futures/um/monthly/klines/umausdt/1m/UMAUSDT-1m-2025-01.csv
futures/um/monthly/klines/umausdt/1m/UMAUSDT-1m-2025-02.csv
futures/um/monthly/klines/umausdt/1m/UMAUSDT-1m-2025-03.csv
futures/um/monthly/klines/umausdt/1m/UMAUSDT-1m-2025-04.csv
futures/um/monthly/klines/umausdt/1m/UMAUSDT-1m-2025-05.csv
futures/um/monthly/klines/umausdt/1m/UMAUSDT-1m-2025-06.csv
futures/um/monthly/klines/umausdt/1m/UMAUSDT-1m-2025-07.csv
futures/um/monthly/klines/umausdt/1m/UMAUSDT-1m-2025-08.csv
futures/um/monthly/klines/umausdt/1m/UMAUSDT-1m-2025-09.csv
futures/um/monthly/klines/umausdt/1m/UMAUSDT-1m-2025-10.csv
futures/um/monthly/klines/umausdt/1m/UMAUSDT-1m-2025-11.csv
futures/um/monthly/klines/umausdt/1m/UMAUSDT-1m-2025-12.csv
futures/um/monthly/klines/umausdt/1m/UMAUSDT-1m-2026-01.csv
futures/um/monthly/klines/umausdt/1m/UMAUSDT-1m-2026-02.csv
futures/um/monthly/klines/umausdt/1m/UMAUSDT-1m-2026-03.csv
futures/um/monthly/klines/umausdt/1m/UMAUSDT-1m-2026-04.csv
futures/um/monthly/klines/umausdt/1m/UMAUSDT-1m-2026-05.csv
futures/um/monthly/klines/umausdt/1m/UMAUSDT-1m-2026-06.csv
futures/um/monthly/klines/umausdt/1m/UMAUSDT-1m-2026-07.csv
futures/um/monthly/klines/umausdt/1m/UMAUSDT-1m-2026-08.csv
futures/um/monthly/klines/uniusdt/1m/UNIUSDT-1m-2020-09.csv
futures/um/monthly/klines/uniusdt/1m/UNIUSDT-1m-2020-10.csv
futures/um/monthly/klines/uniusdt/1m/UNIUSDT-1m-2020-11.csv
futures/um/monthly/klines/uniusdt/1m/UNIUSDT-1m-2020-12.csv
futures/um/monthly/klines/uniusdt/1m/UNIUSDT-1m-2021-01.csv
futures/um/monthly/klines/uniusdt/1m/UNIUSDT-1m-2021-02.csv
futures/um/monthly/klines/uniusdt/1m/UNIUSDT-1m-2021-03.csv
futures/um/monthly/klines/uniusdt/1m/UNIUSDT-1m-2021-04.csv
futures/um/monthly/klines/uniusdt/1m/UNIUSDT-1m-2021-05.csv
futures/um/monthly/klines/uniusdt/1m/UNIUSDT-1m-2021-06.csv
futures/um/monthly/klines/uniusdt/1m/UNIUSDT-1m-2021-07.csv
futures/um/monthly/klines/uniusdt/1m/UNIUSDT-1m-2021-08.csv
futures/um/monthly/klines/uniusdt/1m/UNIUSDT-1m-2021-09.csv
futures/um/monthly/klines/uniusdt/1m/UNIUSDT-1m-2021-10.csv
futures/um/monthly/klines/uniusdt/1m/UNIUSDT-1m-2021-11.csv
futures/um/monthly/klines/uniusdt/1m/UNIUSDT-1m-2021-12.csv
futures/um/monthly/klines/uniusdt/1m/UNIUSDT-1m-2022-01.csv
futures/um/monthly/klines/uniusdt/1m/UNIUSDT-1m-2022-02.csv
futures/um/monthly/klines/uniusdt/1m/UNIUSDT-1m-2022-03.csv
futures/um/monthly/klines/uniusdt/1m/UNIUSDT-1m-2022-04.csv
futures/um/monthly/klines/uniusdt/1m/UNIUSDT-1m-2022-05.csv
futures/um/monthly/klines/uniusdt/1m/UNIUSDT-1m-2022-06.csv
futures/um/monthly/klines/uniusdt/1m/UNIUSDT-1m-2022-07.csv
futures/um/monthly/klines/uniusdt/1m/UNIUSDT-1m-2022-08.csv
futures/um/monthly/klines/uniusdt/1m/UNIUSDT-1m-2022-09.csv
futures/um/monthly/klines/uniusdt/1m/UNIUSDT-1m-2022-10.csv
futures/um/monthly/klines/uniusdt/1m/UNIUSDT-1m-2022-11.csv
futures/um/monthly/klines/uniusdt/1m/UNIUSDT-1m-2022-12.csv
futures/um/monthly/klines/uniusdt/1m/UNIUSDT-1m-2023-01.csv
futures/um/monthly/klines/uniusdt/1m/UNIUSDT-1m-2023-02.csv
futures/um/monthly/klines/uniusdt/1m/UNIUSDT-1m-2023-03.csv
futures/um/monthly/klines/uniusdt/1m/UNIUSDT-1m-2023-04.csv
futures/um/monthly/klines/uniusdt/1m/UNIUSDT-1m-2023-05.csv
futures/um/monthly/klines/uniusdt/1m/UNIUSDT-1m-2023-06.csv
futures/um/monthly/klines/uniusdt/1m/UNIUSDT-1m-2023-07.csv
futures/um/monthly/klines/uniusdt/1m/UNIUSDT-1m-2023-08.csv
futures/um/monthly/klines/uniusdt/1m/UNIUSDT-1m-2023-09.csv
futures/um/monthly/klines/uniusdt/1m/UNIUSDT-1m-2023-10.csv
futures/um/monthly/klines/uniusdt/1m/UNIUSDT-1m-2023-11.csv
futures/um/monthly/klines/uniusdt/1m/UNIUSDT-1m-2023-12.csv
futures/um/monthly/klines/uniusdt/1m/UNIUSDT-1m-2024-01.csv
futures/um/monthly/klines/uniusdt/1m/UNIUSDT-1m-2024-02.csv
futures/um/monthly/klines/uniusdt/1m/UNIUSDT-1m-2024-03.csv
futures/um/monthly/klines/uniusdt/1m/UNIUSDT-1m-2024-04.csv
futures/um/monthly/klines/uniusdt/1m/UNIUSDT-1m-2024-05.csv
futures/um/monthly/klines/uniusdt/1m/UNIUSDT-1m-2024-06.csv
futures/um/monthly/klines/uniusdt/1m/UNIUSDT-1m-2024-07.csv
futures/um/monthly/klines/uniusdt/1m/UNIUSDT-1m-2024-08.csv
futures/um/monthly/klines/uniusdt/1m/UNIUSDT-1m-2024-09.csv
futures/um/monthly/klines/uniusdt/1m/UNIUSDT-1m-2024-10.csv
futures/um/monthly/klines/uniusdt/1m/UNIUSDT-1m-2024-11.csv
futures/um/monthly/klines/uniusdt/1m/UNIUSDT-1m-2024-12.csv
futures/um/monthly/klines/uniusdt/1m/UNIUSDT-1m-2025-01.csv
futures/um/monthly/klines/uniusdt/1m/UNIUSDT-1m-2025-02.csv
futures/um/monthly/klines/uniusdt/1m/UNIUSDT-1m-2025-03.csv
futures/um/monthly/klines/uniusdt/1m/UNIUSDT-1m-2025-04.csv
futures/um/monthly/klines/uniusdt/1m/UNIUSDT-1m-2025-05.csv
futures/um/monthly/klines/uniusdt/1m/UNIUSDT-1m-2025-06.csv
futures/um/monthly/klines/uniusdt/1m/UNIUSDT-1m-2025-07.csv
futures/um/monthly/klines/uniusdt/1m/UNIUSDT-1m-2025-08.csv
futures/um/monthly/klines/uniusdt/1m/UNIUSDT-1m-2025-09.csv
futures/um/monthly/klines/uniusdt/1m/UNIUSDT-1m-2025-10.csv
futures/um/monthly/klines/uniusdt/1m/UNIUSDT-1m-2025-11.csv
futures/um/monthly/klines/uniusdt/1m/UNIUSDT-1m-2025-12.csv
futures/um/monthly/klines/uniusdt/1m/UNIUSDT-1m-2026-01.csv
futures/um/monthly/klines/uniusdt/1m/UNIUSDT-1m-2026-02.csv
futures/um/monthly/klines/uniusdt/1m/UNIUSDT-1m-2026-03.csv
futures/um/monthly/klines/uniusdt/1m/UNIUSDT-1m-2026-04.csv
futures/um/monthly/klines/uniusdt/1m/UNIUSDT-1m-2026-05.csv
futures/um/monthly/klines/uniusdt/1m/UNIUSDT-1m-2026-06.csv
futures/um/monthly/klines/uniusdt/1m/UNIUSDT-1m-2026-07.csv
futures/um/monthly/klines/uniusdt/1m/UNIUSDT-1m-2026-08.csv
futures/um/monthly/klines/usdcusdt/1m/USDCUSDT-1m-2023-03.csv
futures/um/monthly/klines/usdcusdt/1m/USDCUSDT-1m-2023-04.csv
futures/um/monthly/klines/usdcusdt/1m/USDCUSDT-1m-2023-05.csv
futures/um/monthly/klines/usdcusdt/1m/USDCUSDT-1m-2023-06.csv
futures/um/monthly/klines/usdcusdt/1m/USDCUSDT-1m-2023-07.csv
futures/um/monthly/klines/usdcusdt/1m/USDCUSDT-1m-2023-08.csv
futures/um/monthly/klines/usdcusdt/1m/USDCUSDT-1m-2023-09.csv
futures/um/monthly/klines/usdcusdt/1m/USDCUSDT-1m-2023-10.csv
futures/um/monthly/klines/usdcusdt/1m/USDCUSDT-1m-2023-11.csv
futures/um/monthly/klines/usdcusdt/1m/USDCUSDT-1m-2023-12.csv
futures/um/monthly/klines/usdcusdt/1m/USDCUSDT-1m-2024-01.csv
futures/um/monthly/klines/usdcusdt/1m/USDCUSDT-1m-2024-02.csv
futures/um/monthly/klines/usdcusdt/1m/USDCUSDT-1m-2024-03.csv
futures/um/monthly/klines/usdcusdt/1m/USDCUSDT-1m-2024-04.csv
futures/um/monthly/klines/usdcusdt/1m/USDCUSDT-1m-2024-05.csv
futures/um/monthly/klines/usdcusdt/1m/USDCUSDT-1m-2024-06.csv
futures/um/monthly/klines/usdcusdt/1m/USDCUSDT-1m-2024-07.csv
futures/um/monthly/klines/usdcusdt/1m/USDCUSDT-1m-2024-08.csv
futures/um/monthly/klines/usdcusdt/1m/USDCUSDT-1m-2024-09.csv
futures/um/monthly/klines/usdcusdt/1m/USDCUSDT-1m-2024-10.csv
futures/um/monthly/klines/usdcusdt/1m/USDCUSDT-1m-2024-11.csv
futures/um/monthly/klines/usdcusdt/1m/USDCUSDT-1m-2024-12.csv
futures/um/monthly/klines/usdcusdt/1m/USDCUSDT-1m-2025-01.csv
futures/um/monthly/klines/usdcusdt/1m/USDCUSDT-1m-2025-02.csv
futures/um/monthly/klines/usdcusdt/1m/USDCUSDT-1m-2025-03.csv
futures/um/monthly/klines/usdcusdt/1m/USDCUSDT-1m-2025-04.csv
futures/um/monthly/klines/usdcusdt/1m/USDCUSDT-1m-2025-05.csv
futures/um/monthly/klines/usdcusdt/1m/USDCUSDT-1m-2025-06.csv
futures/um/monthly/klines/usdcusdt/1m/USDCUSDT-1m-2025-07.csv
futures/um/monthly/klines/usdcusdt/1m/USDCUSDT-1m-2025-08.csv
futures/um/monthly/klines/usdcusdt/1m/USDCUSDT-1m-2025-09.csv
futures/um/monthly/klines/usdcusdt/1m/USDCUSDT-1m-2025-10.csv
futures/um/monthly/klines/usdcusdt/1m/USDCUSDT-1m-2025-11.csv
futures/um/monthly/klines/usdcusdt/1m/USDCUSDT-1m-2025-12.csv
futures/um/monthly/klines/usdcusdt/1m/USDCUSDT-1m-2026-01.csv
futures/um/monthly/klines/usdcusdt/1m/USDCUSDT-1m-2026-02.csv
futures/um/monthly/klines/usdcusdt/1m/USDCUSDT-1m-2026-03.csv
futures/um/monthly/klines/usdcusdt/1m/USDCUSDT-1m-2026-04.csv
futures/um/monthly/klines/usdcusdt/1m/USDCUSDT-1m-2026-05.csv
futures/um/monthly/klines/usdcusdt/1m/USDCUSDT-1m-2026-06.csv
futures/um/monthly/klines/usdcusdt/1m/USDCUSDT-1m-2026-07.csv
futures/um/monthly/klines/usdcusdt/1m/USDCUSDT-1m-2026-08.csv
futures/um/monthly/klines/uselessusdt/1m/USELESSUSDT-1m-2025-08.csv
futures/um/monthly/klines/uselessusdt/1m/USELESSUSDT-1m-2025-09.csv
futures/um/monthly/klines/uselessusdt/1m/USELESSUSDT-1m-2025-10.csv
futures/um/monthly/klines/uselessusdt/1m/USELESSUSDT-1m-2025-11.csv
futures/um/monthly/klines/uselessusdt/1m/USELESSUSDT-1m-2025-12.csv
futures/um/monthly/klines/uselessusdt/1m/USELESSUSDT-1m-2026-01.csv
futures/um/monthly/klines/uselessusdt/1m/USELESSUSDT-1m-2026-02.csv
futures/um/monthly/klines/uselessusdt/1m/USELESSUSDT-1m-2026-03.csv
futures/um/monthly/klines/uselessusdt/1m/USELESSUSDT-1m-2026-04.csv
futures/um/monthly/klines/uselessusdt/1m/USELESSUSDT-1m-2026-05.csv
futures/um/monthly/klines/uselessusdt/1m/USELESSUSDT-1m-2026-06.csv
futures/um/monthly/klines/uselessusdt/1m/USELESSUSDT-1m-2026-07.csv
futures/um/monthly/klines/uselessusdt/1m/USELESSUSDT-1m-2026-08.csv
futures/um/monthly/klines/ustcusdt/1m/USTCUSDT-1m-2023-11.csv
futures/um/monthly/klines/ustcusdt/1m/USTCUSDT-1m-2023-12.csv
futures/um/monthly/klines/ustcusdt/1m/USTCUSDT-1m-2024-01.csv
futures/um/monthly/klines/ustcusdt/1m/USTCUSDT-1m-2024-02.csv
futures/um/monthly/klines/ustcusdt/1m/USTCUSDT-1m-2024-03.csv
futures/um/monthly/klines/ustcusdt/1m/USTCUSDT-1m-2024-04.csv
futures/um/monthly/klines/ustcusdt/1m/USTCUSDT-1m-2024-05.csv
futures/um/monthly/klines/ustcusdt/1m/USTCUSDT-1m-2024-06.csv
futures/um/monthly/klines/ustcusdt/1m/USTCUSDT-1m-2024-07.csv
futures/um/monthly/klines/ustcusdt/1m/USTCUSDT-1m-2024-08.csv
futures/um/monthly/klines/ustcusdt/1m/USTCUSDT-1m-2024-09.csv
futures/um/monthly/klines/ustcusdt/1m/USTCUSDT-1m-2024-10.csv
futures/um/monthly/klines/ustcusdt/1m/USTCUSDT-1m-2024-11.csv
futures/um/monthly/klines/ustcusdt/1m/USTCUSDT-1m-2024-12.csv
futures/um/monthly/klines/ustcusdt/1m/USTCUSDT-1m-2025-01.csv
futures/um/monthly/klines/ustcusdt/1m/USTCUSDT-1m-2025-02.csv
futures/um/monthly/klines/ustcusdt/1m/USTCUSDT-1m-2025-03.csv
futures/um/monthly/klines/ustcusdt/1m/USTCUSDT-1m-2025-04.csv
futures/um/monthly/klines/ustcusdt/1m/USTCUSDT-1m-2025-05.csv
futures/um/monthly/klines/ustcusdt/1m/USTCUSDT-1m-2025-06.csv
futures/um/monthly/klines/ustcusdt/1m/USTCUSDT-1m-2025-07.csv
futures/um/monthly/klines/ustcusdt/1m/USTCUSDT-1m-2025-08.csv
futures/um/monthly/klines/ustcusdt/1m/USTCUSDT-1m-2025-09.csv
futures/um/monthly/klines/ustcusdt/1m/USTCUSDT-1m-2025-10.csv
futures/um/monthly/klines/ustcusdt/1m/USTCUSDT-1m-2025-11.csv
futures/um/monthly/klines/ustcusdt/1m/USTCUSDT-1m-2025-12.csv
futures/um/monthly/klines/ustcusdt/1m/USTCUSDT-1m-2026-01.csv
futures/um/monthly/klines/ustcusdt/1m/USTCUSDT-1m-2026-02.csv
futures/um/monthly/klines/ustcusdt/1m/USTCUSDT-1m-2026-03.csv
futures/um/monthly/klines/ustcusdt/1m/USTCUSDT-1m-2026-04.csv
futures/um/monthly/klines/ustcusdt/1m/USTCUSDT-1m-2026-05.csv
futures/um/monthly/klines/ustcusdt/1m/USTCUSDT-1m-2026-06.csv
futures/um/monthly/klines/ustcusdt/1m/USTCUSDT-1m-2026-07.csv
futures/um/monthly/klines/ustcusdt/1m/USTCUSDT-1m-2026-08.csv
futures/um/monthly/klines/usualusdt/1m/USUALUSDT-1m-2024-12.csv
futures/um/monthly/klines/usualusdt/1m/USUALUSDT-1m-2025-01.csv
futures/um/monthly/klines/usualusdt/1m/USUALUSDT-1m-2025-02.csv
futures/um/monthly/klines/usualusdt/1m/USUALUSDT-1m-2025-03.csv
futures/um/monthly/klines/usualusdt/1m/USUALUSDT-1m-2025-04.csv
futures/um/monthly/klines/usualusdt/1m/USUALUSDT-1m-2025-05.csv
futures/um/monthly/klines/usualusdt/1m/USUALUSDT-1m-2025-06.csv
futures/um/monthly/klines/usualusdt/1m/USUALUSDT-1m-2025-07.csv
futures/um/monthly/klines/usualusdt/1m/USUALUSDT-1m-2025-08.csv
futures/um/monthly/klines/usualusdt/1m/USUALUSDT-1m-2025-09.csv
futures/um/monthly/klines/usualusdt/1m/USUALUSDT-1m-2025-10.csv
futures/um/monthly/klines/usualusdt/1m/USUALUSDT-1m-2025-11.csv
futures/um/monthly/klines/usualusdt/1m/USUALUSDT-1m-2025-12.csv
futures/um/monthly/klines/usualusdt/1m/USUALUSDT-1m-2026-01.csv
futures/um/monthly/klines/usualusdt/1m/USUALUSDT-1m-2026-02.csv
futures/um/monthly/klines/usualusdt/1m/USUALUSDT-1m-2026-03.csv
futures/um/monthly/klines/usualusdt/1m/USUALUSDT-1m-2026-04.csv
futures/um/monthly/klines/usualusdt/1m/USUALUSDT-1m-2026-05.csv
futures/um/monthly/klines/usualusdt/1m/USUALUSDT-1m-2026-06.csv
futures/um/monthly/klines/usualusdt/1m/USUALUSDT-1m-2026-07.csv
futures/um/monthly/klines/usualusdt/1m/USUALUSDT-1m-2026-08.csv
futures/um/monthly/klines/ususdt/1m/USUSDT-1m-2025-12.csv
futures/um/monthly/klines/ususdt/1m/USUSDT-1m-2026-01.csv
futures/um/monthly/klines/ususdt/1m/USUSDT-1m-2026-02.csv
futures/um/monthly/klines/ususdt/1m/USUSDT-1m-2026-03.csv
futures/um/monthly/klines/ususdt/1m/USUSDT-1m-2026-04.csv
futures/um/monthly/klines/ususdt/1m/USUSDT-1m-2026-05.csv
futures/um/monthly/klines/ususdt/1m/USUSDT-1m-2026-06.csv
futures/um/monthly/klines/ususdt/1m/USUSDT-1m-2026-07.csv
futures/um/monthly/klines/ususdt/1m/USUSDT-1m-2026-08.csv
futures/um/monthly/klines/vanausdt/1m/VANAUSDT-1m-2024-12.csv
futures/um/monthly/klines/vanausdt/1m/VANAUSDT-1m-2025-01.csv
futures/um/monthly/klines/vanausdt/1m/VANAUSDT-1m-2025-02.csv
futures/um/monthly/klines/vanausdt/1m/VANAUSDT-1m-2025-03.csv
futures/um/monthly/klines/vanausdt/1m/VANAUSDT-1m-2025-04.csv
futures/um/monthly/klines/vanausdt/1m/VANAUSDT-1m-2025-05.csv
futures/um/monthly/klines/vanausdt/1m/VANAUSDT-1m-2025-06.csv
futures/um/monthly/klines/vanausdt/1m/VANAUSDT-1m-2025-07.csv
futures/um/monthly/klines/vanausdt/1m/VANAUSDT-1m-2025-08.csv
futures/um/monthly/klines/vanausdt/1m/VANAUSDT-1m-2025-09.csv
futures/um/monthly/klines/vanausdt/1m/VANAUSDT-1m-2025-10.csv
futures/um/monthly/klines/vanausdt/1m/VANAUSDT-1m-2025-11.csv
futures/um/monthly/klines/vanausdt/1m/VANAUSDT-1m-2025-12.csv
futures/um/monthly/klines/vanausdt/1m/VANAUSDT-1m-2026-01.csv
futures/um/monthly/klines/vanausdt/1m/VANAUSDT-1m-2026-02.csv
futures/um/monthly/klines/vanausdt/1m/VANAUSDT-1m-2026-03.csv
futures/um/monthly/klines/vanausdt/1m/VANAUSDT-1m-2026-04.csv
futures/um/monthly/klines/vanausdt/1m/VANAUSDT-1m-2026-05.csv
futures/um/monthly/klines/vanausdt/1m/VANAUSDT-1m-2026-06.csv
futures/um/monthly/klines/vanausdt/1m/VANAUSDT-1m-2026-07.csv
futures/um/monthly/klines/vanausdt/1m/VANAUSDT-1m-2026-08.csv
futures/um/monthly/klines/velodromeusdt/1m/VELODROMEUSDT-1m-2024-12.csv
futures/um/monthly/klines/velodromeusdt/1m/VELODROMEUSDT-1m-2025-01.csv
futures/um/monthly/klines/velodromeusdt/1m/VELODROMEUSDT-1m-2025-02.csv
futures/um/monthly/klines/velodromeusdt/1m/VELODROMEUSDT-1m-2025-03.csv
futures/um/monthly/klines/velodromeusdt/1m/VELODROMEUSDT-1m-2025-04.csv
futures/um/monthly/klines/velodromeusdt/1m/VELODROMEUSDT-1m-2025-05.csv
futures/um/monthly/klines/velodromeusdt/1m/VELODROMEUSDT-1m-2025-06.csv
futures/um/monthly/klines/velodromeusdt/1m/VELODROMEUSDT-1m-2025-07.csv
futures/um/monthly/klines/velodromeusdt/1m/VELODROMEUSDT-1m-2025-08.csv
futures/um/monthly/klines/velodromeusdt/1m/VELODROMEUSDT-1m-2025-09.csv
futures/um/monthly/klines/velodromeusdt/1m/VELODROMEUSDT-1m-2025-10.csv
futures/um/monthly/klines/velodromeusdt/1m/VELODROMEUSDT-1m-2025-11.csv
futures/um/monthly/klines/velodromeusdt/1m/VELODROMEUSDT-1m-2025-12.csv
futures/um/monthly/klines/velodromeusdt/1m/VELODROMEUSDT-1m-2026-01.csv
futures/um/monthly/klines/velodromeusdt/1m/VELODROMEUSDT-1m-2026-02.csv
futures/um/monthly/klines/velodromeusdt/1m/VELODROMEUSDT-1m-2026-03.csv
futures/um/monthly/klines/velodromeusdt/1m/VELODROMEUSDT-1m-2026-04.csv
futures/um/monthly/klines/velodromeusdt/1m/VELODROMEUSDT-1m-2026-05.csv
futures/um/monthly/klines/velodromeusdt/1m/VELODROMEUSDT-1m-2026-06.csv
futures/um/monthly/klines/velodromeusdt/1m/VELODROMEUSDT-1m-2026-07.csv
futures/um/monthly/klines/velodromeusdt/1m/VELODROMEUSDT-1m-2026-08.csv
futures/um/monthly/klines/velvetusdt/1m/VELVETUSDT-1m-2025-07.csv
futures/um/monthly/klines/velvetusdt/1m/VELVETUSDT-1m-2025-08.csv
futures/um/monthly/klines/velvetusdt/1m/VELVETUSDT-1m-2025-09.csv
futures/um/monthly/klines/velvetusdt/1m/VELVETUSDT-1m-2025-10.csv
futures/um/monthly/klines/velvetusdt/1m/VELVETUSDT-1m-2025-11.csv
futures/um/monthly/klines/velvetusdt/1m/VELVETUSDT-1m-2025-12.csv
futures/um/monthly/klines/velvetusdt/1m/VELVETUSDT-1m-2026-01.csv
futures/um/monthly/klines/velvetusdt/1m/VELVETUSDT-1m-2026-02.csv
futures/um/monthly/klines/velvetusdt/1m/VELVETUSDT-1m-2026-03.csv
futures/um/monthly/klines/velvetusdt/1m/VELVETUSDT-1m-2026-04.csv
futures/um/monthly/klines/velvetusdt/1m/VELVETUSDT-1m-2026-05.csv
futures/um/monthly/klines/velvetusdt/1m/VELVETUSDT-1m-2026-06.csv
futures/um/monthly/klines/velvetusdt/1m/VELVETUSDT-1m-2026-07.csv
futures/um/monthly/klines/velvetusdt/1m/VELVETUSDT-1m-2026-08.csv
futures/um/monthly/klines/vetusdt/1m/VETUSDT-1m-2020-02.csv
futures/um/monthly/klines/vetusdt/1m/VETUSDT-1m-2020-03.csv
futures/um/monthly/klines/vetusdt/1m/VETUSDT-1m-2020-04.csv
futures/um/monthly/klines/vetusdt/1m/VETUSDT-1m-2020-05.csv
futures/um/monthly/klines/vetusdt/1m/VETUSDT-1m-2020-06.csv
futures/um/monthly/klines/vetusdt/1m/VETUSDT-1m-2020-07.csv
futures/um/monthly/klines/vetusdt/1m/VETUSDT-1m-2020-08.csv
futures/um/monthly/klines/vetusdt/1m/VETUSDT-1m-2020-09.csv
futures/um/monthly/klines/vetusdt/1m/VETUSDT-1m-2020-10.csv
futures/um/monthly/klines/vetusdt/1m/VETUSDT-1m-2020-11.csv
futures/um/monthly/klines/vetusdt/1m/VETUSDT-1m-2020-12.csv
futures/um/monthly/klines/vetusdt/1m/VETUSDT-1m-2021-01.csv
futures/um/monthly/klines/vetusdt/1m/VETUSDT-1m-2021-02.csv
futures/um/monthly/klines/vetusdt/1m/VETUSDT-1m-2021-03.csv
futures/um/monthly/klines/vetusdt/1m/VETUSDT-1m-2021-04.csv
futures/um/monthly/klines/vetusdt/1m/VETUSDT-1m-2021-05.csv
futures/um/monthly/klines/vetusdt/1m/VETUSDT-1m-2021-06.csv
futures/um/monthly/klines/vetusdt/1m/VETUSDT-1m-2021-07.csv
futures/um/monthly/klines/vetusdt/1m/VETUSDT-1m-2021-08.csv
futures/um/monthly/klines/vetusdt/1m/VETUSDT-1m-2021-09.csv
futures/um/monthly/klines/vetusdt/1m/VETUSDT-1m-2021-10.csv
futures/um/monthly/klines/vetusdt/1m/VETUSDT-1m-2021-11.csv
futures/um/monthly/klines/vetusdt/1m/VETUSDT-1m-2021-12.csv
futures/um/monthly/klines/vetusdt/1m/VETUSDT-1m-2022-01.csv
futures/um/monthly/klines/vetusdt/1m/VETUSDT-1m-2022-02.csv
futures/um/monthly/klines/vetusdt/1m/VETUSDT-1m-2022-03.csv
futures/um/monthly/klines/vetusdt/1m/VETUSDT-1m-2022-04.csv
futures/um/monthly/klines/vetusdt/1m/VETUSDT-1m-2022-05.csv
futures/um/monthly/klines/vetusdt/1m/VETUSDT-1m-2022-06.csv
futures/um/monthly/klines/vetusdt/1m/VETUSDT-1m-2022-07.csv
futures/um/monthly/klines/vetusdt/1m/VETUSDT-1m-2022-08.csv
futures/um/monthly/klines/vetusdt/1m/VETUSDT-1m-2022-09.csv
futures/um/monthly/klines/vetusdt/1m/VETUSDT-1m-2022-10.csv
futures/um/monthly/klines/vetusdt/1m/VETUSDT-1m-2022-11.csv
futures/um/monthly/klines/vetusdt/1m/VETUSDT-1m-2022-12.csv
futures/um/monthly/klines/vetusdt/1m/VETUSDT-1m-2023-01.csv
futures/um/monthly/klines/vetusdt/1m/VETUSDT-1m-2023-02.csv
futures/um/monthly/klines/vetusdt/1m/VETUSDT-1m-2023-03.csv
futures/um/monthly/klines/vetusdt/1m/VETUSDT-1m-2023-04.csv
futures/um/monthly/klines/vetusdt/1m/VETUSDT-1m-2023-05.csv
futures/um/monthly/klines/vetusdt/1m/VETUSDT-1m-2023-06.csv
futures/um/monthly/klines/vetusdt/1m/VETUSDT-1m-2023-07.csv
futures/um/monthly/klines/vetusdt/1m/VETUSDT-1m-2023-08.csv
futures/um/monthly/klines/vetusdt/1m/VETUSDT-1m-2023-09.csv
futures/um/monthly/klines/vetusdt/1m/VETUSDT-1m-2023-10.csv
futures/um/monthly/klines/vetusdt/1m/VETUSDT-1m-2023-11.csv
futures/um/monthly/klines/vetusdt/1m/VETUSDT-1m-2023-12.csv
futures/um/monthly/klines/vetusdt/1m/VETUSDT-1m-2024-01.csv
futures/um/monthly/klines/vetusdt/1m/VETUSDT-1m-2024-02.csv
futures/um/monthly/klines/vetusdt/1m/VETUSDT-1m-2024-03.csv
futures/um/monthly/klines/vetusdt/1m/VETUSDT-1m-2024-04.csv
futures/um/monthly/klines/vetusdt/1m/VETUSDT-1m-2024-05.csv
futures/um/monthly/klines/vetusdt/1m/VETUSDT-1m-2024-06.csv
futures/um/monthly/klines/vetusdt/1m/VETUSDT-1m-2024-07.csv
futures/um/monthly/klines/vetusdt/1m/VETUSDT-1m-2024-08.csv
futures/um/monthly/klines/vetusdt/1m/VETUSDT-1m-2024-09.csv
futures/um/monthly/klines/vetusdt/1m/VETUSDT-1m-2024-10.csv
futures/um/monthly/klines/vetusdt/1m/VETUSDT-1m-2024-11.csv
futures/um/monthly/klines/vetusdt/1m/VETUSDT-1m-2024-12.csv
futures/um/monthly/klines/vetusdt/1m/VETUSDT-1m-2025-01.csv
futures/um/monthly/klines/vetusdt/1m/VETUSDT-1m-2025-02.csv
futures/um/monthly/klines/vetusdt/1m/VETUSDT-1m-2025-03.csv
futures/um/monthly/klines/vetusdt/1m/VETUSDT-1m-2025-04.csv
futures/um/monthly/klines/vetusdt/1m/VETUSDT-1m-2025-05.csv
futures/um/monthly/klines/vetusdt/1m/VETUSDT-1m-2025-06.csv
futures/um/monthly/klines/vetusdt/1m/VETUSDT-1m-2025-07.csv
futures/um/monthly/klines/vetusdt/1m/VETUSDT-1m-2025-08.csv
futures/um/monthly/klines/vetusdt/1m/VETUSDT-1m-2025-09.csv
futures/um/monthly/klines/vetusdt/1m/VETUSDT-1m-2025-10.csv
futures/um/monthly/klines/vetusdt/1m/VETUSDT-1m-2025-11.csv
futures/um/monthly/klines/vetusdt/1m/VETUSDT-1m-2025-12.csv
futures/um/monthly/klines/vetusdt/1m/VETUSDT-1m-2026-01.csv
futures/um/monthly/klines/vetusdt/1m/VETUSDT-1m-2026-02.csv
futures/um/monthly/klines/vetusdt/1m/VETUSDT-1m-2026-03.csv
futures/um/monthly/klines/vetusdt/1m/VETUSDT-1m-2026-04.csv
futures/um/monthly/klines/vetusdt/1m/VETUSDT-1m-2026-05.csv
futures/um/monthly/klines/vetusdt/1m/VETUSDT-1m-2026-06.csv
futures/um/monthly/klines/vetusdt/1m/VETUSDT-1m-2026-07.csv
futures/um/monthly/klines/vetusdt/1m/VETUSDT-1m-2026-08.csv
futures/um/monthly/klines/virtualusdt/1m/VIRTUALUSDT-1m-2024-12.csv
futures/um/monthly/klines/virtualusdt/1m/VIRTUALUSDT-1m-2025-01.csv
futures/um/monthly/klines/virtualusdt/1m/VIRTUALUSDT-1m-2025-02.csv
futures/um/monthly/klines/virtualusdt/1m/VIRTUALUSDT-1m-2025-03.csv
futures/um/monthly/klines/virtualusdt/1m/VIRTUALUSDT-1m-2025-04.csv
futures/um/monthly/klines/virtualusdt/1m/VIRTUALUSDT-1m-2025-05.csv
futures/um/monthly/klines/virtualusdt/1m/VIRTUALUSDT-1m-2025-06.csv
futures/um/monthly/klines/virtualusdt/1m/VIRTUALUSDT-1m-2025-07.csv
futures/um/monthly/klines/virtualusdt/1m/VIRTUALUSDT-1m-2025-08.csv
futures/um/monthly/klines/virtualusdt/1m/VIRTUALUSDT-1m-2025-09.csv
futures/um/monthly/klines/virtualusdt/1m/VIRTUALUSDT-1m-2025-10.csv
futures/um/monthly/klines/virtualusdt/1m/VIRTUALUSDT-1m-2025-11.csv
futures/um/monthly/klines/virtualusdt/1m/VIRTUALUSDT-1m-2025-12.csv
futures/um/monthly/klines/virtualusdt/1m/VIRTUALUSDT-1m-2026-01.csv
futures/um/monthly/klines/virtualusdt/1m/VIRTUALUSDT-1m-2026-02.csv
futures/um/monthly/klines/virtualusdt/1m/VIRTUALUSDT-1m-2026-03.csv
futures/um/monthly/klines/virtualusdt/1m/VIRTUALUSDT-1m-2026-04.csv
futures/um/monthly/klines/virtualusdt/1m/VIRTUALUSDT-1m-2026-05.csv
futures/um/monthly/klines/virtualusdt/1m/VIRTUALUSDT-1m-2026-06.csv
futures/um/monthly/klines/virtualusdt/1m/VIRTUALUSDT-1m-2026-07.csv
futures/um/monthly/klines/virtualusdt/1m/VIRTUALUSDT-1m-2026-08.csv
futures/um/monthly/klines/vthousdt/1m/VTHOUSDT-1m-2025-01.csv
futures/um/monthly/klines/vthousdt/1m/VTHOUSDT-1m-2025-02.csv
futures/um/monthly/klines/vthousdt/1m/VTHOUSDT-1m-2025-03.csv
futures/um/monthly/klines/vthousdt/1m/VTHOUSDT-1m-2025-04.csv
futures/um/monthly/klines/vthousdt/1m/VTHOUSDT-1m-2025-05.csv
futures/um/monthly/klines/vthousdt/1m/VTHOUSDT-1m-2025-06.csv
futures/um/monthly/klines/vthousdt/1m/VTHOUSDT-1m-2025-07.csv
futures/um/monthly/klines/vthousdt/1m/VTHOUSDT-1m-2025-08.csv
futures/um/monthly/klines/vthousdt/1m/VTHOUSDT-1m-2025-09.csv
futures/um/monthly/klines/vthousdt/1m/VTHOUSDT-1m-2025-10.csv
futures/um/monthly/klines/vthousdt/1m/VTHOUSDT-1m-2025-11.csv
futures/um/monthly/klines/vthousdt/1m/VTHOUSDT-1m-2025-12.csv
futures/um/monthly/klines/vthousdt/1m/VTHOUSDT-1m-2026-01.csv
futures/um/monthly/klines/vthousdt/1m/VTHOUSDT-1m-2026-02.csv
futures/um/monthly/klines/vthousdt/1m/VTHOUSDT-1m-2026-03.csv
futures/um/monthly/klines/vthousdt/1m/VTHOUSDT-1m-2026-04.csv
futures/um/monthly/klines/vthousdt/1m/VTHOUSDT-1m-2026-05.csv
futures/um/monthly/klines/vthousdt/1m/VTHOUSDT-1m-2026-06.csv
futures/um/monthly/klines/vthousdt/1m/VTHOUSDT-1m-2026-07.csv
futures/um/monthly/klines/vthousdt/1m/VTHOUSDT-1m-2026-08.csv
futures/um/monthly/klines/vvvusdt/1m/VVVUSDT-1m-2025-01.csv
futures/um/monthly/klines/vvvusdt/1m/VVVUSDT-1m-2025-02.csv
futures/um/monthly/klines/vvvusdt/1m/VVVUSDT-1m-2025-03.csv
futures/um/monthly/klines/vvvusdt/1m/VVVUSDT-1m-2025-04.csv
futures/um/monthly/klines/vvvusdt/1m/VVVUSDT-1m-2025-05.csv
futures/um/monthly/klines/vvvusdt/1m/VVVUSDT-1m-2025-06.csv
futures/um/monthly/klines/vvvusdt/1m/VVVUSDT-1m-2025-07.csv
futures/um/monthly/klines/vvvusdt/1m/VVVUSDT-1m-2025-08.csv
futures/um/monthly/klines/vvvusdt/1m/VVVUSDT-1m-2025-09.csv
futures/um/monthly/klines/vvvusdt/1m/VVVUSDT-1m-2025-10.csv
futures/um/monthly/klines/vvvusdt/1m/VVVUSDT-1m-2025-11.csv
futures/um/monthly/klines/vvvusdt/1m/VVVUSDT-1m-2025-12.csv
futures/um/monthly/klines/vvvusdt/1m/VVVUSDT-1m-2026-01.csv
futures/um/monthly/klines/vvvusdt/1m/VVVUSDT-1m-2026-02.csv
futures/um/monthly/klines/vvvusdt/1m/VVVUSDT-1m-2026-03.csv
futures/um/monthly/klines/vvvusdt/1m/VVVUSDT-1m-2026-04.csv
futures/um/monthly/klines/vvvusdt/1m/VVVUSDT-1m-2026-05.csv
futures/um/monthly/klines/vvvusdt/1m/VVVUSDT-1m-2026-06.csv
futures/um/monthly/klines/vvvusdt/1m/VVVUSDT-1m-2026-07.csv
futures/um/monthly/klines/vvvusdt/1m/VVVUSDT-1m-2026-08.csv
futures/um/monthly/klines/walusdt/1m/WALUSDT-1m-2025-03.csv
futures/um/monthly/klines/walusdt/1m/WALUSDT-1m-2025-04.csv
futures/um/monthly/klines/walusdt/1m/WALUSDT-1m-2025-05.csv
futures/um/monthly/klines/walusdt/1m/WALUSDT-1m-2025-06.csv
futures/um/monthly/klines/walusdt/1m/WALUSDT-1m-2025-07.csv
futures/um/monthly/klines/walusdt/1m/WALUSDT-1m-2025-08.csv
futures/um/monthly/klines/walusdt/1m/WALUSDT-1m-2025-09.csv
futures/um/monthly/klines/walusdt/1m/WALUSDT-1m-2025-10.csv
futures/um/monthly/klines/walusdt/1m/WALUSDT-1m-2025-11.csv
futures/um/monthly/klines/walusdt/1m/WALUSDT-1m-2025-12.csv
futures/um/monthly/klines/walusdt/1m/WALUSDT-1m-2026-01.csv
futures/um/monthly/klines/walusdt/1m/WALUSDT-1m-2026-02.csv
futures/um/monthly/klines/walusdt/1m/WALUSDT-1m-2026-03.csv
futures/um/monthly/klines/walusdt/1m/WALUSDT-1m-2026-04.csv
futures/um/monthly/klines/walusdt/1m/WALUSDT-1m-2026-05.csv
futures/um/monthly/klines/walusdt/1m/WALUSDT-1m-2026-06.csv
futures/um/monthly/klines/walusdt/1m/WALUSDT-1m-2026-07.csv
futures/um/monthly/klines/walusdt/1m/WALUSDT-1m-2026-08.csv
futures/um/monthly/klines/waxpusdt/1m/WAXPUSDT-1m-2023-10.csv
futures/um/monthly/klines/waxpusdt/1m/WAXPUSDT-1m-2023-11.csv
futures/um/monthly/klines/waxpusdt/1m/WAXPUSDT-1m-2023-12.csv
futures/um/monthly/klines/waxpusdt/1m/WAXPUSDT-1m-2024-01.csv
futures/um/monthly/klines/waxpusdt/1m/WAXPUSDT-1m-2024-02.csv
futures/um/monthly/klines/waxpusdt/1m/WAXPUSDT-1m-2024-03.csv
futures/um/monthly/klines/waxpusdt/1m/WAXPUSDT-1m-2024-04.csv
futures/um/monthly/klines/waxpusdt/1m/WAXPUSDT-1m-2024-05.csv
futures/um/monthly/klines/waxpusdt/1m/WAXPUSDT-1m-2024-06.csv
futures/um/monthly/klines/waxpusdt/1m/WAXPUSDT-1m-2024-07.csv
futures/um/monthly/klines/waxpusdt/1m/WAXPUSDT-1m-2024-08.csv
futures/um/monthly/klines/waxpusdt/1m/WAXPUSDT-1m-2024-09.csv
futures/um/monthly/klines/waxpusdt/1m/WAXPUSDT-1m-2024-10.csv
futures/um/monthly/klines/waxpusdt/1m/WAXPUSDT-1m-2024-11.csv
futures/um/monthly/klines/waxpusdt/1m/WAXPUSDT-1m-2024-12.csv
futures/um/monthly/klines/waxpusdt/1m/WAXPUSDT-1m-2025-01.csv
futures/um/monthly/klines/waxpusdt/1m/WAXPUSDT-1m-2025-02.csv
futures/um/monthly/klines/waxpusdt/1m/WAXPUSDT-1m-2025-03.csv
futures/um/monthly/klines/waxpusdt/1m/WAXPUSDT-1m-2025-04.csv
futures/um/monthly/klines/waxpusdt/1m/WAXPUSDT-1m-2025-05.csv
futures/um/monthly/klines/waxpusdt/1m/WAXPUSDT-1m-2025-06.csv
futures/um/monthly/klines/waxpusdt/1m/WAXPUSDT-1m-2025-07.csv
futures/um/monthly/klines/waxpusdt/1m/WAXPUSDT-1m-2025-08.csv
futures/um/monthly/klines/waxpusdt/1m/WAXPUSDT-1m-2025-09.csv
futures/um/monthly/klines/waxpusdt/1m/WAXPUSDT-1m-2025-10.csv
futures/um/monthly/klines/waxpusdt/1m/WAXPUSDT-1m-2025-11.csv
futures/um/monthly/klines/waxpusdt/1m/WAXPUSDT-1m-2025-12.csv
futures/um/monthly/klines/waxpusdt/1m/WAXPUSDT-1m-2026-01.csv
futures/um/monthly/klines/waxpusdt/1m/WAXPUSDT-1m-2026-02.csv
futures/um/monthly/klines/waxpusdt/1m/WAXPUSDT-1m-2026-03.csv
futures/um/monthly/klines/waxpusdt/1m/WAXPUSDT-1m-2026-04.csv
futures/um/monthly/klines/waxpusdt/1m/WAXPUSDT-1m-2026-05.csv
futures/um/monthly/klines/waxpusdt/1m/WAXPUSDT-1m-2026-06.csv
futures/um/monthly/klines/waxpusdt/1m/WAXPUSDT-1m-2026-07.csv
futures/um/monthly/klines/waxpusdt/1m/WAXPUSDT-1m-2026-08.csv
futures/um/monthly/klines/wctusdt/1m/WCTUSDT-1m-2025-04.csv
futures/um/monthly/klines/wctusdt/1m/WCTUSDT-1m-2025-05.csv
futures/um/monthly/klines/wctusdt/1m/WCTUSDT-1m-2025-06.csv
futures/um/monthly/klines/wctusdt/1m/WCTUSDT-1m-2025-07.csv
futures/um/monthly/klines/wctusdt/1m/WCTUSDT-1m-2025-08.csv
futures/um/monthly/klines/wctusdt/1m/WCTUSDT-1m-2025-09.csv
futures/um/monthly/klines/wctusdt/1m/WCTUSDT-1m-2025-10.csv
futures/um/monthly/klines/wctusdt/1m/WCTUSDT-1m-2025-11.csv
futures/um/monthly/klines/wctusdt/1m/WCTUSDT-1m-2025-12.csv
futures/um/monthly/klines/wctusdt/1m/WCTUSDT-1m-2026-01.csv
futures/um/monthly/klines/wctusdt/1m/WCTUSDT-1m-2026-02.csv
futures/um/monthly/klines/wctusdt/1m/WCTUSDT-1m-2026-03.csv
futures/um/monthly/klines/wctusdt/1m/WCTUSDT-1m-2026-04.csv
futures/um/monthly/klines/wctusdt/1m/WCTUSDT-1m-2026-05.csv
futures/um/monthly/klines/wctusdt/1m/WCTUSDT-1m-2026-06.csv
futures/um/monthly/klines/wctusdt/1m/WCTUSDT-1m-2026-07.csv
futures/um/monthly/klines/wctusdt/1m/WCTUSDT-1m-2026-08.csv
futures/um/monthly/klines/wetusdt/1m/WETUSDT-1m-2025-12.csv
futures/um/monthly/klines/wetusdt/1m/WETUSDT-1m-2026-01.csv
futures/um/monthly/klines/wetusdt/1m/WETUSDT-1m-2026-02.csv
futures/um/monthly/klines/wetusdt/1m/WETUSDT-1m-2026-03.csv
futures/um/monthly/klines/wetusdt/1m/WETUSDT-1m-2026-04.csv
futures/um/monthly/klines/wetusdt/1m/WETUSDT-1m-2026-05.csv
futures/um/monthly/klines/wetusdt/1m/WETUSDT-1m-2026-06.csv
futures/um/monthly/klines/wetusdt/1m/WETUSDT-1m-2026-07.csv
futures/um/monthly/klines/wetusdt/1m/WETUSDT-1m-2026-08.csv
futures/um/monthly/klines/wifusdt/1m/WIFUSDT-1m-2024-01.csv
futures/um/monthly/klines/wifusdt/1m/WIFUSDT-1m-2024-02.csv
futures/um/monthly/klines/wifusdt/1m/WIFUSDT-1m-2024-03.csv
futures/um/monthly/klines/wifusdt/1m/WIFUSDT-1m-2024-04.csv
futures/um/monthly/klines/wifusdt/1m/WIFUSDT-1m-2024-05.csv
futures/um/monthly/klines/wifusdt/1m/WIFUSDT-1m-2024-06.csv
futures/um/monthly/klines/wifusdt/1m/WIFUSDT-1m-2024-07.csv
futures/um/monthly/klines/wifusdt/1m/WIFUSDT-1m-2024-08.csv
futures/um/monthly/klines/wifusdt/1m/WIFUSDT-1m-2024-09.csv
futures/um/monthly/klines/wifusdt/1m/WIFUSDT-1m-2024-10.csv
futures/um/monthly/klines/wifusdt/1m/WIFUSDT-1m-2024-11.csv
futures/um/monthly/klines/wifusdt/1m/WIFUSDT-1m-2024-12.csv
futures/um/monthly/klines/wifusdt/1m/WIFUSDT-1m-2025-01.csv
futures/um/monthly/klines/wifusdt/1m/WIFUSDT-1m-2025-02.csv
futures/um/monthly/klines/wifusdt/1m/WIFUSDT-1m-2025-03.csv
futures/um/monthly/klines/wifusdt/1m/WIFUSDT-1m-2025-04.csv
futures/um/monthly/klines/wifusdt/1m/WIFUSDT-1m-2025-05.csv
futures/um/monthly/klines/wifusdt/1m/WIFUSDT-1m-2025-06.csv
futures/um/monthly/klines/wifusdt/1m/WIFUSDT-1m-2025-07.csv
futures/um/monthly/klines/wifusdt/1m/WIFUSDT-1m-2025-08.csv
futures/um/monthly/klines/wifusdt/1m/WIFUSDT-1m-2025-09.csv
futures/um/monthly/klines/wifusdt/1m/WIFUSDT-1m-2025-10.csv
futures/um/monthly/klines/wifusdt/1m/WIFUSDT-1m-2025-11.csv
futures/um/monthly/klines/wifusdt/1m/WIFUSDT-1m-2025-12.csv
futures/um/monthly/klines/wifusdt/1m/WIFUSDT-1m-2026-01.csv
futures/um/monthly/klines/wifusdt/1m/WIFUSDT-1m-2026-02.csv
futures/um/monthly/klines/wifusdt/1m/WIFUSDT-1m-2026-03.csv
futures/um/monthly/klines/wifusdt/1m/WIFUSDT-1m-2026-04.csv
futures/um/monthly/klines/wifusdt/1m/WIFUSDT-1m-2026-05.csv
futures/um/monthly/klines/wifusdt/1m/WIFUSDT-1m-2026-06.csv
futures/um/monthly/klines/wifusdt/1m/WIFUSDT-1m-2026-07.csv
futures/um/monthly/klines/wifusdt/1m/WIFUSDT-1m-2026-08.csv
futures/um/monthly/klines/wldusdt/1m/WLDUSDT-1m-2023-07.csv
futures/um/monthly/klines/wldusdt/1m/WLDUSDT-1m-2023-08.csv
futures/um/monthly/klines/wldusdt/1m/WLDUSDT-1m-2023-09.csv
futures/um/monthly/klines/wldusdt/1m/WLDUSDT-1m-2023-10.csv
futures/um/monthly/klines/wldusdt/1m/WLDUSDT-1m-2023-11.csv
futures/um/monthly/klines/wldusdt/1m/WLDUSDT-1m-2023-12.csv
futures/um/monthly/klines/wldusdt/1m/WLDUSDT-1m-2024-01.csv
futures/um/monthly/klines/wldusdt/1m/WLDUSDT-1m-2024-02.csv
futures/um/monthly/klines/wldusdt/1m/WLDUSDT-1m-2024-03.csv
futures/um/monthly/klines/wldusdt/1m/WLDUSDT-1m-2024-04.csv
futures/um/monthly/klines/wldusdt/1m/WLDUSDT-1m-2024-05.csv
futures/um/monthly/klines/wldusdt/1m/WLDUSDT-1m-2024-06.csv
futures/um/monthly/klines/wldusdt/1m/WLDUSDT-1m-2024-07.csv
futures/um/monthly/klines/wldusdt/1m/WLDUSDT-1m-2024-08.csv
futures/um/monthly/klines/wldusdt/1m/WLDUSDT-1m-2024-09.csv
futures/um/monthly/klines/wldusdt/1m/WLDUSDT-1m-2024-10.csv
futures/um/monthly/klines/wldusdt/1m/WLDUSDT-1m-2024-11.csv
futures/um/monthly/klines/wldusdt/1m/WLDUSDT-1m-2024-12.csv
futures/um/monthly/klines/wldusdt/1m/WLDUSDT-1m-2025-01.csv
futures/um/monthly/klines/wldusdt/1m/WLDUSDT-1m-2025-02.csv
futures/um/monthly/klines/wldusdt/1m/WLDUSDT-1m-2025-03.csv
futures/um/monthly/klines/wldusdt/1m/WLDUSDT-1m-2025-04.csv
futures/um/monthly/klines/wldusdt/1m/WLDUSDT-1m-2025-05.csv
futures/um/monthly/klines/wldusdt/1m/WLDUSDT-1m-2025-06.csv
futures/um/monthly/klines/wldusdt/1m/WLDUSDT-1m-2025-07.csv
futures/um/monthly/klines/wldusdt/1m/WLDUSDT-1m-2025-08.csv
futures/um/monthly/klines/wldusdt/1m/WLDUSDT-1m-2025-09.csv
futures/um/monthly/klines/wldusdt/1m/WLDUSDT-1m-2025-10.csv
futures/um/monthly/klines/wldusdt/1m/WLDUSDT-1m-2025-11.csv
futures/um/monthly/klines/wldusdt/1m/WLDUSDT-1m-2025-12.csv
futures/um/monthly/klines/wldusdt/1m/WLDUSDT-1m-2026-01.csv
futures/um/monthly/klines/wldusdt/1m/WLDUSDT-1m-2026-02.csv
futures/um/monthly/klines/wldusdt/1m/WLDUSDT-1m-2026-03.csv
futures/um/monthly/klines/wldusdt/1m/WLDUSDT-1m-2026-04.csv
futures/um/monthly/klines/wldusdt/1m/WLDUSDT-1m-2026-05.csv
futures/um/monthly/klines/wldusdt/1m/WLDUSDT-1m-2026-06.csv
futures/um/monthly/klines/wldusdt/1m/WLDUSDT-1m-2026-07.csv
futures/um/monthly/klines/wldusdt/1m/WLDUSDT-1m-2026-08.csv
futures/um/monthly/klines/wlfiusdt/1m/WLFIUSDT-1m-2025-08.csv
futures/um/monthly/klines/wlfiusdt/1m/WLFIUSDT-1m-2025-09.csv
futures/um/monthly/klines/wlfiusdt/1m/WLFIUSDT-1m-2025-10.csv
futures/um/monthly/klines/wlfiusdt/1m/WLFIUSDT-1m-2025-11.csv
futures/um/monthly/klines/wlfiusdt/1m/WLFIUSDT-1m-2025-12.csv
futures/um/monthly/klines/wlfiusdt/1m/WLFIUSDT-1m-2026-01.csv
futures/um/monthly/klines/wlfiusdt/1m/WLFIUSDT-1m-2026-02.csv
futures/um/monthly/klines/wlfiusdt/1m/WLFIUSDT-1m-2026-03.csv
futures/um/monthly/klines/wlfiusdt/1m/WLFIUSDT-1m-2026-04.csv
futures/um/monthly/klines/wlfiusdt/1m/WLFIUSDT-1m-2026-05.csv
futures/um/monthly/klines/wlfiusdt/1m/WLFIUSDT-1m-2026-06.csv
futures/um/monthly/klines/wlfiusdt/1m/WLFIUSDT-1m-2026-07.csv
futures/um/monthly/klines/wlfiusdt/1m/WLFIUSDT-1m-2026-08.csv
futures/um/monthly/klines/woousdt/1m/WOOUSDT-1m-2022-04.csv
futures/um/monthly/klines/woousdt/1m/WOOUSDT-1m-2022-05.csv
futures/um/monthly/klines/woousdt/1m/WOOUSDT-1m-2022-06.csv
futures/um/monthly/klines/woousdt/1m/WOOUSDT-1m-2022-07.csv
futures/um/monthly/klines/woousdt/1m/WOOUSDT-1m-2022-08.csv
futures/um/monthly/klines/woousdt/1m/WOOUSDT-1m-2022-09.csv
futures/um/monthly/klines/woousdt/1m/WOOUSDT-1m-2022-10.csv
futures/um/monthly/klines/woousdt/1m/WOOUSDT-1m-2022-11.csv
futures/um/monthly/klines/woousdt/1m/WOOUSDT-1m-2022-12.csv
futures/um/monthly/klines/woousdt/1m/WOOUSDT-1m-2023-01.csv
futures/um/monthly/klines/woousdt/1m/WOOUSDT-1m-2023-02.csv
futures/um/monthly/klines/woousdt/1m/WOOUSDT-1m-2023-03.csv
futures/um/monthly/klines/woousdt/1m/WOOUSDT-1m-2023-04.csv
futures/um/monthly/klines/woousdt/1m/WOOUSDT-1m-2023-05.csv
futures/um/monthly/klines/woousdt/1m/WOOUSDT-1m-2023-06.csv
futures/um/monthly/klines/woousdt/1m/WOOUSDT-1m-2023-07.csv
futures/um/monthly/klines/woousdt/1m/WOOUSDT-1m-2023-08.csv
futures/um/monthly/klines/woousdt/1m/WOOUSDT-1m-2023-09.csv
futures/um/monthly/klines/woousdt/1m/WOOUSDT-1m-2023-10.csv
futures/um/monthly/klines/woousdt/1m/WOOUSDT-1m-2023-11.csv
futures/um/monthly/klines/woousdt/1m/WOOUSDT-1m-2023-12.csv
futures/um/monthly/klines/woousdt/1m/WOOUSDT-1m-2024-01.csv
futures/um/monthly/klines/woousdt/1m/WOOUSDT-1m-2024-02.csv
futures/um/monthly/klines/woousdt/1m/WOOUSDT-1m-2024-03.csv
futures/um/monthly/klines/woousdt/1m/WOOUSDT-1m-2024-04.csv
futures/um/monthly/klines/woousdt/1m/WOOUSDT-1m-2024-05.csv
futures/um/monthly/klines/woousdt/1m/WOOUSDT-1m-2024-06.csv
futures/um/monthly/klines/woousdt/1m/WOOUSDT-1m-2024-07.csv
futures/um/monthly/klines/woousdt/1m/WOOUSDT-1m-2024-08.csv
futures/um/monthly/klines/woousdt/1m/WOOUSDT-1m-2024-09.csv
futures/um/monthly/klines/woousdt/1m/WOOUSDT-1m-2024-10.csv
futures/um/monthly/klines/woousdt/1m/WOOUSDT-1m-2024-11.csv
futures/um/monthly/klines/woousdt/1m/WOOUSDT-1m-2024-12.csv
futures/um/monthly/klines/woousdt/1m/WOOUSDT-1m-2025-01.csv
futures/um/monthly/klines/woousdt/1m/WOOUSDT-1m-2025-02.csv
futures/um/monthly/klines/woousdt/1m/WOOUSDT-1m-2025-03.csv
futures/um/monthly/klines/woousdt/1m/WOOUSDT-1m-2025-04.csv
futures/um/monthly/klines/woousdt/1m/WOOUSDT-1m-2025-05.csv
futures/um/monthly/klines/woousdt/1m/WOOUSDT-1m-2025-06.csv
futures/um/monthly/klines/woousdt/1m/WOOUSDT-1m-2025-07.csv
futures/um/monthly/klines/woousdt/1m/WOOUSDT-1m-2025-08.csv
futures/um/monthly/klines/woousdt/1m/WOOUSDT-1m-2025-09.csv
futures/um/monthly/klines/woousdt/1m/WOOUSDT-1m-2025-10.csv
futures/um/monthly/klines/woousdt/1m/WOOUSDT-1m-2025-11.csv
futures/um/monthly/klines/woousdt/1m/WOOUSDT-1m-2025-12.csv
futures/um/monthly/klines/woousdt/1m/WOOUSDT-1m-2026-01.csv
futures/um/monthly/klines/woousdt/1m/WOOUSDT-1m-2026-02.csv
futures/um/monthly/klines/woousdt/1m/WOOUSDT-1m-2026-03.csv
futures/um/monthly/klines/woousdt/1m/WOOUSDT-1m-2026-04.csv
futures/um/monthly/klines/woousdt/1m/WOOUSDT-1m-2026-05.csv
futures/um/monthly/klines/woousdt/1m/WOOUSDT-1m-2026-06.csv
futures/um/monthly/klines/woousdt/1m/WOOUSDT-1m-2026-07.csv
futures/um/monthly/klines/woousdt/1m/WOOUSDT-1m-2026-08.csv
futures/um/monthly/klines/wusdt/1m/WUSDT-1m-2024-04.csv
futures/um/monthly/klines/wusdt/1m/WUSDT-1m-2024-05.csv
futures/um/monthly/klines/wusdt/1m/WUSDT-1m-2024-06.csv
futures/um/monthly/klines/wusdt/1m/WUSDT-1m-2024-07.csv
futures/um/monthly/klines/wusdt/1m/WUSDT-1m-2024-08.csv
futures/um/monthly/klines/wusdt/1m/WUSDT-1m-2024-09.csv
futures/um/monthly/klines/wusdt/1m/WUSDT-1m-2024-10.csv
futures/um/monthly/klines/wusdt/1m/WUSDT-1m-2024-11.csv
futures/um/monthly/klines/wusdt/1m/WUSDT-1m-2024-12.csv
futures/um/monthly/klines/wusdt/1m/WUSDT-1m-2025-01.csv
futures/um/monthly/klines/wusdt/1m/WUSDT-1m-2025-02.csv
futures/um/monthly/klines/wusdt/1m/WUSDT-1m-2025-03.csv
futures/um/monthly/klines/wusdt/1m/WUSDT-1m-2025-04.csv
futures/um/monthly/klines/wusdt/1m/WUSDT-1m-2025-05.csv
futures/um/monthly/klines/wusdt/1m/WUSDT-1m-2025-06.csv
futures/um/monthly/klines/wusdt/1m/WUSDT-1m-2025-07.csv
futures/um/monthly/klines/wusdt/1m/WUSDT-1m-2025-08.csv
futures/um/monthly/klines/wusdt/1m/WUSDT-1m-2025-09.csv
futures/um/monthly/klines/wusdt/1m/WUSDT-1m-2025-10.csv
futures/um/monthly/klines/wusdt/1m/WUSDT-1m-2025-11.csv
futures/um/monthly/klines/wusdt/1m/WUSDT-1m-2025-12.csv
futures/um/monthly/klines/wusdt/1m/WUSDT-1m-2026-01.csv
futures/um/monthly/klines/wusdt/1m/WUSDT-1m-2026-02.csv
futures/um/monthly/klines/wusdt/1m/WUSDT-1m-2026-03.csv
futures/um/monthly/klines/wusdt/1m/WUSDT-1m-2026-04.csv
futures/um/monthly/klines/wusdt/1m/WUSDT-1m-2026-05.csv
futures/um/monthly/klines/wusdt/1m/WUSDT-1m-2026-06.csv
futures/um/monthly/klines/wusdt/1m/WUSDT-1m-2026-07.csv
futures/um/monthly/klines/wusdt/1m/WUSDT-1m-2026-08.csv
futures/um/monthly/klines/xaiusdt/1m/XAIUSDT-1m-2024-01.csv
futures/um/monthly/klines/xaiusdt/1m/XAIUSDT-1m-2024-02.csv
futures/um/monthly/klines/xaiusdt/1m/XAIUSDT-1m-2024-03.csv
futures/um/monthly/klines/xaiusdt/1m/XAIUSDT-1m-2024-04.csv
futures/um/monthly/klines/xaiusdt/1m/XAIUSDT-1m-2024-05.csv
futures/um/monthly/klines/xaiusdt/1m/XAIUSDT-1m-2024-06.csv
futures/um/monthly/klines/xaiusdt/1m/XAIUSDT-1m-2024-07.csv
futures/um/monthly/klines/xaiusdt/1m/XAIUSDT-1m-2024-08.csv
futures/um/monthly/klines/xaiusdt/1m/XAIUSDT-1m-2024-09.csv
futures/um/monthly/klines/xaiusdt/1m/XAIUSDT-1m-2024-10.csv
futures/um/monthly/klines/xaiusdt/1m/XAIUSDT-1m-2024-11.csv
futures/um/monthly/klines/xaiusdt/1m/XAIUSDT-1m-2024-12.csv
futures/um/monthly/klines/xaiusdt/1m/XAIUSDT-1m-2025-01.csv
futures/um/monthly/klines/xaiusdt/1m/XAIUSDT-1m-2025-02.csv
futures/um/monthly/klines/xaiusdt/1m/XAIUSDT-1m-2025-03.csv
futures/um/monthly/klines/xaiusdt/1m/XAIUSDT-1m-2025-04.csv
futures/um/monthly/klines/xaiusdt/1m/XAIUSDT-1m-2025-05.csv
futures/um/monthly/klines/xaiusdt/1m/XAIUSDT-1m-2025-06.csv
futures/um/monthly/klines/xaiusdt/1m/XAIUSDT-1m-2025-07.csv
futures/um/monthly/klines/xaiusdt/1m/XAIUSDT-1m-2025-08.csv
futures/um/monthly/klines/xaiusdt/1m/XAIUSDT-1m-2025-09.csv
futures/um/monthly/klines/xaiusdt/1m/XAIUSDT-1m-2025-10.csv
futures/um/monthly/klines/xaiusdt/1m/XAIUSDT-1m-2025-11.csv
futures/um/monthly/klines/xaiusdt/1m/XAIUSDT-1m-2025-12.csv
futures/um/monthly/klines/xaiusdt/1m/XAIUSDT-1m-2026-01.csv
futures/um/monthly/klines/xaiusdt/1m/XAIUSDT-1m-2026-02.csv
futures/um/monthly/klines/xaiusdt/1m/XAIUSDT-1m-2026-03.csv
futures/um/monthly/klines/xaiusdt/1m/XAIUSDT-1m-2026-04.csv
futures/um/monthly/klines/xaiusdt/1m/XAIUSDT-1m-2026-05.csv
futures/um/monthly/klines/xaiusdt/1m/XAIUSDT-1m-2026-06.csv
futures/um/monthly/klines/xaiusdt/1m/XAIUSDT-1m-2026-07.csv
futures/um/monthly/klines/xaiusdt/1m/XAIUSDT-1m-2026-08.csv
futures/um/monthly/klines/xanusdt/1m/XANUSDT-1m-2025-09.csv
futures/um/monthly/klines/xanusdt/1m/XANUSDT-1m-2025-10.csv
futures/um/monthly/klines/xanusdt/1m/XANUSDT-1m-2025-11.csv
futures/um/monthly/klines/xanusdt/1m/XANUSDT-1m-2025-12.csv
futures/um/monthly/klines/xanusdt/1m/XANUSDT-1m-2026-01.csv
futures/um/monthly/klines/xanusdt/1m/XANUSDT-1m-2026-02.csv
futures/um/monthly/klines/xanusdt/1m/XANUSDT-1m-2026-03.csv
futures/um/monthly/klines/xanusdt/1m/XANUSDT-1m-2026-04.csv
futures/um/monthly/klines/xanusdt/1m/XANUSDT-1m-2026-05.csv
futures/um/monthly/klines/xanusdt/1m/XANUSDT-1m-2026-06.csv
futures/um/monthly/klines/xanusdt/1m/XANUSDT-1m-2026-07.csv
futures/um/monthly/klines/xanusdt/1m/XANUSDT-1m-2026-08.csv
futures/um/monthly/klines/xautusdt/1m/XAUTUSDT-1m-2026-03.csv
futures/um/monthly/klines/xautusdt/1m/XAUTUSDT-1m-2026-04.csv
futures/um/monthly/klines/xautusdt/1m/XAUTUSDT-1m-2026-05.csv
futures/um/monthly/klines/xautusdt/1m/XAUTUSDT-1m-2026-06.csv
futures/um/monthly/klines/xautusdt/1m/XAUTUSDT-1m-2026-07.csv
futures/um/monthly/klines/xautusdt/1m/XAUTUSDT-1m-2026-08.csv
futures/um/monthly/klines/xlmusdt/1m/XLMUSDT-1m-2020-01.csv
futures/um/monthly/klines/xlmusdt/1m/XLMUSDT-1m-2020-02.csv
futures/um/monthly/klines/xlmusdt/1m/XLMUSDT-1m-2020-03.csv
futures/um/monthly/klines/xlmusdt/1m/XLMUSDT-1m-2020-04.csv
futures/um/monthly/klines/xlmusdt/1m/XLMUSDT-1m-2020-05.csv
futures/um/monthly/klines/xlmusdt/1m/XLMUSDT-1m-2020-06.csv
futures/um/monthly/klines/xlmusdt/1m/XLMUSDT-1m-2020-07.csv
futures/um/monthly/klines/xlmusdt/1m/XLMUSDT-1m-2020-08.csv
futures/um/monthly/klines/xlmusdt/1m/XLMUSDT-1m-2020-09.csv
futures/um/monthly/klines/xlmusdt/1m/XLMUSDT-1m-2020-10.csv
futures/um/monthly/klines/xlmusdt/1m/XLMUSDT-1m-2020-11.csv
futures/um/monthly/klines/xlmusdt/1m/XLMUSDT-1m-2020-12.csv
futures/um/monthly/klines/xlmusdt/1m/XLMUSDT-1m-2021-01.csv
futures/um/monthly/klines/xlmusdt/1m/XLMUSDT-1m-2021-02.csv
futures/um/monthly/klines/xlmusdt/1m/XLMUSDT-1m-2021-03.csv
futures/um/monthly/klines/xlmusdt/1m/XLMUSDT-1m-2021-04.csv
futures/um/monthly/klines/xlmusdt/1m/XLMUSDT-1m-2021-05.csv
futures/um/monthly/klines/xlmusdt/1m/XLMUSDT-1m-2021-06.csv
futures/um/monthly/klines/xlmusdt/1m/XLMUSDT-1m-2021-07.csv
futures/um/monthly/klines/xlmusdt/1m/XLMUSDT-1m-2021-08.csv
futures/um/monthly/klines/xlmusdt/1m/XLMUSDT-1m-2021-09.csv
futures/um/monthly/klines/xlmusdt/1m/XLMUSDT-1m-2021-10.csv
futures/um/monthly/klines/xlmusdt/1m/XLMUSDT-1m-2021-11.csv
futures/um/monthly/klines/xlmusdt/1m/XLMUSDT-1m-2021-12.csv
futures/um/monthly/klines/xlmusdt/1m/XLMUSDT-1m-2022-01.csv
futures/um/monthly/klines/xlmusdt/1m/XLMUSDT-1m-2022-02.csv
futures/um/monthly/klines/xlmusdt/1m/XLMUSDT-1m-2022-03.csv
futures/um/monthly/klines/xlmusdt/1m/XLMUSDT-1m-2022-04.csv
futures/um/monthly/klines/xlmusdt/1m/XLMUSDT-1m-2022-05.csv
futures/um/monthly/klines/xlmusdt/1m/XLMUSDT-1m-2022-06.csv
futures/um/monthly/klines/xlmusdt/1m/XLMUSDT-1m-2022-07.csv
futures/um/monthly/klines/xlmusdt/1m/XLMUSDT-1m-2022-08.csv
futures/um/monthly/klines/xlmusdt/1m/XLMUSDT-1m-2022-09.csv
futures/um/monthly/klines/xlmusdt/1m/XLMUSDT-1m-2022-10.csv
futures/um/monthly/klines/xlmusdt/1m/XLMUSDT-1m-2022-11.csv
futures/um/monthly/klines/xlmusdt/1m/XLMUSDT-1m-2022-12.csv
futures/um/monthly/klines/xlmusdt/1m/XLMUSDT-1m-2023-01.csv
futures/um/monthly/klines/xlmusdt/1m/XLMUSDT-1m-2023-02.csv
futures/um/monthly/klines/xlmusdt/1m/XLMUSDT-1m-2023-03.csv
futures/um/monthly/klines/xlmusdt/1m/XLMUSDT-1m-2023-04.csv
futures/um/monthly/klines/xlmusdt/1m/XLMUSDT-1m-2023-05.csv
futures/um/monthly/klines/xlmusdt/1m/XLMUSDT-1m-2023-06.csv
futures/um/monthly/klines/xlmusdt/1m/XLMUSDT-1m-2023-07.csv
futures/um/monthly/klines/xlmusdt/1m/XLMUSDT-1m-2023-08.csv
futures/um/monthly/klines/xlmusdt/1m/XLMUSDT-1m-2023-09.csv
futures/um/monthly/klines/xlmusdt/1m/XLMUSDT-1m-2023-10.csv
futures/um/monthly/klines/xlmusdt/1m/XLMUSDT-1m-2023-11.csv
futures/um/monthly/klines/xlmusdt/1m/XLMUSDT-1m-2023-12.csv
futures/um/monthly/klines/xlmusdt/1m/XLMUSDT-1m-2024-01.csv
futures/um/monthly/klines/xlmusdt/1m/XLMUSDT-1m-2024-02.csv
futures/um/monthly/klines/xlmusdt/1m/XLMUSDT-1m-2024-03.csv
futures/um/monthly/klines/xlmusdt/1m/XLMUSDT-1m-2024-04.csv
futures/um/monthly/klines/xlmusdt/1m/XLMUSDT-1m-2024-05.csv
futures/um/monthly/klines/xlmusdt/1m/XLMUSDT-1m-2024-06.csv
futures/um/monthly/klines/xlmusdt/1m/XLMUSDT-1m-2024-07.csv
futures/um/monthly/klines/xlmusdt/1m/XLMUSDT-1m-2024-08.csv
futures/um/monthly/klines/xlmusdt/1m/XLMUSDT-1m-2024-09.csv
futures/um/monthly/klines/xlmusdt/1m/XLMUSDT-1m-2024-10.csv
futures/um/monthly/klines/xlmusdt/1m/XLMUSDT-1m-2024-11.csv
futures/um/monthly/klines/xlmusdt/1m/XLMUSDT-1m-2024-12.csv
futures/um/monthly/klines/xlmusdt/1m/XLMUSDT-1m-2025-01.csv
futures/um/monthly/klines/xlmusdt/1m/XLMUSDT-1m-2025-02.csv
futures/um/monthly/klines/xlmusdt/1m/XLMUSDT-1m-2025-03.csv
futures/um/monthly/klines/xlmusdt/1m/XLMUSDT-1m-2025-04.csv
futures/um/monthly/klines/xlmusdt/1m/XLMUSDT-1m-2025-05.csv
futures/um/monthly/klines/xlmusdt/1m/XLMUSDT-1m-2025-06.csv
futures/um/monthly/klines/xlmusdt/1m/XLMUSDT-1m-2025-07.csv
futures/um/monthly/klines/xlmusdt/1m/XLMUSDT-1m-2025-08.csv
futures/um/monthly/klines/xlmusdt/1m/XLMUSDT-1m-2025-09.csv
futures/um/monthly/klines/xlmusdt/1m/XLMUSDT-1m-2025-10.csv
futures/um/monthly/klines/xlmusdt/1m/XLMUSDT-1m-2025-11.csv
futures/um/monthly/klines/xlmusdt/1m/XLMUSDT-1m-2025-12.csv
futures/um/monthly/klines/xlmusdt/1m/XLMUSDT-1m-2026-01.csv
futures/um/monthly/klines/xlmusdt/1m/XLMUSDT-1m-2026-02.csv
futures/um/monthly/klines/xlmusdt/1m/XLMUSDT-1m-2026-03.csv
futures/um/monthly/klines/xlmusdt/1m/XLMUSDT-1m-2026-04.csv
futures/um/monthly/klines/xlmusdt/1m/XLMUSDT-1m-2026-05.csv
futures/um/monthly/klines/xlmusdt/1m/XLMUSDT-1m-2026-06.csv
futures/um/monthly/klines/xlmusdt/1m/XLMUSDT-1m-2026-07.csv
futures/um/monthly/klines/xlmusdt/1m/XLMUSDT-1m-2026-08.csv
futures/um/monthly/klines/xmrusdt/1m/XMRUSDT-1m-2020-02.csv
futures/um/monthly/klines/xmrusdt/1m/XMRUSDT-1m-2020-03.csv
futures/um/monthly/klines/xmrusdt/1m/XMRUSDT-1m-2020-04.csv
futures/um/monthly/klines/xmrusdt/1m/XMRUSDT-1m-2020-05.csv
futures/um/monthly/klines/xmrusdt/1m/XMRUSDT-1m-2020-06.csv
futures/um/monthly/klines/xmrusdt/1m/XMRUSDT-1m-2020-07.csv
futures/um/monthly/klines/xmrusdt/1m/XMRUSDT-1m-2020-08.csv
futures/um/monthly/klines/xmrusdt/1m/XMRUSDT-1m-2020-09.csv
futures/um/monthly/klines/xmrusdt/1m/XMRUSDT-1m-2020-10.csv
futures/um/monthly/klines/xmrusdt/1m/XMRUSDT-1m-2020-11.csv
futures/um/monthly/klines/xmrusdt/1m/XMRUSDT-1m-2020-12.csv
futures/um/monthly/klines/xmrusdt/1m/XMRUSDT-1m-2021-01.csv
futures/um/monthly/klines/xmrusdt/1m/XMRUSDT-1m-2021-02.csv
futures/um/monthly/klines/xmrusdt/1m/XMRUSDT-1m-2021-03.csv
futures/um/monthly/klines/xmrusdt/1m/XMRUSDT-1m-2021-04.csv
futures/um/monthly/klines/xmrusdt/1m/XMRUSDT-1m-2021-05.csv
futures/um/monthly/klines/xmrusdt/1m/XMRUSDT-1m-2021-06.csv
futures/um/monthly/klines/xmrusdt/1m/XMRUSDT-1m-2021-07.csv
futures/um/monthly/klines/xmrusdt/1m/XMRUSDT-1m-2021-08.csv
futures/um/monthly/klines/xmrusdt/1m/XMRUSDT-1m-2021-09.csv
futures/um/monthly/klines/xmrusdt/1m/XMRUSDT-1m-2021-10.csv
futures/um/monthly/klines/xmrusdt/1m/XMRUSDT-1m-2021-11.csv
futures/um/monthly/klines/xmrusdt/1m/XMRUSDT-1m-2021-12.csv
futures/um/monthly/klines/xmrusdt/1m/XMRUSDT-1m-2022-01.csv
futures/um/monthly/klines/xmrusdt/1m/XMRUSDT-1m-2022-02.csv
futures/um/monthly/klines/xmrusdt/1m/XMRUSDT-1m-2022-03.csv
futures/um/monthly/klines/xmrusdt/1m/XMRUSDT-1m-2022-04.csv
futures/um/monthly/klines/xmrusdt/1m/XMRUSDT-1m-2022-05.csv
futures/um/monthly/klines/xmrusdt/1m/XMRUSDT-1m-2022-06.csv
futures/um/monthly/klines/xmrusdt/1m/XMRUSDT-1m-2022-07.csv
futures/um/monthly/klines/xmrusdt/1m/XMRUSDT-1m-2022-08.csv
futures/um/monthly/klines/xmrusdt/1m/XMRUSDT-1m-2022-09.csv
futures/um/monthly/klines/xmrusdt/1m/XMRUSDT-1m-2022-10.csv
futures/um/monthly/klines/xmrusdt/1m/XMRUSDT-1m-2022-11.csv
futures/um/monthly/klines/xmrusdt/1m/XMRUSDT-1m-2022-12.csv
futures/um/monthly/klines/xmrusdt/1m/XMRUSDT-1m-2023-01.csv
futures/um/monthly/klines/xmrusdt/1m/XMRUSDT-1m-2023-02.csv
futures/um/monthly/klines/xmrusdt/1m/XMRUSDT-1m-2023-03.csv
futures/um/monthly/klines/xmrusdt/1m/XMRUSDT-1m-2023-04.csv
futures/um/monthly/klines/xmrusdt/1m/XMRUSDT-1m-2023-05.csv
futures/um/monthly/klines/xmrusdt/1m/XMRUSDT-1m-2023-06.csv
futures/um/monthly/klines/xmrusdt/1m/XMRUSDT-1m-2023-07.csv
futures/um/monthly/klines/xmrusdt/1m/XMRUSDT-1m-2023-08.csv
futures/um/monthly/klines/xmrusdt/1m/XMRUSDT-1m-2023-09.csv
futures/um/monthly/klines/xmrusdt/1m/XMRUSDT-1m-2023-10.csv
futures/um/monthly/klines/xmrusdt/1m/XMRUSDT-1m-2023-11.csv
futures/um/monthly/klines/xmrusdt/1m/XMRUSDT-1m-2023-12.csv
futures/um/monthly/klines/xmrusdt/1m/XMRUSDT-1m-2024-01.csv
futures/um/monthly/klines/xmrusdt/1m/XMRUSDT-1m-2024-02.csv
futures/um/monthly/klines/xmrusdt/1m/XMRUSDT-1m-2024-03.csv
futures/um/monthly/klines/xmrusdt/1m/XMRUSDT-1m-2024-04.csv
futures/um/monthly/klines/xmrusdt/1m/XMRUSDT-1m-2024-05.csv
futures/um/monthly/klines/xmrusdt/1m/XMRUSDT-1m-2024-06.csv
futures/um/monthly/klines/xmrusdt/1m/XMRUSDT-1m-2024-07.csv
futures/um/monthly/klines/xmrusdt/1m/XMRUSDT-1m-2024-08.csv
futures/um/monthly/klines/xmrusdt/1m/XMRUSDT-1m-2024-09.csv
futures/um/monthly/klines/xmrusdt/1m/XMRUSDT-1m-2024-10.csv
futures/um/monthly/klines/xmrusdt/1m/XMRUSDT-1m-2024-11.csv
futures/um/monthly/klines/xmrusdt/1m/XMRUSDT-1m-2024-12.csv
futures/um/monthly/klines/xmrusdt/1m/XMRUSDT-1m-2025-01.csv
futures/um/monthly/klines/xmrusdt/1m/XMRUSDT-1m-2025-02.csv
futures/um/monthly/klines/xmrusdt/1m/XMRUSDT-1m-2025-03.csv
futures/um/monthly/klines/xmrusdt/1m/XMRUSDT-1m-2025-04.csv
futures/um/monthly/klines/xmrusdt/1m/XMRUSDT-1m-2025-05.csv
futures/um/monthly/klines/xmrusdt/1m/XMRUSDT-1m-2025-06.csv
futures/um/monthly/klines/xmrusdt/1m/XMRUSDT-1m-2025-07.csv
futures/um/monthly/klines/xmrusdt/1m/XMRUSDT-1m-2025-08.csv
futures/um/monthly/klines/xmrusdt/1m/XMRUSDT-1m-2025-09.csv
futures/um/monthly/klines/xmrusdt/1m/XMRUSDT-1m-2025-10.csv
futures/um/monthly/klines/xmrusdt/1m/XMRUSDT-1m-2025-11.csv
futures/um/monthly/klines/xmrusdt/1m/XMRUSDT-1m-2025-12.csv
futures/um/monthly/klines/xmrusdt/1m/XMRUSDT-1m-2026-01.csv
futures/um/monthly/klines/xmrusdt/1m/XMRUSDT-1m-2026-02.csv
futures/um/monthly/klines/xmrusdt/1m/XMRUSDT-1m-2026-03.csv
futures/um/monthly/klines/xmrusdt/1m/XMRUSDT-1m-2026-04.csv
futures/um/monthly/klines/xmrusdt/1m/XMRUSDT-1m-2026-05.csv
futures/um/monthly/klines/xmrusdt/1m/XMRUSDT-1m-2026-06.csv
futures/um/monthly/klines/xmrusdt/1m/XMRUSDT-1m-2026-07.csv
futures/um/monthly/klines/xmrusdt/1m/XMRUSDT-1m-2026-08.csv
futures/um/monthly/klines/xnyusdt/1m/XNYUSDT-1m-2025-08.csv
futures/um/monthly/klines/xnyusdt/1m/XNYUSDT-1m-2025-09.csv
futures/um/monthly/klines/xnyusdt/1m/XNYUSDT-1m-2025-10.csv
futures/um/monthly/klines/xnyusdt/1m/XNYUSDT-1m-2025-11.csv
futures/um/monthly/klines/xnyusdt/1m/XNYUSDT-1m-2025-12.csv
futures/um/monthly/klines/xnyusdt/1m/XNYUSDT-1m-2026-01.csv
futures/um/monthly/klines/xnyusdt/1m/XNYUSDT-1m-2026-02.csv
futures/um/monthly/klines/xnyusdt/1m/XNYUSDT-1m-2026-03.csv
futures/um/monthly/klines/xnyusdt/1m/XNYUSDT-1m-2026-04.csv
futures/um/monthly/klines/xnyusdt/1m/XNYUSDT-1m-2026-05.csv
futures/um/monthly/klines/xnyusdt/1m/XNYUSDT-1m-2026-06.csv
futures/um/monthly/klines/xnyusdt/1m/XNYUSDT-1m-2026-07.csv
futures/um/monthly/klines/xnyusdt/1m/XNYUSDT-1m-2026-08.csv
futures/um/monthly/klines/xpinusdt/1m/XPINUSDT-1m-2025-09.csv
futures/um/monthly/klines/xpinusdt/1m/XPINUSDT-1m-2025-10.csv
futures/um/monthly/klines/xpinusdt/1m/XPINUSDT-1m-2025-11.csv
futures/um/monthly/klines/xpinusdt/1m/XPINUSDT-1m-2025-12.csv
futures/um/monthly/klines/xpinusdt/1m/XPINUSDT-1m-2026-01.csv
futures/um/monthly/klines/xpinusdt/1m/XPINUSDT-1m-2026-02.csv
futures/um/monthly/klines/xpinusdt/1m/XPINUSDT-1m-2026-03.csv
futures/um/monthly/klines/xpinusdt/1m/XPINUSDT-1m-2026-04.csv
futures/um/monthly/klines/xpinusdt/1m/XPINUSDT-1m-2026-05.csv
futures/um/monthly/klines/xpinusdt/1m/XPINUSDT-1m-2026-06.csv
futures/um/monthly/klines/xpinusdt/1m/XPINUSDT-1m-2026-07.csv
futures/um/monthly/klines/xpinusdt/1m/XPINUSDT-1m-2026-08.csv
futures/um/monthly/klines/xplusdt/1m/XPLUSDT-1m-2025-08.csv
futures/um/monthly/klines/xplusdt/1m/XPLUSDT-1m-2025-09.csv
futures/um/monthly/klines/xplusdt/1m/XPLUSDT-1m-2025-10.csv
futures/um/monthly/klines/xplusdt/1m/XPLUSDT-1m-2025-11.csv
futures/um/monthly/klines/xplusdt/1m/XPLUSDT-1m-2025-12.csv
futures/um/monthly/klines/xplusdt/1m/XPLUSDT-1m-2026-01.csv
futures/um/monthly/klines/xplusdt/1m/XPLUSDT-1m-2026-02.csv
futures/um/monthly/klines/xplusdt/1m/XPLUSDT-1m-2026-03.csv
futures/um/monthly/klines/xplusdt/1m/XPLUSDT-1m-2026-04.csv
futures/um/monthly/klines/xplusdt/1m/XPLUSDT-1m-2026-05.csv
futures/um/monthly/klines/xplusdt/1m/XPLUSDT-1m-2026-06.csv
futures/um/monthly/klines/xplusdt/1m/XPLUSDT-1m-2026-07.csv
futures/um/monthly/klines/xplusdt/1m/XPLUSDT-1m-2026-08.csv
futures/um/monthly/klines/xrpusdt/1m/XRPUSDT-1m-2020-01.csv
futures/um/monthly/klines/xrpusdt/1m/XRPUSDT-1m-2020-02.csv
futures/um/monthly/klines/xrpusdt/1m/XRPUSDT-1m-2020-03.csv
futures/um/monthly/klines/xrpusdt/1m/XRPUSDT-1m-2020-04.csv
futures/um/monthly/klines/xrpusdt/1m/XRPUSDT-1m-2020-05.csv
futures/um/monthly/klines/xrpusdt/1m/XRPUSDT-1m-2020-06.csv
futures/um/monthly/klines/xrpusdt/1m/XRPUSDT-1m-2020-07.csv
futures/um/monthly/klines/xrpusdt/1m/XRPUSDT-1m-2020-08.csv
futures/um/monthly/klines/xrpusdt/1m/XRPUSDT-1m-2020-09.csv
futures/um/monthly/klines/xrpusdt/1m/XRPUSDT-1m-2020-10.csv
futures/um/monthly/klines/xrpusdt/1m/XRPUSDT-1m-2020-11.csv
futures/um/monthly/klines/xrpusdt/1m/XRPUSDT-1m-2020-12.csv
futures/um/monthly/klines/xrpusdt/1m/XRPUSDT-1m-2021-01.csv
futures/um/monthly/klines/xrpusdt/1m/XRPUSDT-1m-2021-02.csv
futures/um/monthly/klines/xrpusdt/1m/XRPUSDT-1m-2021-03.csv
futures/um/monthly/klines/xrpusdt/1m/XRPUSDT-1m-2021-04.csv
futures/um/monthly/klines/xrpusdt/1m/XRPUSDT-1m-2021-05.csv
futures/um/monthly/klines/xrpusdt/1m/XRPUSDT-1m-2021-06.csv
futures/um/monthly/klines/xrpusdt/1m/XRPUSDT-1m-2021-07.csv
futures/um/monthly/klines/xrpusdt/1m/XRPUSDT-1m-2021-08.csv
futures/um/monthly/klines/xrpusdt/1m/XRPUSDT-1m-2021-09.csv
futures/um/monthly/klines/xrpusdt/1m/XRPUSDT-1m-2021-10.csv
futures/um/monthly/klines/xrpusdt/1m/XRPUSDT-1m-2021-11.csv
futures/um/monthly/klines/xrpusdt/1m/XRPUSDT-1m-2021-12.csv
futures/um/monthly/klines/xrpusdt/1m/XRPUSDT-1m-2022-01.csv
futures/um/monthly/klines/xrpusdt/1m/XRPUSDT-1m-2022-02.csv
futures/um/monthly/klines/xrpusdt/1m/XRPUSDT-1m-2022-03.csv
futures/um/monthly/klines/xrpusdt/1m/XRPUSDT-1m-2022-04.csv
futures/um/monthly/klines/xrpusdt/1m/XRPUSDT-1m-2022-05.csv
futures/um/monthly/klines/xrpusdt/1m/XRPUSDT-1m-2022-06.csv
futures/um/monthly/klines/xrpusdt/1m/XRPUSDT-1m-2022-07.csv
futures/um/monthly/klines/xrpusdt/1m/XRPUSDT-1m-2022-08.csv
futures/um/monthly/klines/xrpusdt/1m/XRPUSDT-1m-2022-09.csv
futures/um/monthly/klines/xrpusdt/1m/XRPUSDT-1m-2022-10.csv
futures/um/monthly/klines/xrpusdt/1m/XRPUSDT-1m-2022-11.csv
futures/um/monthly/klines/xrpusdt/1m/XRPUSDT-1m-2022-12.csv
futures/um/monthly/klines/xrpusdt/1m/XRPUSDT-1m-2023-01.csv
futures/um/monthly/klines/xrpusdt/1m/XRPUSDT-1m-2023-02.csv
futures/um/monthly/klines/xrpusdt/1m/XRPUSDT-1m-2023-03.csv
futures/um/monthly/klines/xrpusdt/1m/XRPUSDT-1m-2023-04.csv
futures/um/monthly/klines/xrpusdt/1m/XRPUSDT-1m-2023-05.csv
futures/um/monthly/klines/xrpusdt/1m/XRPUSDT-1m-2023-06.csv
futures/um/monthly/klines/xrpusdt/1m/XRPUSDT-1m-2023-07.csv
futures/um/monthly/klines/xrpusdt/1m/XRPUSDT-1m-2023-08.csv
futures/um/monthly/klines/xrpusdt/1m/XRPUSDT-1m-2023-09.csv
futures/um/monthly/klines/xrpusdt/1m/XRPUSDT-1m-2023-10.csv
futures/um/monthly/klines/xrpusdt/1m/XRPUSDT-1m-2023-11.csv
futures/um/monthly/klines/xrpusdt/1m/XRPUSDT-1m-2023-12.csv
futures/um/monthly/klines/xrpusdt/1m/XRPUSDT-1m-2024-01.csv
futures/um/monthly/klines/xrpusdt/1m/XRPUSDT-1m-2024-02.csv
futures/um/monthly/klines/xrpusdt/1m/XRPUSDT-1m-2024-03.csv
futures/um/monthly/klines/xrpusdt/1m/XRPUSDT-1m-2024-04.csv
futures/um/monthly/klines/xrpusdt/1m/XRPUSDT-1m-2024-05.csv
futures/um/monthly/klines/xrpusdt/1m/XRPUSDT-1m-2024-06.csv
futures/um/monthly/klines/xrpusdt/1m/XRPUSDT-1m-2024-07.csv
futures/um/monthly/klines/xrpusdt/1m/XRPUSDT-1m-2024-08.csv
futures/um/monthly/klines/xrpusdt/1m/XRPUSDT-1m-2024-09.csv
futures/um/monthly/klines/xrpusdt/1m/XRPUSDT-1m-2024-10.csv
futures/um/monthly/klines/xrpusdt/1m/XRPUSDT-1m-2024-11.csv
futures/um/monthly/klines/xrpusdt/1m/XRPUSDT-1m-2024-12.csv
futures/um/monthly/klines/xrpusdt/1m/XRPUSDT-1m-2025-01.csv
futures/um/monthly/klines/xrpusdt/1m/XRPUSDT-1m-2025-02.csv
futures/um/monthly/klines/xrpusdt/1m/XRPUSDT-1m-2025-03.csv
futures/um/monthly/klines/xrpusdt/1m/XRPUSDT-1m-2025-04.csv
futures/um/monthly/klines/xrpusdt/1m/XRPUSDT-1m-2025-05.csv
futures/um/monthly/klines/xrpusdt/1m/XRPUSDT-1m-2025-06.csv
futures/um/monthly/klines/xrpusdt/1m/XRPUSDT-1m-2025-07.csv
futures/um/monthly/klines/xrpusdt/1m/XRPUSDT-1m-2025-08.csv
futures/um/monthly/klines/xrpusdt/1m/XRPUSDT-1m-2025-09.csv
futures/um/monthly/klines/xrpusdt/1m/XRPUSDT-1m-2025-10.csv
futures/um/monthly/klines/xrpusdt/1m/XRPUSDT-1m-2025-11.csv
futures/um/monthly/klines/xrpusdt/1m/XRPUSDT-1m-2025-12.csv
futures/um/monthly/klines/xrpusdt/1m/XRPUSDT-1m-2026-01.csv
futures/um/monthly/klines/xrpusdt/1m/XRPUSDT-1m-2026-02.csv
futures/um/monthly/klines/xrpusdt/1m/XRPUSDT-1m-2026-03.csv
futures/um/monthly/klines/xrpusdt/1m/XRPUSDT-1m-2026-04.csv
futures/um/monthly/klines/xrpusdt/1m/XRPUSDT-1m-2026-05.csv
futures/um/monthly/klines/xrpusdt/1m/XRPUSDT-1m-2026-06.csv
futures/um/monthly/klines/xrpusdt/1m/XRPUSDT-1m-2026-07.csv
futures/um/monthly/klines/xrpusdt/1m/XRPUSDT-1m-2026-08.csv
futures/um/monthly/klines/xtzusdt/1m/XTZUSDT-1m-2020-02.csv
futures/um/monthly/klines/xtzusdt/1m/XTZUSDT-1m-2020-03.csv
futures/um/monthly/klines/xtzusdt/1m/XTZUSDT-1m-2020-04.csv
futures/um/monthly/klines/xtzusdt/1m/XTZUSDT-1m-2020-05.csv
futures/um/monthly/klines/xtzusdt/1m/XTZUSDT-1m-2020-06.csv
futures/um/monthly/klines/xtzusdt/1m/XTZUSDT-1m-2020-07.csv
futures/um/monthly/klines/xtzusdt/1m/XTZUSDT-1m-2020-08.csv
futures/um/monthly/klines/xtzusdt/1m/XTZUSDT-1m-2020-09.csv
futures/um/monthly/klines/xtzusdt/1m/XTZUSDT-1m-2020-10.csv
futures/um/monthly/klines/xtzusdt/1m/XTZUSDT-1m-2020-11.csv
futures/um/monthly/klines/xtzusdt/1m/XTZUSDT-1m-2020-12.csv
futures/um/monthly/klines/xtzusdt/1m/XTZUSDT-1m-2021-01.csv
futures/um/monthly/klines/xtzusdt/1m/XTZUSDT-1m-2021-02.csv
futures/um/monthly/klines/xtzusdt/1m/XTZUSDT-1m-2021-03.csv
futures/um/monthly/klines/xtzusdt/1m/XTZUSDT-1m-2021-04.csv
futures/um/monthly/klines/xtzusdt/1m/XTZUSDT-1m-2021-05.csv
futures/um/monthly/klines/xtzusdt/1m/XTZUSDT-1m-2021-06.csv
futures/um/monthly/klines/xtzusdt/1m/XTZUSDT-1m-2021-07.csv
futures/um/monthly/klines/xtzusdt/1m/XTZUSDT-1m-2021-08.csv
futures/um/monthly/klines/xtzusdt/1m/XTZUSDT-1m-2021-09.csv
futures/um/monthly/klines/xtzusdt/1m/XTZUSDT-1m-2021-10.csv
futures/um/monthly/klines/xtzusdt/1m/XTZUSDT-1m-2021-11.csv
futures/um/monthly/klines/xtzusdt/1m/XTZUSDT-1m-2021-12.csv
futures/um/monthly/klines/xtzusdt/1m/XTZUSDT-1m-2022-01.csv
futures/um/monthly/klines/xtzusdt/1m/XTZUSDT-1m-2022-02.csv
futures/um/monthly/klines/xtzusdt/1m/XTZUSDT-1m-2022-03.csv
futures/um/monthly/klines/xtzusdt/1m/XTZUSDT-1m-2022-04.csv
futures/um/monthly/klines/xtzusdt/1m/XTZUSDT-1m-2022-05.csv
futures/um/monthly/klines/xtzusdt/1m/XTZUSDT-1m-2022-06.csv
futures/um/monthly/klines/xtzusdt/1m/XTZUSDT-1m-2022-07.csv
futures/um/monthly/klines/xtzusdt/1m/XTZUSDT-1m-2022-08.csv
futures/um/monthly/klines/xtzusdt/1m/XTZUSDT-1m-2022-09.csv
futures/um/monthly/klines/xtzusdt/1m/XTZUSDT-1m-2022-10.csv
futures/um/monthly/klines/xtzusdt/1m/XTZUSDT-1m-2022-11.csv
futures/um/monthly/klines/xtzusdt/1m/XTZUSDT-1m-2022-12.csv
futures/um/monthly/klines/xtzusdt/1m/XTZUSDT-1m-2023-01.csv
futures/um/monthly/klines/xtzusdt/1m/XTZUSDT-1m-2023-02.csv
futures/um/monthly/klines/xtzusdt/1m/XTZUSDT-1m-2023-03.csv
futures/um/monthly/klines/xtzusdt/1m/XTZUSDT-1m-2023-04.csv
futures/um/monthly/klines/xtzusdt/1m/XTZUSDT-1m-2023-05.csv
futures/um/monthly/klines/xtzusdt/1m/XTZUSDT-1m-2023-06.csv
futures/um/monthly/klines/xtzusdt/1m/XTZUSDT-1m-2023-07.csv
futures/um/monthly/klines/xtzusdt/1m/XTZUSDT-1m-2023-08.csv
futures/um/monthly/klines/xtzusdt/1m/XTZUSDT-1m-2023-09.csv
futures/um/monthly/klines/xtzusdt/1m/XTZUSDT-1m-2023-10.csv
futures/um/monthly/klines/xtzusdt/1m/XTZUSDT-1m-2023-11.csv
futures/um/monthly/klines/xtzusdt/1m/XTZUSDT-1m-2023-12.csv
futures/um/monthly/klines/xtzusdt/1m/XTZUSDT-1m-2024-01.csv
futures/um/monthly/klines/xtzusdt/1m/XTZUSDT-1m-2024-02.csv
futures/um/monthly/klines/xtzusdt/1m/XTZUSDT-1m-2024-03.csv
futures/um/monthly/klines/xtzusdt/1m/XTZUSDT-1m-2024-04.csv
futures/um/monthly/klines/xtzusdt/1m/XTZUSDT-1m-2024-05.csv
futures/um/monthly/klines/xtzusdt/1m/XTZUSDT-1m-2024-06.csv
futures/um/monthly/klines/xtzusdt/1m/XTZUSDT-1m-2024-07.csv
futures/um/monthly/klines/xtzusdt/1m/XTZUSDT-1m-2024-08.csv
futures/um/monthly/klines/xtzusdt/1m/XTZUSDT-1m-2024-09.csv
futures/um/monthly/klines/xtzusdt/1m/XTZUSDT-1m-2024-10.csv
futures/um/monthly/klines/xtzusdt/1m/XTZUSDT-1m-2024-11.csv
futures/um/monthly/klines/xtzusdt/1m/XTZUSDT-1m-2024-12.csv
futures/um/monthly/klines/xtzusdt/1m/XTZUSDT-1m-2025-01.csv
futures/um/monthly/klines/xtzusdt/1m/XTZUSDT-1m-2025-02.csv
futures/um/monthly/klines/xtzusdt/1m/XTZUSDT-1m-2025-03.csv
futures/um/monthly/klines/xtzusdt/1m/XTZUSDT-1m-2025-04.csv
futures/um/monthly/klines/xtzusdt/1m/XTZUSDT-1m-2025-05.csv
futures/um/monthly/klines/xtzusdt/1m/XTZUSDT-1m-2025-06.csv
futures/um/monthly/klines/xtzusdt/1m/XTZUSDT-1m-2025-07.csv
futures/um/monthly/klines/xtzusdt/1m/XTZUSDT-1m-2025-08.csv
futures/um/monthly/klines/xtzusdt/1m/XTZUSDT-1m-2025-09.csv
futures/um/monthly/klines/xtzusdt/1m/XTZUSDT-1m-2025-10.csv
futures/um/monthly/klines/xtzusdt/1m/XTZUSDT-1m-2025-11.csv
futures/um/monthly/klines/xtzusdt/1m/XTZUSDT-1m-2025-12.csv
futures/um/monthly/klines/xtzusdt/1m/XTZUSDT-1m-2026-01.csv
futures/um/monthly/klines/xtzusdt/1m/XTZUSDT-1m-2026-02.csv
futures/um/monthly/klines/xtzusdt/1m/XTZUSDT-1m-2026-03.csv
futures/um/monthly/klines/xtzusdt/1m/XTZUSDT-1m-2026-04.csv
futures/um/monthly/klines/xtzusdt/1m/XTZUSDT-1m-2026-05.csv
futures/um/monthly/klines/xtzusdt/1m/XTZUSDT-1m-2026-06.csv
futures/um/monthly/klines/xtzusdt/1m/XTZUSDT-1m-2026-07.csv
futures/um/monthly/klines/xtzusdt/1m/XTZUSDT-1m-2026-08.csv
futures/um/monthly/klines/xvgusdt/1m/XVGUSDT-1m-2023-07.csv
futures/um/monthly/klines/xvgusdt/1m/XVGUSDT-1m-2023-08.csv
futures/um/monthly/klines/xvgusdt/1m/XVGUSDT-1m-2023-09.csv
futures/um/monthly/klines/xvgusdt/1m/XVGUSDT-1m-2023-10.csv
futures/um/monthly/klines/xvgusdt/1m/XVGUSDT-1m-2023-11.csv
futures/um/monthly/klines/xvgusdt/1m/XVGUSDT-1m-2023-12.csv
futures/um/monthly/klines/xvgusdt/1m/XVGUSDT-1m-2024-01.csv
futures/um/monthly/klines/xvgusdt/1m/XVGUSDT-1m-2024-02.csv
futures/um/monthly/klines/xvgusdt/1m/XVGUSDT-1m-2024-03.csv
futures/um/monthly/klines/xvgusdt/1m/XVGUSDT-1m-2024-04.csv
futures/um/monthly/klines/xvgusdt/1m/XVGUSDT-1m-2024-05.csv
futures/um/monthly/klines/xvgusdt/1m/XVGUSDT-1m-2024-06.csv
futures/um/monthly/klines/xvgusdt/1m/XVGUSDT-1m-2024-07.csv
futures/um/monthly/klines/xvgusdt/1m/XVGUSDT-1m-2024-08.csv
futures/um/monthly/klines/xvgusdt/1m/XVGUSDT-1m-2024-09.csv
futures/um/monthly/klines/xvgusdt/1m/XVGUSDT-1m-2024-10.csv
futures/um/monthly/klines/xvgusdt/1m/XVGUSDT-1m-2024-11.csv
futures/um/monthly/klines/xvgusdt/1m/XVGUSDT-1m-2024-12.csv
futures/um/monthly/klines/xvgusdt/1m/XVGUSDT-1m-2025-01.csv
futures/um/monthly/klines/xvgusdt/1m/XVGUSDT-1m-2025-02.csv
futures/um/monthly/klines/xvgusdt/1m/XVGUSDT-1m-2025-03.csv
futures/um/monthly/klines/xvgusdt/1m/XVGUSDT-1m-2025-04.csv
futures/um/monthly/klines/xvgusdt/1m/XVGUSDT-1m-2025-05.csv
futures/um/monthly/klines/xvgusdt/1m/XVGUSDT-1m-2025-06.csv
futures/um/monthly/klines/xvgusdt/1m/XVGUSDT-1m-2025-07.csv
futures/um/monthly/klines/xvgusdt/1m/XVGUSDT-1m-2025-08.csv
futures/um/monthly/klines/xvgusdt/1m/XVGUSDT-1m-2025-09.csv
futures/um/monthly/klines/xvgusdt/1m/XVGUSDT-1m-2025-10.csv
futures/um/monthly/klines/xvgusdt/1m/XVGUSDT-1m-2025-11.csv
futures/um/monthly/klines/xvgusdt/1m/XVGUSDT-1m-2025-12.csv
futures/um/monthly/klines/xvgusdt/1m/XVGUSDT-1m-2026-01.csv
futures/um/monthly/klines/xvgusdt/1m/XVGUSDT-1m-2026-02.csv
futures/um/monthly/klines/xvgusdt/1m/XVGUSDT-1m-2026-03.csv
futures/um/monthly/klines/xvgusdt/1m/XVGUSDT-1m-2026-04.csv
futures/um/monthly/klines/xvgusdt/1m/XVGUSDT-1m-2026-05.csv
futures/um/monthly/klines/xvgusdt/1m/XVGUSDT-1m-2026-06.csv
futures/um/monthly/klines/xvgusdt/1m/XVGUSDT-1m-2026-07.csv
futures/um/monthly/klines/xvgusdt/1m/XVGUSDT-1m-2026-08.csv
futures/um/monthly/klines/xvsusdt/1m/XVSUSDT-1m-2023-04.csv
futures/um/monthly/klines/xvsusdt/1m/XVSUSDT-1m-2023-05.csv
futures/um/monthly/klines/xvsusdt/1m/XVSUSDT-1m-2023-06.csv
futures/um/monthly/klines/xvsusdt/1m/XVSUSDT-1m-2023-07.csv
futures/um/monthly/klines/xvsusdt/1m/XVSUSDT-1m-2023-08.csv
futures/um/monthly/klines/xvsusdt/1m/XVSUSDT-1m-2023-09.csv
futures/um/monthly/klines/xvsusdt/1m/XVSUSDT-1m-2023-10.csv
futures/um/monthly/klines/xvsusdt/1m/XVSUSDT-1m-2023-11.csv
futures/um/monthly/klines/xvsusdt/1m/XVSUSDT-1m-2023-12.csv
futures/um/monthly/klines/xvsusdt/1m/XVSUSDT-1m-2024-01.csv
futures/um/monthly/klines/xvsusdt/1m/XVSUSDT-1m-2024-02.csv
futures/um/monthly/klines/xvsusdt/1m/XVSUSDT-1m-2024-03.csv
futures/um/monthly/klines/xvsusdt/1m/XVSUSDT-1m-2024-04.csv
futures/um/monthly/klines/xvsusdt/1m/XVSUSDT-1m-2024-05.csv
futures/um/monthly/klines/xvsusdt/1m/XVSUSDT-1m-2024-06.csv
futures/um/monthly/klines/xvsusdt/1m/XVSUSDT-1m-2024-07.csv
futures/um/monthly/klines/xvsusdt/1m/XVSUSDT-1m-2024-08.csv
futures/um/monthly/klines/xvsusdt/1m/XVSUSDT-1m-2024-09.csv
futures/um/monthly/klines/xvsusdt/1m/XVSUSDT-1m-2024-10.csv
futures/um/monthly/klines/xvsusdt/1m/XVSUSDT-1m-2024-11.csv
futures/um/monthly/klines/xvsusdt/1m/XVSUSDT-1m-2024-12.csv
futures/um/monthly/klines/xvsusdt/1m/XVSUSDT-1m-2025-01.csv
futures/um/monthly/klines/xvsusdt/1m/XVSUSDT-1m-2025-02.csv
futures/um/monthly/klines/xvsusdt/1m/XVSUSDT-1m-2025-03.csv
futures/um/monthly/klines/xvsusdt/1m/XVSUSDT-1m-2025-04.csv
futures/um/monthly/klines/xvsusdt/1m/XVSUSDT-1m-2025-05.csv
futures/um/monthly/klines/xvsusdt/1m/XVSUSDT-1m-2025-06.csv
futures/um/monthly/klines/xvsusdt/1m/XVSUSDT-1m-2025-07.csv
futures/um/monthly/klines/xvsusdt/1m/XVSUSDT-1m-2025-08.csv
futures/um/monthly/klines/xvsusdt/1m/XVSUSDT-1m-2025-09.csv
futures/um/monthly/klines/xvsusdt/1m/XVSUSDT-1m-2025-10.csv
futures/um/monthly/klines/xvsusdt/1m/XVSUSDT-1m-2025-11.csv
futures/um/monthly/klines/xvsusdt/1m/XVSUSDT-1m-2025-12.csv
futures/um/monthly/klines/xvsusdt/1m/XVSUSDT-1m-2026-01.csv
futures/um/monthly/klines/xvsusdt/1m/XVSUSDT-1m-2026-02.csv
futures/um/monthly/klines/xvsusdt/1m/XVSUSDT-1m-2026-03.csv
futures/um/monthly/klines/xvsusdt/1m/XVSUSDT-1m-2026-04.csv
futures/um/monthly/klines/xvsusdt/1m/XVSUSDT-1m-2026-05.csv
futures/um/monthly/klines/xvsusdt/1m/XVSUSDT-1m-2026-06.csv
futures/um/monthly/klines/xvsusdt/1m/XVSUSDT-1m-2026-07.csv
futures/um/monthly/klines/xvsusdt/1m/XVSUSDT-1m-2026-08.csv
futures/um/monthly/klines/ybusdt/1m/YBUSDT-1m-2025-10.csv
futures/um/monthly/klines/ybusdt/1m/YBUSDT-1m-2025-11.csv
futures/um/monthly/klines/ybusdt/1m/YBUSDT-1m-2025-12.csv
futures/um/monthly/klines/ybusdt/1m/YBUSDT-1m-2026-01.csv
futures/um/monthly/klines/ybusdt/1m/YBUSDT-1m-2026-02.csv
futures/um/monthly/klines/ybusdt/1m/YBUSDT-1m-2026-03.csv
futures/um/monthly/klines/ybusdt/1m/YBUSDT-1m-2026-04.csv
futures/um/monthly/klines/ybusdt/1m/YBUSDT-1m-2026-05.csv
futures/um/monthly/klines/ybusdt/1m/YBUSDT-1m-2026-06.csv
futures/um/monthly/klines/ybusdt/1m/YBUSDT-1m-2026-07.csv
futures/um/monthly/klines/ybusdt/1m/YBUSDT-1m-2026-08.csv
futures/um/monthly/klines/yfiusdt/1m/YFIUSDT-1m-2020-08.csv
futures/um/monthly/klines/yfiusdt/1m/YFIUSDT-1m-2020-09.csv
futures/um/monthly/klines/yfiusdt/1m/YFIUSDT-1m-2020-10.csv
futures/um/monthly/klines/yfiusdt/1m/YFIUSDT-1m-2020-11.csv
futures/um/monthly/klines/yfiusdt/1m/YFIUSDT-1m-2020-12.csv
futures/um/monthly/klines/yfiusdt/1m/YFIUSDT-1m-2021-01.csv
futures/um/monthly/klines/yfiusdt/1m/YFIUSDT-1m-2021-02.csv
futures/um/monthly/klines/yfiusdt/1m/YFIUSDT-1m-2021-03.csv
futures/um/monthly/klines/yfiusdt/1m/YFIUSDT-1m-2021-04.csv
futures/um/monthly/klines/yfiusdt/1m/YFIUSDT-1m-2021-05.csv
futures/um/monthly/klines/yfiusdt/1m/YFIUSDT-1m-2021-06.csv
futures/um/monthly/klines/yfiusdt/1m/YFIUSDT-1m-2021-07.csv
futures/um/monthly/klines/yfiusdt/1m/YFIUSDT-1m-2021-08.csv
futures/um/monthly/klines/yfiusdt/1m/YFIUSDT-1m-2021-09.csv
futures/um/monthly/klines/yfiusdt/1m/YFIUSDT-1m-2021-10.csv
futures/um/monthly/klines/yfiusdt/1m/YFIUSDT-1m-2021-11.csv
futures/um/monthly/klines/yfiusdt/1m/YFIUSDT-1m-2021-12.csv
futures/um/monthly/klines/yfiusdt/1m/YFIUSDT-1m-2022-01.csv
futures/um/monthly/klines/yfiusdt/1m/YFIUSDT-1m-2022-02.csv
futures/um/monthly/klines/yfiusdt/1m/YFIUSDT-1m-2022-03.csv
futures/um/monthly/klines/yfiusdt/1m/YFIUSDT-1m-2022-04.csv
futures/um/monthly/klines/yfiusdt/1m/YFIUSDT-1m-2022-05.csv
futures/um/monthly/klines/yfiusdt/1m/YFIUSDT-1m-2022-06.csv
futures/um/monthly/klines/yfiusdt/1m/YFIUSDT-1m-2022-07.csv
futures/um/monthly/klines/yfiusdt/1m/YFIUSDT-1m-2022-08.csv
futures/um/monthly/klines/yfiusdt/1m/YFIUSDT-1m-2022-09.csv
futures/um/monthly/klines/yfiusdt/1m/YFIUSDT-1m-2022-10.csv
futures/um/monthly/klines/yfiusdt/1m/YFIUSDT-1m-2022-11.csv
futures/um/monthly/klines/yfiusdt/1m/YFIUSDT-1m-2022-12.csv
futures/um/monthly/klines/yfiusdt/1m/YFIUSDT-1m-2023-01.csv
futures/um/monthly/klines/yfiusdt/1m/YFIUSDT-1m-2023-02.csv
futures/um/monthly/klines/yfiusdt/1m/YFIUSDT-1m-2023-03.csv
futures/um/monthly/klines/yfiusdt/1m/YFIUSDT-1m-2023-04.csv
futures/um/monthly/klines/yfiusdt/1m/YFIUSDT-1m-2023-05.csv
futures/um/monthly/klines/yfiusdt/1m/YFIUSDT-1m-2023-06.csv
futures/um/monthly/klines/yfiusdt/1m/YFIUSDT-1m-2023-07.csv
futures/um/monthly/klines/yfiusdt/1m/YFIUSDT-1m-2023-08.csv
futures/um/monthly/klines/yfiusdt/1m/YFIUSDT-1m-2023-09.csv
futures/um/monthly/klines/yfiusdt/1m/YFIUSDT-1m-2023-10.csv
futures/um/monthly/klines/yfiusdt/1m/YFIUSDT-1m-2023-11.csv
futures/um/monthly/klines/yfiusdt/1m/YFIUSDT-1m-2023-12.csv
futures/um/monthly/klines/yfiusdt/1m/YFIUSDT-1m-2024-01.csv
futures/um/monthly/klines/yfiusdt/1m/YFIUSDT-1m-2024-02.csv
futures/um/monthly/klines/yfiusdt/1m/YFIUSDT-1m-2024-03.csv
futures/um/monthly/klines/yfiusdt/1m/YFIUSDT-1m-2024-04.csv
futures/um/monthly/klines/yfiusdt/1m/YFIUSDT-1m-2024-05.csv
futures/um/monthly/klines/yfiusdt/1m/YFIUSDT-1m-2024-06.csv
futures/um/monthly/klines/yfiusdt/1m/YFIUSDT-1m-2024-07.csv
futures/um/monthly/klines/yfiusdt/1m/YFIUSDT-1m-2024-08.csv
futures/um/monthly/klines/yfiusdt/1m/YFIUSDT-1m-2024-09.csv
futures/um/monthly/klines/yfiusdt/1m/YFIUSDT-1m-2024-10.csv
futures/um/monthly/klines/yfiusdt/1m/YFIUSDT-1m-2024-11.csv
futures/um/monthly/klines/yfiusdt/1m/YFIUSDT-1m-2024-12.csv
futures/um/monthly/klines/yfiusdt/1m/YFIUSDT-1m-2025-01.csv
futures/um/monthly/klines/yfiusdt/1m/YFIUSDT-1m-2025-02.csv
futures/um/monthly/klines/yfiusdt/1m/YFIUSDT-1m-2025-03.csv
futures/um/monthly/klines/yfiusdt/1m/YFIUSDT-1m-2025-04.csv
futures/um/monthly/klines/yfiusdt/1m/YFIUSDT-1m-2025-05.csv
futures/um/monthly/klines/yfiusdt/1m/YFIUSDT-1m-2025-06.csv
futures/um/monthly/klines/yfiusdt/1m/YFIUSDT-1m-2025-07.csv
futures/um/monthly/klines/yfiusdt/1m/YFIUSDT-1m-2025-08.csv
futures/um/monthly/klines/yfiusdt/1m/YFIUSDT-1m-2025-09.csv
futures/um/monthly/klines/yfiusdt/1m/YFIUSDT-1m-2025-10.csv
futures/um/monthly/klines/yfiusdt/1m/YFIUSDT-1m-2025-11.csv
futures/um/monthly/klines/yfiusdt/1m/YFIUSDT-1m-2025-12.csv
futures/um/monthly/klines/yfiusdt/1m/YFIUSDT-1m-2026-01.csv
futures/um/monthly/klines/yfiusdt/1m/YFIUSDT-1m-2026-02.csv
futures/um/monthly/klines/yfiusdt/1m/YFIUSDT-1m-2026-03.csv
futures/um/monthly/klines/yfiusdt/1m/YFIUSDT-1m-2026-04.csv
futures/um/monthly/klines/yfiusdt/1m/YFIUSDT-1m-2026-05.csv
futures/um/monthly/klines/yfiusdt/1m/YFIUSDT-1m-2026-06.csv
futures/um/monthly/klines/yfiusdt/1m/YFIUSDT-1m-2026-07.csv
futures/um/monthly/klines/yfiusdt/1m/YFIUSDT-1m-2026-08.csv
futures/um/monthly/klines/yggusdt/1m/YGGUSDT-1m-2023-08.csv
futures/um/monthly/klines/yggusdt/1m/YGGUSDT-1m-2023-09.csv
futures/um/monthly/klines/yggusdt/1m/YGGUSDT-1m-2023-10.csv
futures/um/monthly/klines/yggusdt/1m/YGGUSDT-1m-2023-11.csv
futures/um/monthly/klines/yggusdt/1m/YGGUSDT-1m-2023-12.csv
futures/um/monthly/klines/yggusdt/1m/YGGUSDT-1m-2024-01.csv
futures/um/monthly/klines/yggusdt/1m/YGGUSDT-1m-2024-02.csv
futures/um/monthly/klines/yggusdt/1m/YGGUSDT-1m-2024-03.csv
futures/um/monthly/klines/yggusdt/1m/YGGUSDT-1m-2024-04.csv
futures/um/monthly/klines/yggusdt/1m/YGGUSDT-1m-2024-05.csv
futures/um/monthly/klines/yggusdt/1m/YGGUSDT-1m-2024-06.csv
futures/um/monthly/klines/yggusdt/1m/YGGUSDT-1m-2024-07.csv
futures/um/monthly/klines/yggusdt/1m/YGGUSDT-1m-2024-08.csv
futures/um/monthly/klines/yggusdt/1m/YGGUSDT-1m-2024-09.csv
futures/um/monthly/klines/yggusdt/1m/YGGUSDT-1m-2024-10.csv
futures/um/monthly/klines/yggusdt/1m/YGGUSDT-1m-2024-11.csv
futures/um/monthly/klines/yggusdt/1m/YGGUSDT-1m-2024-12.csv
futures/um/monthly/klines/yggusdt/1m/YGGUSDT-1m-2025-01.csv
futures/um/monthly/klines/yggusdt/1m/YGGUSDT-1m-2025-02.csv
futures/um/monthly/klines/yggusdt/1m/YGGUSDT-1m-2025-03.csv
futures/um/monthly/klines/yggusdt/1m/YGGUSDT-1m-2025-04.csv
futures/um/monthly/klines/yggusdt/1m/YGGUSDT-1m-2025-05.csv
futures/um/monthly/klines/yggusdt/1m/YGGUSDT-1m-2025-06.csv
futures/um/monthly/klines/yggusdt/1m/YGGUSDT-1m-2025-07.csv
futures/um/monthly/klines/yggusdt/1m/YGGUSDT-1m-2025-08.csv
futures/um/monthly/klines/yggusdt/1m/YGGUSDT-1m-2025-09.csv
futures/um/monthly/klines/yggusdt/1m/YGGUSDT-1m-2025-10.csv
futures/um/monthly/klines/yggusdt/1m/YGGUSDT-1m-2025-11.csv
futures/um/monthly/klines/yggusdt/1m/YGGUSDT-1m-2025-12.csv
futures/um/monthly/klines/yggusdt/1m/YGGUSDT-1m-2026-01.csv
futures/um/monthly/klines/yggusdt/1m/YGGUSDT-1m-2026-02.csv
futures/um/monthly/klines/yggusdt/1m/YGGUSDT-1m-2026-03.csv
futures/um/monthly/klines/yggusdt/1m/YGGUSDT-1m-2026-04.csv
futures/um/monthly/klines/yggusdt/1m/YGGUSDT-1m-2026-05.csv
futures/um/monthly/klines/yggusdt/1m/YGGUSDT-1m-2026-06.csv
futures/um/monthly/klines/yggusdt/1m/YGGUSDT-1m-2026-07.csv
futures/um/monthly/klines/yggusdt/1m/YGGUSDT-1m-2026-08.csv
futures/um/monthly/klines/zamausdt/1m/ZAMAUSDT-1m-2026-01.csv
futures/um/monthly/klines/zamausdt/1m/ZAMAUSDT-1m-2026-02.csv
futures/um/monthly/klines/zamausdt/1m/ZAMAUSDT-1m-2026-03.csv
futures/um/monthly/klines/zamausdt/1m/ZAMAUSDT-1m-2026-04.csv
futures/um/monthly/klines/zamausdt/1m/ZAMAUSDT-1m-2026-05.csv
futures/um/monthly/klines/zamausdt/1m/ZAMAUSDT-1m-2026-06.csv
futures/um/monthly/klines/zamausdt/1m/ZAMAUSDT-1m-2026-07.csv
futures/um/monthly/klines/zamausdt/1m/ZAMAUSDT-1m-2026-08.csv
futures/um/monthly/klines/zbtusdt/1m/ZBTUSDT-1m-2025-10.csv
futures/um/monthly/klines/zbtusdt/1m/ZBTUSDT-1m-2025-11.csv
futures/um/monthly/klines/zbtusdt/1m/ZBTUSDT-1m-2025-12.csv
futures/um/monthly/klines/zbtusdt/1m/ZBTUSDT-1m-2026-01.csv
futures/um/monthly/klines/zbtusdt/1m/ZBTUSDT-1m-2026-02.csv
futures/um/monthly/klines/zbtusdt/1m/ZBTUSDT-1m-2026-03.csv
futures/um/monthly/klines/zbtusdt/1m/ZBTUSDT-1m-2026-04.csv
futures/um/monthly/klines/zbtusdt/1m/ZBTUSDT-1m-2026-05.csv
futures/um/monthly/klines/zbtusdt/1m/ZBTUSDT-1m-2026-06.csv
futures/um/monthly/klines/zbtusdt/1m/ZBTUSDT-1m-2026-07.csv
futures/um/monthly/klines/zbtusdt/1m/ZBTUSDT-1m-2026-08.csv
futures/um/monthly/klines/zecusdt/1m/ZECUSDT-1m-2020-02.csv
futures/um/monthly/klines/zecusdt/1m/ZECUSDT-1m-2020-03.csv
futures/um/monthly/klines/zecusdt/1m/ZECUSDT-1m-2020-04.csv
futures/um/monthly/klines/zecusdt/1m/ZECUSDT-1m-2020-05.csv
futures/um/monthly/klines/zecusdt/1m/ZECUSDT-1m-2020-06.csv
futures/um/monthly/klines/zecusdt/1m/ZECUSDT-1m-2020-07.csv
futures/um/monthly/klines/zecusdt/1m/ZECUSDT-1m-2020-08.csv
futures/um/monthly/klines/zecusdt/1m/ZECUSDT-1m-2020-09.csv
futures/um/monthly/klines/zecusdt/1m/ZECUSDT-1m-2020-10.csv
futures/um/monthly/klines/zecusdt/1m/ZECUSDT-1m-2020-11.csv
futures/um/monthly/klines/zecusdt/1m/ZECUSDT-1m-2020-12.csv
futures/um/monthly/klines/zecusdt/1m/ZECUSDT-1m-2021-01.csv
futures/um/monthly/klines/zecusdt/1m/ZECUSDT-1m-2021-02.csv
futures/um/monthly/klines/zecusdt/1m/ZECUSDT-1m-2021-03.csv
futures/um/monthly/klines/zecusdt/1m/ZECUSDT-1m-2021-04.csv
futures/um/monthly/klines/zecusdt/1m/ZECUSDT-1m-2021-05.csv
futures/um/monthly/klines/zecusdt/1m/ZECUSDT-1m-2021-06.csv
futures/um/monthly/klines/zecusdt/1m/ZECUSDT-1m-2021-07.csv
futures/um/monthly/klines/zecusdt/1m/ZECUSDT-1m-2021-08.csv
futures/um/monthly/klines/zecusdt/1m/ZECUSDT-1m-2021-09.csv
futures/um/monthly/klines/zecusdt/1m/ZECUSDT-1m-2021-10.csv
futures/um/monthly/klines/zecusdt/1m/ZECUSDT-1m-2021-11.csv
futures/um/monthly/klines/zecusdt/1m/ZECUSDT-1m-2021-12.csv
futures/um/monthly/klines/zecusdt/1m/ZECUSDT-1m-2022-01.csv
futures/um/monthly/klines/zecusdt/1m/ZECUSDT-1m-2022-02.csv
futures/um/monthly/klines/zecusdt/1m/ZECUSDT-1m-2022-03.csv
futures/um/monthly/klines/zecusdt/1m/ZECUSDT-1m-2022-04.csv
futures/um/monthly/klines/zecusdt/1m/ZECUSDT-1m-2022-05.csv
futures/um/monthly/klines/zecusdt/1m/ZECUSDT-1m-2022-06.csv
futures/um/monthly/klines/zecusdt/1m/ZECUSDT-1m-2022-07.csv
futures/um/monthly/klines/zecusdt/1m/ZECUSDT-1m-2022-08.csv
futures/um/monthly/klines/zecusdt/1m/ZECUSDT-1m-2022-09.csv
futures/um/monthly/klines/zecusdt/1m/ZECUSDT-1m-2022-10.csv
futures/um/monthly/klines/zecusdt/1m/ZECUSDT-1m-2022-11.csv
futures/um/monthly/klines/zecusdt/1m/ZECUSDT-1m-2022-12.csv
futures/um/monthly/klines/zecusdt/1m/ZECUSDT-1m-2023-01.csv
futures/um/monthly/klines/zecusdt/1m/ZECUSDT-1m-2023-02.csv
futures/um/monthly/klines/zecusdt/1m/ZECUSDT-1m-2023-03.csv
futures/um/monthly/klines/zecusdt/1m/ZECUSDT-1m-2023-04.csv
futures/um/monthly/klines/zecusdt/1m/ZECUSDT-1m-2023-05.csv
futures/um/monthly/klines/zecusdt/1m/ZECUSDT-1m-2023-06.csv
futures/um/monthly/klines/zecusdt/1m/ZECUSDT-1m-2023-07.csv
futures/um/monthly/klines/zecusdt/1m/ZECUSDT-1m-2023-08.csv
futures/um/monthly/klines/zecusdt/1m/ZECUSDT-1m-2023-09.csv
futures/um/monthly/klines/zecusdt/1m/ZECUSDT-1m-2023-10.csv
futures/um/monthly/klines/zecusdt/1m/ZECUSDT-1m-2023-11.csv
futures/um/monthly/klines/zecusdt/1m/ZECUSDT-1m-2023-12.csv
futures/um/monthly/klines/zecusdt/1m/ZECUSDT-1m-2024-01.csv
futures/um/monthly/klines/zecusdt/1m/ZECUSDT-1m-2024-02.csv
futures/um/monthly/klines/zecusdt/1m/ZECUSDT-1m-2024-03.csv
futures/um/monthly/klines/zecusdt/1m/ZECUSDT-1m-2024-04.csv
futures/um/monthly/klines/zecusdt/1m/ZECUSDT-1m-2024-05.csv
futures/um/monthly/klines/zecusdt/1m/ZECUSDT-1m-2024-06.csv
futures/um/monthly/klines/zecusdt/1m/ZECUSDT-1m-2024-07.csv
futures/um/monthly/klines/zecusdt/1m/ZECUSDT-1m-2024-08.csv
futures/um/monthly/klines/zecusdt/1m/ZECUSDT-1m-2024-09.csv
futures/um/monthly/klines/zecusdt/1m/ZECUSDT-1m-2024-10.csv
futures/um/monthly/klines/zecusdt/1m/ZECUSDT-1m-2024-11.csv
futures/um/monthly/klines/zecusdt/1m/ZECUSDT-1m-2024-12.csv
futures/um/monthly/klines/zecusdt/1m/ZECUSDT-1m-2025-01.csv
futures/um/monthly/klines/zecusdt/1m/ZECUSDT-1m-2025-02.csv
futures/um/monthly/klines/zecusdt/1m/ZECUSDT-1m-2025-03.csv
futures/um/monthly/klines/zecusdt/1m/ZECUSDT-1m-2025-04.csv
futures/um/monthly/klines/zecusdt/1m/ZECUSDT-1m-2025-05.csv
futures/um/monthly/klines/zecusdt/1m/ZECUSDT-1m-2025-06.csv
futures/um/monthly/klines/zecusdt/1m/ZECUSDT-1m-2025-07.csv
futures/um/monthly/klines/zecusdt/1m/ZECUSDT-1m-2025-08.csv
futures/um/monthly/klines/zecusdt/1m/ZECUSDT-1m-2025-09.csv
futures/um/monthly/klines/zecusdt/1m/ZECUSDT-1m-2025-10.csv
futures/um/monthly/klines/zecusdt/1m/ZECUSDT-1m-2025-11.csv
futures/um/monthly/klines/zecusdt/1m/ZECUSDT-1m-2025-12.csv
futures/um/monthly/klines/zecusdt/1m/ZECUSDT-1m-2026-01.csv
futures/um/monthly/klines/zecusdt/1m/ZECUSDT-1m-2026-02.csv
futures/um/monthly/klines/zecusdt/1m/ZECUSDT-1m-2026-03.csv
futures/um/monthly/klines/zecusdt/1m/ZECUSDT-1m-2026-04.csv
futures/um/monthly/klines/zecusdt/1m/ZECUSDT-1m-2026-05.csv
futures/um/monthly/klines/zecusdt/1m/ZECUSDT-1m-2026-06.csv
futures/um/monthly/klines/zecusdt/1m/ZECUSDT-1m-2026-07.csv
futures/um/monthly/klines/zecusdt/1m/ZECUSDT-1m-2026-08.csv
futures/um/monthly/klines/zenusdt/1m/ZENUSDT-1m-2020-11.csv
futures/um/monthly/klines/zenusdt/1m/ZENUSDT-1m-2020-12.csv
futures/um/monthly/klines/zenusdt/1m/ZENUSDT-1m-2021-01.csv
futures/um/monthly/klines/zenusdt/1m/ZENUSDT-1m-2021-02.csv
futures/um/monthly/klines/zenusdt/1m/ZENUSDT-1m-2021-03.csv
futures/um/monthly/klines/zenusdt/1m/ZENUSDT-1m-2021-04.csv
futures/um/monthly/klines/zenusdt/1m/ZENUSDT-1m-2021-05.csv
futures/um/monthly/klines/zenusdt/1m/ZENUSDT-1m-2021-06.csv
futures/um/monthly/klines/zenusdt/1m/ZENUSDT-1m-2021-07.csv
futures/um/monthly/klines/zenusdt/1m/ZENUSDT-1m-2021-08.csv
futures/um/monthly/klines/zenusdt/1m/ZENUSDT-1m-2021-09.csv
futures/um/monthly/klines/zenusdt/1m/ZENUSDT-1m-2021-10.csv
futures/um/monthly/klines/zenusdt/1m/ZENUSDT-1m-2021-11.csv
futures/um/monthly/klines/zenusdt/1m/ZENUSDT-1m-2021-12.csv
futures/um/monthly/klines/zenusdt/1m/ZENUSDT-1m-2022-01.csv
futures/um/monthly/klines/zenusdt/1m/ZENUSDT-1m-2022-02.csv
futures/um/monthly/klines/zenusdt/1m/ZENUSDT-1m-2022-03.csv
futures/um/monthly/klines/zenusdt/1m/ZENUSDT-1m-2022-04.csv
futures/um/monthly/klines/zenusdt/1m/ZENUSDT-1m-2022-05.csv
futures/um/monthly/klines/zenusdt/1m/ZENUSDT-1m-2022-06.csv
futures/um/monthly/klines/zenusdt/1m/ZENUSDT-1m-2022-07.csv
futures/um/monthly/klines/zenusdt/1m/ZENUSDT-1m-2022-08.csv
futures/um/monthly/klines/zenusdt/1m/ZENUSDT-1m-2022-09.csv
futures/um/monthly/klines/zenusdt/1m/ZENUSDT-1m-2022-10.csv
futures/um/monthly/klines/zenusdt/1m/ZENUSDT-1m-2022-11.csv
futures/um/monthly/klines/zenusdt/1m/ZENUSDT-1m-2022-12.csv
futures/um/monthly/klines/zenusdt/1m/ZENUSDT-1m-2023-01.csv
futures/um/monthly/klines/zenusdt/1m/ZENUSDT-1m-2023-02.csv
futures/um/monthly/klines/zenusdt/1m/ZENUSDT-1m-2023-03.csv
futures/um/monthly/klines/zenusdt/1m/ZENUSDT-1m-2023-04.csv
futures/um/monthly/klines/zenusdt/1m/ZENUSDT-1m-2023-05.csv
futures/um/monthly/klines/zenusdt/1m/ZENUSDT-1m-2023-06.csv
futures/um/monthly/klines/zenusdt/1m/ZENUSDT-1m-2023-07.csv
futures/um/monthly/klines/zenusdt/1m/ZENUSDT-1m-2023-08.csv
futures/um/monthly/klines/zenusdt/1m/ZENUSDT-1m-2023-09.csv
futures/um/monthly/klines/zenusdt/1m/ZENUSDT-1m-2023-10.csv
futures/um/monthly/klines/zenusdt/1m/ZENUSDT-1m-2023-11.csv
futures/um/monthly/klines/zenusdt/1m/ZENUSDT-1m-2023-12.csv
futures/um/monthly/klines/zenusdt/1m/ZENUSDT-1m-2024-01.csv
futures/um/monthly/klines/zenusdt/1m/ZENUSDT-1m-2024-02.csv
futures/um/monthly/klines/zenusdt/1m/ZENUSDT-1m-2024-03.csv
futures/um/monthly/klines/zenusdt/1m/ZENUSDT-1m-2024-04.csv
futures/um/monthly/klines/zenusdt/1m/ZENUSDT-1m-2024-05.csv
futures/um/monthly/klines/zenusdt/1m/ZENUSDT-1m-2024-06.csv
futures/um/monthly/klines/zenusdt/1m/ZENUSDT-1m-2024-07.csv
futures/um/monthly/klines/zenusdt/1m/ZENUSDT-1m-2024-08.csv
futures/um/monthly/klines/zenusdt/1m/ZENUSDT-1m-2024-09.csv
futures/um/monthly/klines/zenusdt/1m/ZENUSDT-1m-2024-10.csv
futures/um/monthly/klines/zenusdt/1m/ZENUSDT-1m-2024-11.csv
futures/um/monthly/klines/zenusdt/1m/ZENUSDT-1m-2024-12.csv
futures/um/monthly/klines/zenusdt/1m/ZENUSDT-1m-2025-01.csv
futures/um/monthly/klines/zenusdt/1m/ZENUSDT-1m-2025-02.csv
futures/um/monthly/klines/zenusdt/1m/ZENUSDT-1m-2025-03.csv
futures/um/monthly/klines/zenusdt/1m/ZENUSDT-1m-2025-04.csv
futures/um/monthly/klines/zenusdt/1m/ZENUSDT-1m-2025-05.csv
futures/um/monthly/klines/zenusdt/1m/ZENUSDT-1m-2025-06.csv
futures/um/monthly/klines/zenusdt/1m/ZENUSDT-1m-2025-07.csv
futures/um/monthly/klines/zenusdt/1m/ZENUSDT-1m-2025-08.csv
futures/um/monthly/klines/zenusdt/1m/ZENUSDT-1m-2025-09.csv
futures/um/monthly/klines/zenusdt/1m/ZENUSDT-1m-2025-10.csv
futures/um/monthly/klines/zenusdt/1m/ZENUSDT-1m-2025-11.csv
futures/um/monthly/klines/zenusdt/1m/ZENUSDT-1m-2025-12.csv
futures/um/monthly/klines/zenusdt/1m/ZENUSDT-1m-2026-01.csv
futures/um/monthly/klines/zenusdt/1m/ZENUSDT-1m-2026-02.csv
futures/um/monthly/klines/zenusdt/1m/ZENUSDT-1m-2026-03.csv
futures/um/monthly/klines/zenusdt/1m/ZENUSDT-1m-2026-04.csv
futures/um/monthly/klines/zenusdt/1m/ZENUSDT-1m-2026-05.csv
futures/um/monthly/klines/zenusdt/1m/ZENUSDT-1m-2026-06.csv
futures/um/monthly/klines/zenusdt/1m/ZENUSDT-1m-2026-07.csv
futures/um/monthly/klines/zenusdt/1m/ZENUSDT-1m-2026-08.csv
futures/um/monthly/klines/zerebrousdt/1m/ZEREBROUSDT-1m-2025-01.csv
futures/um/monthly/klines/zerebrousdt/1m/ZEREBROUSDT-1m-2025-02.csv
futures/um/monthly/klines/zerebrousdt/1m/ZEREBROUSDT-1m-2025-03.csv
futures/um/monthly/klines/zerebrousdt/1m/ZEREBROUSDT-1m-2025-04.csv
futures/um/monthly/klines/zerebrousdt/1m/ZEREBROUSDT-1m-2025-05.csv
futures/um/monthly/klines/zerebrousdt/1m/ZEREBROUSDT-1m-2025-06.csv
futures/um/monthly/klines/zerebrousdt/1m/ZEREBROUSDT-1m-2025-07.csv
futures/um/monthly/klines/zerebrousdt/1m/ZEREBROUSDT-1m-2025-08.csv
futures/um/monthly/klines/zerebrousdt/1m/ZEREBROUSDT-1m-2025-09.csv
futures/um/monthly/klines/zerebrousdt/1m/ZEREBROUSDT-1m-2025-10.csv
futures/um/monthly/klines/zerebrousdt/1m/ZEREBROUSDT-1m-2025-11.csv
futures/um/monthly/klines/zerebrousdt/1m/ZEREBROUSDT-1m-2025-12.csv
futures/um/monthly/klines/zerebrousdt/1m/ZEREBROUSDT-1m-2026-01.csv
futures/um/monthly/klines/zerebrousdt/1m/ZEREBROUSDT-1m-2026-02.csv
futures/um/monthly/klines/zerebrousdt/1m/ZEREBROUSDT-1m-2026-03.csv
futures/um/monthly/klines/zerebrousdt/1m/ZEREBROUSDT-1m-2026-04.csv
futures/um/monthly/klines/zerebrousdt/1m/ZEREBROUSDT-1m-2026-05.csv
futures/um/monthly/klines/zerebrousdt/1m/ZEREBROUSDT-1m-2026-06.csv
futures/um/monthly/klines/zerebrousdt/1m/ZEREBROUSDT-1m-2026-07.csv
futures/um/monthly/klines/zerebrousdt/1m/ZEREBROUSDT-1m-2026-08.csv
futures/um/monthly/klines/zestusdt/1m/ZESTUSDT-1m-2026-06.csv
futures/um/monthly/klines/zestusdt/1m/ZESTUSDT-1m-2026-07.csv
futures/um/monthly/klines/zestusdt/1m/ZESTUSDT-1m-2026-08.csv
futures/um/monthly/klines/zetausdt/1m/ZETAUSDT-1m-2024-02.csv
futures/um/monthly/klines/zetausdt/1m/ZETAUSDT-1m-2024-03.csv
futures/um/monthly/klines/zetausdt/1m/ZETAUSDT-1m-2024-04.csv
futures/um/monthly/klines/zetausdt/1m/ZETAUSDT-1m-2024-05.csv
futures/um/monthly/klines/zetausdt/1m/ZETAUSDT-1m-2024-06.csv
futures/um/monthly/klines/zetausdt/1m/ZETAUSDT-1m-2024-07.csv
futures/um/monthly/klines/zetausdt/1m/ZETAUSDT-1m-2024-08.csv
futures/um/monthly/klines/zetausdt/1m/ZETAUSDT-1m-2024-09.csv
futures/um/monthly/klines/zetausdt/1m/ZETAUSDT-1m-2024-10.csv
futures/um/monthly/klines/zetausdt/1m/ZETAUSDT-1m-2024-11.csv
futures/um/monthly/klines/zetausdt/1m/ZETAUSDT-1m-2024-12.csv
futures/um/monthly/klines/zetausdt/1m/ZETAUSDT-1m-2025-01.csv
futures/um/monthly/klines/zetausdt/1m/ZETAUSDT-1m-2025-02.csv
futures/um/monthly/klines/zetausdt/1m/ZETAUSDT-1m-2025-03.csv
futures/um/monthly/klines/zetausdt/1m/ZETAUSDT-1m-2025-04.csv
futures/um/monthly/klines/zetausdt/1m/ZETAUSDT-1m-2025-05.csv
futures/um/monthly/klines/zetausdt/1m/ZETAUSDT-1m-2025-06.csv
futures/um/monthly/klines/zetausdt/1m/ZETAUSDT-1m-2025-07.csv
futures/um/monthly/klines/zetausdt/1m/ZETAUSDT-1m-2025-08.csv
futures/um/monthly/klines/zetausdt/1m/ZETAUSDT-1m-2025-09.csv
futures/um/monthly/klines/zetausdt/1m/ZETAUSDT-1m-2025-10.csv
futures/um/monthly/klines/zetausdt/1m/ZETAUSDT-1m-2025-11.csv
futures/um/monthly/klines/zetausdt/1m/ZETAUSDT-1m-2025-12.csv
futures/um/monthly/klines/zetausdt/1m/ZETAUSDT-1m-2026-01.csv
futures/um/monthly/klines/zetausdt/1m/ZETAUSDT-1m-2026-02.csv
futures/um/monthly/klines/zetausdt/1m/ZETAUSDT-1m-2026-03.csv
futures/um/monthly/klines/zetausdt/1m/ZETAUSDT-1m-2026-04.csv
futures/um/monthly/klines/zetausdt/1m/ZETAUSDT-1m-2026-05.csv
futures/um/monthly/klines/zetausdt/1m/ZETAUSDT-1m-2026-06.csv
futures/um/monthly/klines/zetausdt/1m/ZETAUSDT-1m-2026-07.csv
futures/um/monthly/klines/zetausdt/1m/ZETAUSDT-1m-2026-08.csv
futures/um/monthly/klines/zilusdt/1m/ZILUSDT-1m-2020-06.csv
futures/um/monthly/klines/zilusdt/1m/ZILUSDT-1m-2020-07.csv
futures/um/monthly/klines/zilusdt/1m/ZILUSDT-1m-2020-08.csv
futures/um/monthly/klines/zilusdt/1m/ZILUSDT-1m-2020-09.csv
futures/um/monthly/klines/zilusdt/1m/ZILUSDT-1m-2020-10.csv
futures/um/monthly/klines/zilusdt/1m/ZILUSDT-1m-2020-11.csv
futures/um/monthly/klines/zilusdt/1m/ZILUSDT-1m-2020-12.csv
futures/um/monthly/klines/zilusdt/1m/ZILUSDT-1m-2021-01.csv
futures/um/monthly/klines/zilusdt/1m/ZILUSDT-1m-2021-02.csv
futures/um/monthly/klines/zilusdt/1m/ZILUSDT-1m-2021-03.csv
futures/um/monthly/klines/zilusdt/1m/ZILUSDT-1m-2021-04.csv
futures/um/monthly/klines/zilusdt/1m/ZILUSDT-1m-2021-05.csv
futures/um/monthly/klines/zilusdt/1m/ZILUSDT-1m-2021-06.csv
futures/um/monthly/klines/zilusdt/1m/ZILUSDT-1m-2021-07.csv
futures/um/monthly/klines/zilusdt/1m/ZILUSDT-1m-2021-08.csv
futures/um/monthly/klines/zilusdt/1m/ZILUSDT-1m-2021-09.csv
futures/um/monthly/klines/zilusdt/1m/ZILUSDT-1m-2021-10.csv
futures/um/monthly/klines/zilusdt/1m/ZILUSDT-1m-2021-11.csv
futures/um/monthly/klines/zilusdt/1m/ZILUSDT-1m-2021-12.csv
futures/um/monthly/klines/zilusdt/1m/ZILUSDT-1m-2022-01.csv
futures/um/monthly/klines/zilusdt/1m/ZILUSDT-1m-2022-02.csv
futures/um/monthly/klines/zilusdt/1m/ZILUSDT-1m-2022-03.csv
futures/um/monthly/klines/zilusdt/1m/ZILUSDT-1m-2022-04.csv
futures/um/monthly/klines/zilusdt/1m/ZILUSDT-1m-2022-05.csv
futures/um/monthly/klines/zilusdt/1m/ZILUSDT-1m-2022-06.csv
futures/um/monthly/klines/zilusdt/1m/ZILUSDT-1m-2022-07.csv
futures/um/monthly/klines/zilusdt/1m/ZILUSDT-1m-2022-08.csv
futures/um/monthly/klines/zilusdt/1m/ZILUSDT-1m-2022-09.csv
futures/um/monthly/klines/zilusdt/1m/ZILUSDT-1m-2022-10.csv
futures/um/monthly/klines/zilusdt/1m/ZILUSDT-1m-2022-11.csv
futures/um/monthly/klines/zilusdt/1m/ZILUSDT-1m-2022-12.csv
futures/um/monthly/klines/zilusdt/1m/ZILUSDT-1m-2023-01.csv
futures/um/monthly/klines/zilusdt/1m/ZILUSDT-1m-2023-02.csv
futures/um/monthly/klines/zilusdt/1m/ZILUSDT-1m-2023-03.csv
futures/um/monthly/klines/zilusdt/1m/ZILUSDT-1m-2023-04.csv
futures/um/monthly/klines/zilusdt/1m/ZILUSDT-1m-2023-05.csv
futures/um/monthly/klines/zilusdt/1m/ZILUSDT-1m-2023-06.csv
futures/um/monthly/klines/zilusdt/1m/ZILUSDT-1m-2023-07.csv
futures/um/monthly/klines/zilusdt/1m/ZILUSDT-1m-2023-08.csv
futures/um/monthly/klines/zilusdt/1m/ZILUSDT-1m-2023-09.csv
futures/um/monthly/klines/zilusdt/1m/ZILUSDT-1m-2023-10.csv
futures/um/monthly/klines/zilusdt/1m/ZILUSDT-1m-2023-11.csv
futures/um/monthly/klines/zilusdt/1m/ZILUSDT-1m-2023-12.csv
futures/um/monthly/klines/zilusdt/1m/ZILUSDT-1m-2024-01.csv
futures/um/monthly/klines/zilusdt/1m/ZILUSDT-1m-2024-02.csv
futures/um/monthly/klines/zilusdt/1m/ZILUSDT-1m-2024-03.csv
futures/um/monthly/klines/zilusdt/1m/ZILUSDT-1m-2024-04.csv
futures/um/monthly/klines/zilusdt/1m/ZILUSDT-1m-2024-05.csv
futures/um/monthly/klines/zilusdt/1m/ZILUSDT-1m-2024-06.csv
futures/um/monthly/klines/zilusdt/1m/ZILUSDT-1m-2024-07.csv
futures/um/monthly/klines/zilusdt/1m/ZILUSDT-1m-2024-08.csv
futures/um/monthly/klines/zilusdt/1m/ZILUSDT-1m-2024-09.csv
futures/um/monthly/klines/zilusdt/1m/ZILUSDT-1m-2024-10.csv
futures/um/monthly/klines/zilusdt/1m/ZILUSDT-1m-2024-11.csv
futures/um/monthly/klines/zilusdt/1m/ZILUSDT-1m-2024-12.csv
futures/um/monthly/klines/zilusdt/1m/ZILUSDT-1m-2025-01.csv
futures/um/monthly/klines/zilusdt/1m/ZILUSDT-1m-2025-02.csv
futures/um/monthly/klines/zilusdt/1m/ZILUSDT-1m-2025-03.csv
futures/um/monthly/klines/zilusdt/1m/ZILUSDT-1m-2025-04.csv
futures/um/monthly/klines/zilusdt/1m/ZILUSDT-1m-2025-05.csv
futures/um/monthly/klines/zilusdt/1m/ZILUSDT-1m-2025-06.csv
futures/um/monthly/klines/zilusdt/1m/ZILUSDT-1m-2025-07.csv
futures/um/monthly/klines/zilusdt/1m/ZILUSDT-1m-2025-08.csv
futures/um/monthly/klines/zilusdt/1m/ZILUSDT-1m-2025-09.csv
futures/um/monthly/klines/zilusdt/1m/ZILUSDT-1m-2025-10.csv
futures/um/monthly/klines/zilusdt/1m/ZILUSDT-1m-2025-11.csv
futures/um/monthly/klines/zilusdt/1m/ZILUSDT-1m-2025-12.csv
futures/um/monthly/klines/zilusdt/1m/ZILUSDT-1m-2026-01.csv
futures/um/monthly/klines/zilusdt/1m/ZILUSDT-1m-2026-02.csv
futures/um/monthly/klines/zilusdt/1m/ZILUSDT-1m-2026-03.csv
futures/um/monthly/klines/zilusdt/1m/ZILUSDT-1m-2026-04.csv
futures/um/monthly/klines/zilusdt/1m/ZILUSDT-1m-2026-05.csv
futures/um/monthly/klines/zilusdt/1m/ZILUSDT-1m-2026-06.csv
futures/um/monthly/klines/zilusdt/1m/ZILUSDT-1m-2026-07.csv
futures/um/monthly/klines/zilusdt/1m/ZILUSDT-1m-2026-08.csv
futures/um/monthly/klines/zkcusdt/1m/ZKCUSDT-1m-2025-09.csv
futures/um/monthly/klines/zkcusdt/1m/ZKCUSDT-1m-2025-10.csv
futures/um/monthly/klines/zkcusdt/1m/ZKCUSDT-1m-2025-11.csv
futures/um/monthly/klines/zkcusdt/1m/ZKCUSDT-1m-2025-12.csv
futures/um/monthly/klines/zkcusdt/1m/ZKCUSDT-1m-2026-01.csv
futures/um/monthly/klines/zkcusdt/1m/ZKCUSDT-1m-2026-02.csv
futures/um/monthly/klines/zkcusdt/1m/ZKCUSDT-1m-2026-03.csv
futures/um/monthly/klines/zkcusdt/1m/ZKCUSDT-1m-2026-04.csv
futures/um/monthly/klines/zkcusdt/1m/ZKCUSDT-1m-2026-05.csv
futures/um/monthly/klines/zkcusdt/1m/ZKCUSDT-1m-2026-06.csv
futures/um/monthly/klines/zkcusdt/1m/ZKCUSDT-1m-2026-07.csv
futures/um/monthly/klines/zkcusdt/1m/ZKCUSDT-1m-2026-08.csv
futures/um/monthly/klines/zkpusdt/1m/ZKPUSDT-1m-2025-12.csv
futures/um/monthly/klines/zkpusdt/1m/ZKPUSDT-1m-2026-01.csv
futures/um/monthly/klines/zkpusdt/1m/ZKPUSDT-1m-2026-02.csv
futures/um/monthly/klines/zkpusdt/1m/ZKPUSDT-1m-2026-03.csv
futures/um/monthly/klines/zkpusdt/1m/ZKPUSDT-1m-2026-04.csv
futures/um/monthly/klines/zkpusdt/1m/ZKPUSDT-1m-2026-05.csv
futures/um/monthly/klines/zkpusdt/1m/ZKPUSDT-1m-2026-06.csv
futures/um/monthly/klines/zkpusdt/1m/ZKPUSDT-1m-2026-07.csv
futures/um/monthly/klines/zkpusdt/1m/ZKPUSDT-1m-2026-08.csv
futures/um/monthly/klines/zkusdt/1m/ZKUSDT-1m-2024-06.csv
futures/um/monthly/klines/zkusdt/1m/ZKUSDT-1m-2024-07.csv
futures/um/monthly/klines/zkusdt/1m/ZKUSDT-1m-2024-08.csv
futures/um/monthly/klines/zkusdt/1m/ZKUSDT-1m-2024-09.csv
futures/um/monthly/klines/zkusdt/1m/ZKUSDT-1m-2024-10.csv
futures/um/monthly/klines/zkusdt/1m/ZKUSDT-1m-2024-11.csv
futures/um/monthly/klines/zkusdt/1m/ZKUSDT-1m-2024-12.csv
futures/um/monthly/klines/zkusdt/1m/ZKUSDT-1m-2025-01.csv
futures/um/monthly/klines/zkusdt/1m/ZKUSDT-1m-2025-02.csv
futures/um/monthly/klines/zkusdt/1m/ZKUSDT-1m-2025-03.csv
futures/um/monthly/klines/zkusdt/1m/ZKUSDT-1m-2025-04.csv
futures/um/monthly/klines/zkusdt/1m/ZKUSDT-1m-2025-05.csv
futures/um/monthly/klines/zkusdt/1m/ZKUSDT-1m-2025-06.csv
futures/um/monthly/klines/zkusdt/1m/ZKUSDT-1m-2025-07.csv
futures/um/monthly/klines/zkusdt/1m/ZKUSDT-1m-2025-08.csv
futures/um/monthly/klines/zkusdt/1m/ZKUSDT-1m-2025-09.csv
futures/um/monthly/klines/zkusdt/1m/ZKUSDT-1m-2025-10.csv
futures/um/monthly/klines/zkusdt/1m/ZKUSDT-1m-2025-11.csv
futures/um/monthly/klines/zkusdt/1m/ZKUSDT-1m-2025-12.csv
futures/um/monthly/klines/zkusdt/1m/ZKUSDT-1m-2026-01.csv
futures/um/monthly/klines/zkusdt/1m/ZKUSDT-1m-2026-02.csv
futures/um/monthly/klines/zkusdt/1m/ZKUSDT-1m-2026-03.csv
futures/um/monthly/klines/zkusdt/1m/ZKUSDT-1m-2026-04.csv
futures/um/monthly/klines/zkusdt/1m/ZKUSDT-1m-2026-05.csv
futures/um/monthly/klines/zkusdt/1m/ZKUSDT-1m-2026-06.csv
futures/um/monthly/klines/zkusdt/1m/ZKUSDT-1m-2026-07.csv
futures/um/monthly/klines/zkusdt/1m/ZKUSDT-1m-2026-08.csv
futures/um/monthly/klines/zorausdt/1m/ZORAUSDT-1m-2025-07.csv
futures/um/monthly/klines/zorausdt/1m/ZORAUSDT-1m-2025-08.csv
futures/um/monthly/klines/zorausdt/1m/ZORAUSDT-1m-2025-09.csv
futures/um/monthly/klines/zorausdt/1m/ZORAUSDT-1m-2025-10.csv
futures/um/monthly/klines/zorausdt/1m/ZORAUSDT-1m-2025-11.csv
futures/um/monthly/klines/zorausdt/1m/ZORAUSDT-1m-2025-12.csv
futures/um/monthly/klines/zorausdt/1m/ZORAUSDT-1m-2026-01.csv
futures/um/monthly/klines/zorausdt/1m/ZORAUSDT-1m-2026-02.csv
futures/um/monthly/klines/zorausdt/1m/ZORAUSDT-1m-2026-03.csv
futures/um/monthly/klines/zorausdt/1m/ZORAUSDT-1m-2026-04.csv
futures/um/monthly/klines/zorausdt/1m/ZORAUSDT-1m-2026-05.csv
futures/um/monthly/klines/zorausdt/1m/ZORAUSDT-1m-2026-06.csv
futures/um/monthly/klines/zorausdt/1m/ZORAUSDT-1m-2026-07.csv
futures/um/monthly/klines/zorausdt/1m/ZORAUSDT-1m-2026-08.csv
futures/um/monthly/klines/zrousdt/1m/ZROUSDT-1m-2024-06.csv
futures/um/monthly/klines/zrousdt/1m/ZROUSDT-1m-2024-07.csv
futures/um/monthly/klines/zrousdt/1m/ZROUSDT-1m-2024-08.csv
futures/um/monthly/klines/zrousdt/1m/ZROUSDT-1m-2024-09.csv
futures/um/monthly/klines/zrousdt/1m/ZROUSDT-1m-2024-10.csv
futures/um/monthly/klines/zrousdt/1m/ZROUSDT-1m-2024-11.csv
futures/um/monthly/klines/zrousdt/1m/ZROUSDT-1m-2024-12.csv
futures/um/monthly/klines/zrousdt/1m/ZROUSDT-1m-2025-01.csv
futures/um/monthly/klines/zrousdt/1m/ZROUSDT-1m-2025-02.csv
futures/um/monthly/klines/zrousdt/1m/ZROUSDT-1m-2025-03.csv
futures/um/monthly/klines/zrousdt/1m/ZROUSDT-1m-2025-04.csv
futures/um/monthly/klines/zrousdt/1m/ZROUSDT-1m-2025-05.csv
futures/um/monthly/klines/zrousdt/1m/ZROUSDT-1m-2025-06.csv
futures/um/monthly/klines/zrousdt/1m/ZROUSDT-1m-2025-07.csv
futures/um/monthly/klines/zrousdt/1m/ZROUSDT-1m-2025-08.csv
futures/um/monthly/klines/zrousdt/1m/ZROUSDT-1m-2025-09.csv
futures/um/monthly/klines/zrousdt/1m/ZROUSDT-1m-2025-10.csv
futures/um/monthly/klines/zrousdt/1m/ZROUSDT-1m-2025-11.csv
futures/um/monthly/klines/zrousdt/1m/ZROUSDT-1m-2025-12.csv
futures/um/monthly/klines/zrousdt/1m/ZROUSDT-1m-2026-01.csv
futures/um/monthly/klines/zrousdt/1m/ZROUSDT-1m-2026-02.csv
futures/um/monthly/klines/zrousdt/1m/ZROUSDT-1m-2026-03.csv
futures/um/monthly/klines/zrousdt/1m/ZROUSDT-1m-2026-04.csv
futures/um/monthly/klines/zrousdt/1m/ZROUSDT-1m-2026-05.csv
futures/um/monthly/klines/zrousdt/1m/ZROUSDT-1m-2026-06.csv
futures/um/monthly/klines/zrousdt/1m/ZROUSDT-1m-2026-07.csv
futures/um/monthly/klines/zrousdt/1m/ZROUSDT-1m-2026-08.csv
futures/um/monthly/klines/zrxusdt/1m/ZRXUSDT-1m-2020-06.csv
futures/um/monthly/klines/zrxusdt/1m/ZRXUSDT-1m-2020-07.csv
futures/um/monthly/klines/zrxusdt/1m/ZRXUSDT-1m-2020-08.csv
futures/um/monthly/klines/zrxusdt/1m/ZRXUSDT-1m-2020-09.csv
futures/um/monthly/klines/zrxusdt/1m/ZRXUSDT-1m-2020-10.csv
futures/um/monthly/klines/zrxusdt/1m/ZRXUSDT-1m-2020-11.csv
futures/um/monthly/klines/zrxusdt/1m/ZRXUSDT-1m-2020-12.csv
futures/um/monthly/klines/zrxusdt/1m/ZRXUSDT-1m-2021-01.csv
futures/um/monthly/klines/zrxusdt/1m/ZRXUSDT-1m-2021-02.csv
futures/um/monthly/klines/zrxusdt/1m/ZRXUSDT-1m-2021-03.csv
futures/um/monthly/klines/zrxusdt/1m/ZRXUSDT-1m-2021-04.csv
futures/um/monthly/klines/zrxusdt/1m/ZRXUSDT-1m-2021-05.csv
futures/um/monthly/klines/zrxusdt/1m/ZRXUSDT-1m-2021-06.csv
futures/um/monthly/klines/zrxusdt/1m/ZRXUSDT-1m-2021-07.csv
futures/um/monthly/klines/zrxusdt/1m/ZRXUSDT-1m-2021-08.csv
futures/um/monthly/klines/zrxusdt/1m/ZRXUSDT-1m-2021-09.csv
futures/um/monthly/klines/zrxusdt/1m/ZRXUSDT-1m-2021-10.csv
futures/um/monthly/klines/zrxusdt/1m/ZRXUSDT-1m-2021-11.csv
futures/um/monthly/klines/zrxusdt/1m/ZRXUSDT-1m-2021-12.csv
futures/um/monthly/klines/zrxusdt/1m/ZRXUSDT-1m-2022-01.csv
futures/um/monthly/klines/zrxusdt/1m/ZRXUSDT-1m-2022-02.csv
futures/um/monthly/klines/zrxusdt/1m/ZRXUSDT-1m-2022-03.csv
futures/um/monthly/klines/zrxusdt/1m/ZRXUSDT-1m-2022-04.csv
futures/um/monthly/klines/zrxusdt/1m/ZRXUSDT-1m-2022-05.csv
futures/um/monthly/klines/zrxusdt/1m/ZRXUSDT-1m-2022-06.csv
futures/um/monthly/klines/zrxusdt/1m/ZRXUSDT-1m-2022-07.csv
futures/um/monthly/klines/zrxusdt/1m/ZRXUSDT-1m-2022-08.csv
futures/um/monthly/klines/zrxusdt/1m/ZRXUSDT-1m-2022-09.csv
futures/um/monthly/klines/zrxusdt/1m/ZRXUSDT-1m-2022-10.csv
futures/um/monthly/klines/zrxusdt/1m/ZRXUSDT-1m-2022-11.csv
futures/um/monthly/klines/zrxusdt/1m/ZRXUSDT-1m-2022-12.csv
futures/um/monthly/klines/zrxusdt/1m/ZRXUSDT-1m-2023-01.csv
futures/um/monthly/klines/zrxusdt/1m/ZRXUSDT-1m-2023-02.csv
futures/um/monthly/klines/zrxusdt/1m/ZRXUSDT-1m-2023-03.csv
futures/um/monthly/klines/zrxusdt/1m/ZRXUSDT-1m-2023-04.csv
futures/um/monthly/klines/zrxusdt/1m/ZRXUSDT-1m-2023-05.csv
futures/um/monthly/klines/zrxusdt/1m/ZRXUSDT-1m-2023-06.csv
futures/um/monthly/klines/zrxusdt/1m/ZRXUSDT-1m-2023-07.csv
futures/um/monthly/klines/zrxusdt/1m/ZRXUSDT-1m-2023-08.csv
futures/um/monthly/klines/zrxusdt/1m/ZRXUSDT-1m-2023-09.csv
futures/um/monthly/klines/zrxusdt/1m/ZRXUSDT-1m-2023-10.csv
futures/um/monthly/klines/zrxusdt/1m/ZRXUSDT-1m-2023-11.csv
futures/um/monthly/klines/zrxusdt/1m/ZRXUSDT-1m-2023-12.csv
futures/um/monthly/klines/zrxusdt/1m/ZRXUSDT-1m-2024-01.csv
futures/um/monthly/klines/zrxusdt/1m/ZRXUSDT-1m-2024-02.csv
futures/um/monthly/klines/zrxusdt/1m/ZRXUSDT-1m-2024-03.csv
futures/um/monthly/klines/zrxusdt/1m/ZRXUSDT-1m-2024-04.csv
futures/um/monthly/klines/zrxusdt/1m/ZRXUSDT-1m-2024-05.csv
futures/um/monthly/klines/zrxusdt/1m/ZRXUSDT-1m-2024-06.csv
futures/um/monthly/klines/zrxusdt/1m/ZRXUSDT-1m-2024-07.csv
futures/um/monthly/klines/zrxusdt/1m/ZRXUSDT-1m-2024-08.csv
futures/um/monthly/klines/zrxusdt/1m/ZRXUSDT-1m-2024-09.csv
futures/um/monthly/klines/zrxusdt/1m/ZRXUSDT-1m-2024-10.csv
futures/um/monthly/klines/zrxusdt/1m/ZRXUSDT-1m-2024-11.csv
futures/um/monthly/klines/zrxusdt/1m/ZRXUSDT-1m-2024-12.csv
futures/um/monthly/klines/zrxusdt/1m/ZRXUSDT-1m-2025-01.csv
futures/um/monthly/klines/zrxusdt/1m/ZRXUSDT-1m-2025-02.csv
futures/um/monthly/klines/zrxusdt/1m/ZRXUSDT-1m-2025-03.csv
futures/um/monthly/klines/zrxusdt/1m/ZRXUSDT-1m-2025-04.csv
futures/um/monthly/klines/zrxusdt/1m/ZRXUSDT-1m-2025-05.csv
futures/um/monthly/klines/zrxusdt/1m/ZRXUSDT-1m-2025-06.csv
futures/um/monthly/klines/zrxusdt/1m/ZRXUSDT-1m-2025-07.csv
futures/um/monthly/klines/zrxusdt/1m/ZRXUSDT-1m-2025-08.csv
futures/um/monthly/klines/zrxusdt/1m/ZRXUSDT-1m-2025-09.csv
futures/um/monthly/klines/zrxusdt/1m/ZRXUSDT-1m-2025-10.csv
futures/um/monthly/klines/zrxusdt/1m/ZRXUSDT-1m-2025-11.csv
futures/um/monthly/klines/zrxusdt/1m/ZRXUSDT-1m-2025-12.csv
futures/um/monthly/klines/zrxusdt/1m/ZRXUSDT-1m-2026-01.csv
futures/um/monthly/klines/zrxusdt/1m/ZRXUSDT-1m-2026-02.csv
futures/um/monthly/klines/zrxusdt/1m/ZRXUSDT-1m-2026-03.csv
futures/um/monthly/klines/zrxusdt/1m/ZRXUSDT-1m-2026-04.csv
futures/um/monthly/klines/zrxusdt/1m/ZRXUSDT-1m-2026-05.csv
futures/um/monthly/klines/zrxusdt/1m/ZRXUSDT-1m-2026-06.csv
futures/um/monthly/klines/zrxusdt/1m/ZRXUSDT-1m-2026-07.csv
futures/um/monthly/klines/zrxusdt/1m/ZRXUSDT-1m-2026-08.csv
futures/um/monthly/klines/币安人生usdt/1m/币安人生USDT-1m-2025-10.csv
futures/um/monthly/klines/币安人生usdt/1m/币安人生USDT-1m-2025-11.csv
futures/um/monthly/klines/币安人生usdt/1m/币安人生USDT-1m-2025-12.csv
futures/um/monthly/klines/币安人生usdt/1m/币安人生USDT-1m-2026-01.csv
futures/um/monthly/klines/币安人生usdt/1m/币安人生USDT-1m-2026-02.csv
futures/um/monthly/klines/币安人生usdt/1m/币安人生USDT-1m-2026-03.csv
futures/um/monthly/klines/币安人生usdt/1m/币安人生USDT-1m-2026-04.csv
futures/um/monthly/klines/币安人生usdt/1m/币安人生USDT-1m-2026-05.csv
futures/um/monthly/klines/币安人生usdt/1m/币安人生USDT-1m-2026-06.csv
futures/um/monthly/klines/币安人生usdt/1m/币安人生USDT-1m-2026-07.csv
futures/um/monthly/klines/币安人生usdt/1m/币安人生USDT-1m-2026-08.csv
futures/um/monthly/klines/我踏马来了usdt/1m/我踏马来了USDT-1m-2026-01.csv
futures/um/monthly/klines/我踏马来了usdt/1m/我踏马来了USDT-1m-2026-02.csv
futures/um/monthly/klines/我踏马来了usdt/1m/我踏马来了USDT-1m-2026-03.csv
futures/um/monthly/klines/我踏马来了usdt/1m/我踏马来了USDT-1m-2026-04.csv
futures/um/monthly/klines/我踏马来了usdt/1m/我踏马来了USDT-1m-2026-05.csv
futures/um/monthly/klines/我踏马来了usdt/1m/我踏马来了USDT-1m-2026-06.csv
futures/um/monthly/klines/我踏马来了usdt/1m/我踏马来了USDT-1m-2026-07.csv
futures/um/monthly/klines/我踏马来了usdt/1m/我踏马来了USDT-1m-2026-08.csv
futures/um/monthly/klines/牛来usdt/1m/牛来USDT-1m-2026-08.csv
futures/um/monthly/klines/龙虾usdt/1m/龙虾USDT-1m-2026-03.csv
futures/um/monthly/klines/龙虾usdt/1m/龙虾USDT-1m-2026-04.csv
futures/um/monthly/klines/龙虾usdt/1m/龙虾USDT-1m-2026-05.csv
futures/um/monthly/klines/龙虾usdt/1m/龙虾USDT-1m-2026-06.csv
futures/um/monthly/klines/龙虾usdt/1m/龙虾USDT-1m-2026-07.csv
futures/um/monthly/klines/龙虾usdt/1m/龙虾USDT-1m-2026-08.csv
